claim_id,policy_id,customer_age,state,policy_type,claim_type,claim_date,reported_date,claim_amount,approved_amount,claim_status,processing_days,fraud_flag
CLM000001,POL741709,84,MD,Auto,Glass Damage,2026-02-04,2026-02-06,39196.49,0.0,Pending,,False
CLM000002,POL455164,84,MD,Auto,Weather Damage,2026-04-14,2026-04-14,15700.32,11269.29,Approved,5.0,False
CLM000003,POL919174,48,NY,Home,Water Damage,2026-08-22,2026-08-29,22317.75,20373.87,Approved,21.0,False
CLM000004,POL508874,58,VA,Home,Theft,2025-10-03,2025-10-08,25527.62,19824.03,Approved,22.0,False
CLM000005,POL501698,28,MD,Home,Fire,2026-01-05,2026-01-08,31244.65,29678.64,Approved,5.0,False
CLM000006,POL480280,50,MI,Life,Life Benefit,2026-01-30,2026-02-01,30578.38,29680.68,Approved,9.0,False
CLM000007,POL255827,42,MD,Life,Life Benefit,2026-05-18,2026-05-18,33745.69,30631.45,Approved,9.0,False
CLM000008,POL585346,50,NY,Home,Fire,2026-01-10,2026-01-16,46329.65,0.0,Denied,13.0,False
CLM000009,POL741704,49,IL,Life,Life Benefit,2026-01-26,2026-01-27,2054.85,0.0,Denied,17.0,False
CLM000010,POL732122,70,MI,Home,Theft,2025-12-10,2025-12-10,29514.13,28988.4,Approved,6.0,False
CLM000011,POL409910,31,MI,Auto,Collision,2026-01-29,2026-01-31,43139.58,41379.23,Approved,17.0,False
CLM000012,POL726795,32,CT,Home,Water Damage,2026-04-09,2026-04-12,12657.81,0.0,Pending,,False
CLM000013,POL198389,36,IL,Home,Theft,2026-03-12,2026-03-13,20494.76,0.0,Denied,6.0,False
CLM000014,POL258135,30,MI,Life,Life Benefit,2025-12-07,2025-12-07,23692.83,19811.73,Approved,17.0,False
CLM000015,POL695786,19,IL,Home,Water Damage,2025-10-24,2025-10-27,1180.56,948.28,Approved,11.0,False
CLM000016,POL806271,41,MI,Home,Fire,2026-03-09,2026-03-09,3809.68,2697.82,Approved,19.0,True
CLM000017,POL721870,41,MD,Auto,Theft,2026-05-15,2026-05-22,14202.72,10610.27,Approved,10.0,False
CLM000018,POL787412,49,MD,Life,Life Benefit,2025-10-07,2025-10-14,22370.73,16125.82,Approved,19.0,False
CLM000019,POL934976,24,VA,Home,Water Damage,2026-03-12,2026-03-19,14672.55,11908.09,Approved,5.0,False
CLM000020,POL952146,30,MD,Home,Water Damage,2026-09-03,2026-09-09,7048.88,5372.19,Approved,23.0,False
CLM000021,POL595660,21,CT,Auto,Theft,2026-08-31,2026-09-03,21038.53,0.0,Denied,39.0,False
CLM000022,POL336479,45,CT,Auto,Weather Damage,2026-04-05,2026-04-07,13134.54,9740.3,Approved,24.0,False
CLM000023,POL559328,23,IL,Renters,Fire,2026-08-28,2026-08-30,24484.73,17732.69,Approved,21.0,False
CLM000024,POL246496,70,MA,Home,Water Damage,2026-06-03,2026-06-03,21016.26,19662.61,Approved,14.0,False
CLM000025,POL813211,48,NJ,Auto,Collision,2025-09-21,2025-09-23,31218.09,25039.63,Approved,22.0,False
CLM000026,POL821706,73,CT,Life,Life Benefit,2026-09-05,2026-09-10,24593.88,24383.53,Approved,27.0,False
CLM000027,POL707485,22,MD,Life,Life Benefit,2026-09-06,2026-09-07,9486.09,8045.18,Approved,25.0,False
CLM000028,POL655595,62,MD,Home,Property Damage,2026-05-20,2026-05-21,27871.97,25536.12,Approved,11.0,False
CLM000029,POL526172,57,PA,Renters,Theft,2025-12-06,2025-12-09,30781.54,0.0,Denied,15.0,False
CLM000030,POL249070,65,OH,Home,Property Damage,2026-08-01,2026-08-02,20835.21,17736.92,Approved,19.0,True
CLM000031,POL295985,23,NJ,Renters,Fire,2025-12-21,2025-12-27,11748.47,9129.72,Approved,8.0,False
CLM000032,POL650978,55,MD,Auto,Glass Damage,2026-07-18,2026-07-24,13950.41,12857.08,Approved,22.0,True
CLM000033,POL106728,71,CT,Auto,Glass Damage,2025-09-19,2025-09-24,32327.48,31113.49,Approved,26.0,False
CLM000034,POL689355,75,MI,Home,Water Damage,2025-11-03,2025-11-05,16214.65,11444.11,Approved,21.0,False
CLM000035,POL302143,46,MA,Auto,Collision,2026-04-29,2026-04-29,6382.16,5407.89,Approved,26.0,False
CLM000036,POL211903,70,MD,Life,Life Benefit,2026-02-24,2026-02-27,12929.68,11544.94,Approved,18.0,False
CLM000037,POL463928,33,MI,Auto,Theft,2026-06-22,2026-06-22,46005.45,32265.38,Approved,15.0,False
CLM000038,POL740114,49,NJ,Life,Life Benefit,2026-01-03,2026-01-10,7280.68,6508.31,Approved,23.0,False
CLM000039,POL638927,34,MI,Renters,Theft,2026-07-30,2026-08-03,30031.7,23189.79,Approved,17.0,False
CLM000040,POL553498,75,MI,Renters,Theft,2026-09-08,2026-09-14,777.68,0.0,Pending,,False
CLM000041,POL428257,24,CT,Renters,Fire,2026-03-09,2026-03-14,11923.72,10416.81,Approved,30.0,False
CLM000042,POL137965,53,OH,Home,Water Damage,2026-07-21,2026-07-22,25527.97,24886.87,Approved,23.0,False
CLM000043,POL299083,53,MD,Auto,Theft,2026-08-24,2026-08-26,45449.51,42684.76,Approved,16.0,False
CLM000044,POL964515,66,NY,Renters,Water Damage,2026-04-23,2026-04-25,20246.02,16260.7,Approved,9.0,False
CLM000045,POL742445,72,MD,Auto,Theft,2026-01-11,2026-01-18,22793.81,19340.75,Approved,17.0,False
CLM000046,POL847211,25,MA,Life,Life Benefit,2026-02-03,2026-02-07,4359.58,0.0,Denied,34.0,False
CLM000047,POL341819,46,IL,Auto,Collision,2026-05-17,2026-05-21,48760.33,0.0,Denied,27.0,False
CLM000048,POL906126,76,MI,Home,Property Damage,2025-11-25,2025-11-28,22263.82,16394.63,Approved,17.0,False
CLM000049,POL911122,22,OH,Renters,Fire,2026-04-29,2026-05-03,21318.24,0.0,Denied,41.0,False
CLM000050,POL230002,54,NY,Life,Life Benefit,2026-02-11,2026-02-18,13748.32,12519.93,Approved,23.0,False
CLM000051,POL967745,39,OH,Life,Life Benefit,2026-01-07,2026-01-12,41051.87,30414.94,Approved,5.0,False
CLM000052,POL720974,74,VA,Renters,Water Damage,2025-11-06,2025-11-07,44094.32,35533.49,Approved,20.0,True
CLM000053,POL286903,80,IL,Life,Life Benefit,2026-03-21,2026-03-28,19323.62,16215.59,Approved,17.0,False
CLM000054,POL856565,63,MA,Home,Property Damage,2026-04-01,2026-04-04,20634.21,20346.8,Approved,8.0,False
CLM000055,POL771887,55,NY,Auto,Collision,2026-01-14,2026-01-20,45512.62,38869.89,Approved,9.0,False
CLM000056,POL522488,37,MI,Life,Life Benefit,2026-03-12,2026-03-18,16849.68,15883.82,Approved,15.0,False
CLM000057,POL323884,59,MA,Life,Life Benefit,2026-04-02,2026-04-04,36189.89,28299.52,Approved,10.0,False
CLM000058,POL465267,56,OH,Renters,Theft,2025-12-01,2025-12-01,45453.64,0.0,Pending,,False
CLM000059,POL163872,42,CT,Renters,Fire,2026-01-14,2026-01-19,8550.59,0.0,Denied,8.0,False
CLM000060,POL554408,59,IL,Life,Life Benefit,2026-06-30,2026-06-30,29053.63,21734.17,Approved,12.0,False
CLM000061,POL853122,84,MD,Auto,Weather Damage,2026-05-01,2026-05-07,32286.44,23994.05,Approved,13.0,False
CLM000062,POL891148,64,NJ,Renters,Theft,2025-12-12,2025-12-16,5719.85,4199.9,Approved,16.0,False
CLM000063,POL341416,21,VA,Auto,Glass Damage,2026-07-15,2026-07-21,36934.13,31482.77,Approved,12.0,False
CLM000064,POL168959,28,OH,Home,Water Damage,2025-09-15,2025-09-21,37020.83,0.0,Pending,,False
CLM000065,POL541323,29,MI,Life,Life Benefit,2026-07-27,2026-07-30,21064.31,15359.14,Approved,3.0,True
CLM000066,POL792465,18,NY,Auto,Theft,2025-12-03,2025-12-09,21821.27,15371.51,Approved,17.0,False
CLM000067,POL981172,19,MD,Home,Theft,2026-06-07,2026-06-12,25831.39,24503.02,Approved,8.0,False
CLM000068,POL131820,38,CT,Renters,Water Damage,2025-09-27,2025-10-01,49995.93,45892.62,Approved,25.0,False
CLM000069,POL571706,75,VA,Auto,Collision,2026-05-25,2026-05-31,2197.48,2065.02,Approved,25.0,False
CLM000070,POL189703,30,CT,Renters,Water Damage,2026-04-02,2026-04-03,4508.02,0.0,Pending,,True
CLM000071,POL190751,31,MD,Renters,Water Damage,2025-12-01,2025-12-05,33761.14,0.0,Denied,8.0,False
CLM000072,POL982231,78,CT,Life,Life Benefit,2026-01-09,2026-01-10,26415.85,26355.64,Approved,14.0,False
CLM000073,POL101271,19,IL,Renters,Fire,2026-05-28,2026-05-29,49398.95,0.0,Denied,17.0,False
CLM000074,POL553285,27,MD,Auto,Glass Damage,2026-01-20,2026-01-25,1969.09,0.0,Pending,,False
CLM000075,POL397457,40,CT,Life,Life Benefit,2026-07-14,2026-07-15,2736.47,0.0,Denied,16.0,False
CLM000076,POL425169,36,NY,Life,Life Benefit,2026-01-04,2026-01-05,46594.07,40195.18,Approved,8.0,False
CLM000077,POL519962,54,VA,Home,Fire,2025-12-28,2025-12-31,13308.13,10675.86,Approved,13.0,False
CLM000078,POL833533,30,CT,Auto,Theft,2026-01-20,2026-01-24,29814.36,28307.41,Approved,12.0,False
CLM000079,POL704013,83,MA,Auto,Collision,2026-08-07,2026-08-07,41277.26,0.0,Denied,13.0,False
CLM000080,POL359268,62,VA,Home,Property Damage,2026-05-09,2026-05-10,47300.95,41384.23,Approved,15.0,False
CLM000081,POL531300,47,IL,Renters,Theft,2026-05-15,2026-05-19,17115.77,14650.14,Approved,13.0,False
CLM000082,POL930901,48,MI,Renters,Fire,2025-10-12,2025-10-15,24878.85,0.0,Denied,33.0,False
CLM000083,POL524243,60,OH,Life,Life Benefit,2025-10-31,2025-11-06,23284.36,20195.02,Approved,21.0,False
CLM000084,POL748331,79,MD,Home,Property Damage,2026-08-06,2026-08-07,38183.86,27817.9,Approved,13.0,True
CLM000085,POL942947,80,PA,Renters,Theft,2025-11-07,2025-11-14,42150.04,0.0,Pending,,False
CLM000086,POL333105,39,PA,Renters,Theft,2026-08-26,2026-08-27,17542.99,16425.03,Approved,11.0,False
CLM000087,POL353812,30,CT,Life,Life Benefit,2026-06-08,2026-06-10,40864.16,34720.91,Approved,12.0,False
CLM000088,POL693362,74,MI,Auto,Theft,2025-11-06,2025-11-09,40856.66,0.0,Denied,24.0,False
CLM000089,POL154626,68,MA,Home,Property Damage,2025-09-24,2025-09-25,5660.91,4583.58,Approved,29.0,False
CLM000090,POL388689,83,MI,Life,Life Benefit,2026-06-09,2026-06-11,35773.32,0.0,Pending,,False
CLM000091,POL590174,84,VA,Renters,Property Damage,2026-06-14,2026-06-21,23017.78,0.0,Pending,,True
CLM000092,POL732041,23,OH,Home,Theft,2026-03-04,2026-03-09,31889.6,29926.35,Approved,9.0,False
CLM000093,POL434164,63,NJ,Home,Theft,2025-09-26,2025-09-28,19269.07,14947.3,Approved,16.0,False
CLM000094,POL562775,66,VA,Home,Fire,2026-03-27,2026-03-29,17187.22,15312.46,Approved,18.0,False
CLM000095,POL108105,37,CT,Renters,Fire,2026-03-23,2026-03-30,35893.94,25211.33,Approved,3.0,False
CLM000096,POL364774,83,CT,Life,Life Benefit,2026-06-17,2026-06-22,44134.03,0.0,Denied,34.0,False
CLM000097,POL644398,62,IL,Home,Theft,2026-02-20,2026-02-24,21269.83,19932.0,Approved,15.0,False
CLM000098,POL820882,36,CT,Home,Fire,2025-10-28,2025-11-01,27468.32,0.0,Denied,33.0,False
CLM000099,POL940863,31,CT,Renters,Water Damage,2025-12-20,2025-12-23,24808.37,17982.83,Approved,27.0,False
CLM000100,POL222884,49,VA,Home,Theft,2026-05-10,2026-05-16,19656.49,17149.91,Approved,23.0,True
CLM000101,POL322047,66,CT,Auto,Weather Damage,2026-08-30,2026-09-06,25788.97,21230.85,Approved,22.0,False
CLM000102,POL380183,72,VA,Renters,Theft,2026-02-23,2026-03-02,5500.97,4525.38,Approved,29.0,False
CLM000103,POL842285,20,NY,Home,Property Damage,2025-10-07,2025-10-07,27217.83,0.0,Denied,25.0,False
CLM000104,POL396018,62,NJ,Renters,Water Damage,2026-04-09,2026-04-14,40628.16,28453.91,Approved,6.0,True
CLM000105,POL868079,34,VA,Home,Theft,2025-11-23,2025-11-30,36738.29,0.0,Denied,31.0,False
CLM000106,POL109331,40,VA,Life,Life Benefit,2026-09-02,2026-09-05,29609.24,25742.66,Approved,13.0,False
CLM000107,POL346222,40,CT,Auto,Glass Damage,2026-01-19,2026-01-22,10032.99,0.0,Denied,40.0,False
CLM000108,POL501061,68,NJ,Life,Life Benefit,2025-12-29,2026-01-04,40109.31,29896.46,Approved,7.0,True
CLM000109,POL218586,77,MI,Auto,Collision,2025-12-19,2025-12-25,29866.33,0.0,Denied,10.0,False
CLM000110,POL632257,67,MA,Life,Life Benefit,2025-09-22,2025-09-24,45040.15,36432.07,Approved,20.0,False
CLM000111,POL791738,84,CT,Home,Property Damage,2026-06-24,2026-06-29,36356.94,28304.66,Approved,25.0,False
CLM000112,POL601195,65,IL,Home,Property Damage,2025-12-08,2025-12-14,29756.41,23465.61,Approved,8.0,False
CLM000113,POL664347,66,MA,Auto,Weather Damage,2026-04-23,2026-04-23,28892.6,22483.02,Approved,26.0,False
CLM000114,POL152424,48,CT,Home,Fire,2025-11-06,2025-11-08,22187.33,18720.14,Approved,19.0,False
CLM000115,POL897973,79,NJ,Life,Life Benefit,2025-09-29,2025-09-30,24352.47,17052.38,Approved,11.0,False
CLM000116,POL624487,61,NJ,Auto,Glass Damage,2026-03-24,2026-03-27,40056.73,30348.12,Approved,10.0,False
CLM000117,POL547290,22,PA,Home,Water Damage,2026-04-27,2026-05-01,6425.34,5295.72,Approved,29.0,False
CLM000118,POL348671,33,VA,Life,Life Benefit,2026-07-19,2026-07-20,11877.51,8657.47,Approved,5.0,False
CLM000119,POL403723,43,PA,Auto,Glass Damage,2026-01-03,2026-01-04,24191.17,0.0,Pending,,False
CLM000120,POL717518,45,VA,Auto,Weather Damage,2026-05-19,2026-05-25,7311.96,7187.2,Approved,5.0,False
CLM000121,POL713906,43,VA,Auto,Theft,2026-09-12,2026-09-18,36079.91,30535.49,Approved,27.0,False
CLM000122,POL367574,27,NJ,Life,Life Benefit,2026-01-18,2026-01-23,7113.62,6369.85,Approved,24.0,False
CLM000123,POL192923,45,VA,Auto,Weather Damage,2025-10-04,2025-10-04,9445.7,9079.66,Approved,7.0,False
CLM000124,POL377986,33,NY,Home,Water Damage,2026-05-29,2026-06-03,37002.48,0.0,Denied,35.0,False
CLM000125,POL266835,68,MA,Home,Property Damage,2026-09-01,2026-09-05,35641.29,29825.3,Approved,19.0,False
CLM000126,POL988305,37,MI,Home,Fire,2026-04-08,2026-04-11,23449.14,18181.67,Approved,13.0,False
CLM000127,POL903850,38,NJ,Life,Life Benefit,2026-03-15,2026-03-17,8416.19,0.0,Pending,,True
CLM000128,POL182661,74,NY,Auto,Weather Damage,2026-06-21,2026-06-23,21780.22,0.0,Denied,35.0,False
CLM000129,POL365151,77,VA,Home,Water Damage,2026-05-11,2026-05-13,46629.87,44572.44,Approved,5.0,False
CLM000130,POL798577,30,IL,Renters,Water Damage,2025-12-11,2025-12-16,18487.58,15558.1,Approved,25.0,False
CLM000131,POL244496,33,CT,Auto,Collision,2025-11-29,2025-12-04,11302.37,0.0,Denied,19.0,False
CLM000132,POL957174,24,NY,Renters,Theft,2025-11-09,2025-11-09,38081.26,30934.08,Approved,4.0,False
CLM000133,POL387238,83,NJ,Renters,Theft,2026-01-31,2026-02-03,3800.03,0.0,Pending,,False
CLM000134,POL137235,32,MD,Auto,Theft,2026-09-12,2026-09-12,42753.45,42112.2,Approved,18.0,False
CLM000135,POL407962,26,PA,Auto,Weather Damage,2026-04-21,2026-04-23,44827.01,34501.25,Approved,19.0,False
CLM000136,POL657088,27,VA,Auto,Glass Damage,2026-07-16,2026-07-17,29008.09,22476.22,Approved,29.0,False
CLM000137,POL466369,75,IL,Home,Theft,2026-02-05,2026-02-12,41864.47,35127.22,Approved,14.0,False
CLM000138,POL877657,41,CT,Renters,Water Damage,2026-05-15,2026-05-16,8179.74,0.0,Denied,41.0,False
CLM000139,POL289448,52,PA,Auto,Glass Damage,2026-03-31,2026-04-02,21865.76,0.0,Denied,29.0,False
CLM000140,POL774713,32,MI,Renters,Theft,2026-01-24,2026-01-24,12605.46,11257.23,Approved,27.0,True
CLM000141,POL248093,19,VA,Home,Water Damage,2026-06-25,2026-06-29,46610.05,34215.71,Approved,28.0,False
CLM000142,POL410513,41,OH,Life,Life Benefit,2026-03-03,2026-03-03,32676.27,23822.63,Approved,20.0,False
CLM000143,POL260057,52,NJ,Auto,Collision,2025-09-14,2025-09-16,1491.8,0.0,Pending,,False
CLM000144,POL731753,38,CT,Renters,Property Damage,2025-12-04,2025-12-08,29745.88,0.0,Denied,12.0,False
CLM000145,POL495748,29,IL,Renters,Property Damage,2026-01-04,2026-01-06,46121.7,39291.97,Approved,7.0,False
CLM000146,POL759095,43,PA,Renters,Property Damage,2026-06-24,2026-06-25,14567.72,13755.85,Approved,16.0,True
CLM000147,POL964370,49,OH,Life,Life Benefit,2026-07-17,2026-07-23,33126.56,0.0,Denied,35.0,False
CLM000148,POL532341,56,PA,Life,Life Benefit,2026-02-10,2026-02-14,48801.81,44814.14,Approved,9.0,False
CLM000149,POL775604,32,OH,Home,Theft,2025-12-12,2025-12-18,27013.09,24479.1,Approved,19.0,False
CLM000150,POL236899,83,VA,Auto,Weather Damage,2026-05-29,2026-06-02,2297.51,0.0,Denied,24.0,False
CLM000151,POL246555,24,NJ,Life,Life Benefit,2026-01-10,2026-01-17,6550.4,4697.96,Approved,24.0,False
CLM000152,POL539521,76,NJ,Renters,Theft,2025-11-03,2025-11-07,48690.31,40581.31,Approved,28.0,False
CLM000153,POL335185,74,NY,Auto,Collision,2026-06-20,2026-06-23,6215.74,0.0,Pending,,False
CLM000154,POL705303,75,OH,Home,Water Damage,2025-09-27,2025-09-27,26532.77,0.0,Denied,42.0,False
CLM000155,POL413708,34,OH,Renters,Theft,2026-03-08,2026-03-08,11694.84,0.0,Pending,,False
CLM000156,POL936834,70,MI,Auto,Weather Damage,2026-02-19,2026-02-26,7596.84,6092.59,Approved,22.0,False
CLM000157,POL651995,47,NJ,Auto,Glass Damage,2026-05-15,2026-05-19,9032.64,7923.96,Approved,30.0,False
CLM000158,POL220196,40,NJ,Auto,Theft,2026-04-22,2026-04-28,46964.6,0.0,Denied,39.0,False
CLM000159,POL258517,48,MI,Home,Fire,2026-03-17,2026-03-20,7121.63,6623.12,Approved,25.0,True
CLM000160,POL924898,61,NJ,Life,Life Benefit,2026-04-09,2026-04-12,18852.72,18836.34,Approved,18.0,False
CLM000161,POL412561,65,MA,Auto,Theft,2026-01-22,2026-01-23,31340.37,0.0,Pending,,False
CLM000162,POL246567,51,CT,Auto,Theft,2026-02-28,2026-03-06,21103.68,0.0,Denied,21.0,False
CLM000163,POL210016,76,CT,Home,Water Damage,2025-10-11,2025-10-12,23763.79,19909.63,Approved,16.0,False
CLM000164,POL452330,38,OH,Renters,Property Damage,2026-06-25,2026-06-30,26515.11,23311.04,Approved,14.0,False
CLM000165,POL140163,24,OH,Renters,Fire,2026-06-16,2026-06-20,34037.12,0.0,Denied,29.0,True
CLM000166,POL931258,85,MI,Life,Life Benefit,2026-09-09,2026-09-14,3275.46,3134.81,Approved,19.0,False
CLM000167,POL410250,33,OH,Life,Life Benefit,2025-09-25,2025-10-02,19008.35,0.0,Denied,40.0,False
CLM000168,POL991969,24,MI,Renters,Fire,2026-03-15,2026-03-19,34140.8,0.0,Pending,,False
CLM000169,POL903486,65,PA,Life,Life Benefit,2025-12-19,2025-12-22,34725.31,0.0,Denied,23.0,False
CLM000170,POL727761,62,MA,Auto,Theft,2026-04-24,2026-04-24,28475.0,0.0,Pending,,False
CLM000171,POL135433,69,OH,Renters,Property Damage,2026-02-15,2026-02-17,43482.02,0.0,Denied,45.0,False
CLM000172,POL441455,70,NJ,Home,Water Damage,2025-12-27,2025-12-31,25493.52,24644.87,Approved,29.0,False
CLM000173,POL366347,57,MA,Home,Water Damage,2025-10-01,2025-10-08,36206.19,25380.32,Approved,17.0,False
CLM000174,POL552668,37,CT,Auto,Theft,2026-02-27,2026-03-01,8353.12,7923.74,Approved,30.0,False
CLM000175,POL651089,52,MA,Renters,Water Damage,2026-02-24,2026-02-24,29972.64,24262.67,Approved,17.0,True
CLM000176,POL600258,30,OH,Home,Theft,2026-08-26,2026-09-02,38774.76,32146.89,Approved,7.0,False
CLM000177,POL124850,24,OH,Renters,Theft,2025-11-05,2025-11-08,37380.36,33937.25,Approved,8.0,False
CLM000178,POL512517,27,MA,Home,Water Damage,2026-02-23,2026-02-25,36101.66,30914.59,Approved,8.0,False
CLM000179,POL816317,76,VA,Life,Life Benefit,2025-12-07,2025-12-07,31905.32,28328.42,Approved,21.0,False
CLM000180,POL773175,18,CT,Renters,Water Damage,2025-09-26,2025-09-26,36347.61,0.0,Denied,23.0,False
CLM000181,POL364921,30,MA,Life,Life Benefit,2025-09-18,2025-09-20,28300.25,20721.26,Approved,14.0,False
CLM000182,POL290873,29,IL,Life,Life Benefit,2026-01-28,2026-02-03,33683.13,0.0,Denied,20.0,False
CLM000183,POL112155,77,MA,Life,Life Benefit,2025-09-26,2025-09-28,18566.55,16574.79,Approved,4.0,False
CLM000184,POL148497,85,NJ,Home,Property Damage,2025-09-17,2025-09-20,23994.32,20490.9,Approved,24.0,False
CLM000185,POL845926,82,VA,Auto,Theft,2026-05-05,2026-05-08,1352.98,1345.37,Approved,26.0,False
CLM000186,POL835856,62,CT,Renters,Water Damage,2026-03-25,2026-03-26,37891.84,35322.63,Approved,9.0,False
CLM000187,POL808628,73,NY,Home,Property Damage,2026-01-15,2026-01-18,40982.89,0.0,Pending,,False
CLM000188,POL846387,42,MA,Life,Life Benefit,2025-10-18,2025-10-21,40007.1,28282.61,Approved,24.0,False
CLM000189,POL210910,35,OH,Life,Life Benefit,2025-11-04,2025-11-06,24768.36,17568.76,Approved,26.0,False
CLM000190,POL520328,48,IL,Renters,Property Damage,2026-08-15,2026-08-21,43965.65,42851.86,Approved,9.0,False
CLM000191,POL844104,49,CT,Life,Life Benefit,2026-02-13,2026-02-14,8778.03,0.0,Denied,45.0,False
CLM000192,POL829705,51,MD,Auto,Theft,2026-05-06,2026-05-13,26874.68,22955.87,Approved,8.0,False
CLM000193,POL983867,40,CT,Home,Water Damage,2025-11-20,2025-11-26,45150.02,32369.31,Approved,14.0,False
CLM000194,POL671351,58,NY,Renters,Fire,2026-01-20,2026-01-24,46897.92,0.0,Pending,,False
CLM000195,POL475801,63,PA,Home,Theft,2026-05-17,2026-05-24,13406.97,13152.47,Approved,5.0,False
CLM000196,POL583982,75,CT,Life,Life Benefit,2026-01-15,2026-01-18,48821.89,43457.65,Approved,14.0,False
CLM000197,POL440083,23,IL,Auto,Weather Damage,2026-04-29,2026-05-06,35014.27,34794.55,Approved,30.0,False
CLM000198,POL403819,29,OH,Renters,Property Damage,2026-06-22,2026-06-24,38275.91,34953.27,Approved,16.0,False
CLM000199,POL834347,55,MD,Renters,Theft,2026-02-01,2026-02-03,13806.41,10575.03,Approved,2.0,False
CLM000200,POL794720,27,OH,Home,Fire,2026-03-06,2026-03-09,13049.89,0.0,Pending,,False
CLM000201,POL959371,19,NJ,Renters,Property Damage,2025-12-30,2026-01-04,14798.3,14038.74,Approved,4.0,False
CLM000202,POL695815,84,NJ,Auto,Glass Damage,2026-01-09,2026-01-10,3984.52,3171.7,Approved,21.0,False
CLM000203,POL680417,29,MD,Renters,Water Damage,2025-10-21,2025-10-23,26229.46,0.0,Denied,7.0,False
CLM000204,POL957937,23,IL,Auto,Glass Damage,2026-03-11,2026-03-14,47928.4,46439.11,Approved,9.0,False
CLM000205,POL183297,85,IL,Home,Property Damage,2025-11-09,2025-11-15,39977.54,39476.01,Approved,3.0,False
CLM000206,POL632664,85,IL,Home,Property Damage,2026-02-24,2026-02-24,25333.45,19195.1,Approved,14.0,False
CLM000207,POL229265,67,PA,Renters,Water Damage,2026-02-20,2026-02-24,21535.68,16797.35,Approved,7.0,False
CLM000208,POL989279,40,MD,Home,Fire,2025-11-24,2025-11-28,25992.93,19652.54,Approved,2.0,False
CLM000209,POL646717,24,MI,Auto,Theft,2025-11-04,2025-11-05,32444.39,28059.33,Approved,25.0,False
CLM000210,POL513040,73,NY,Home,Water Damage,2025-10-30,2025-10-31,48205.63,36984.43,Approved,26.0,False
CLM000211,POL392638,71,VA,Auto,Weather Damage,2026-03-20,2026-03-24,1669.52,1422.97,Approved,11.0,False
CLM000212,POL609396,44,OH,Home,Fire,2026-04-19,2026-04-19,22235.32,0.0,Denied,22.0,False
CLM000213,POL267452,68,CT,Auto,Glass Damage,2026-03-14,2026-03-19,20636.16,16103.53,Approved,26.0,False
CLM000214,POL723940,80,PA,Renters,Property Damage,2026-07-14,2026-07-18,43017.34,37369.9,Approved,13.0,False
CLM000215,POL444797,21,NY,Life,Life Benefit,2025-12-27,2025-12-27,31517.4,29029.42,Approved,18.0,False
CLM000216,POL105959,33,NJ,Auto,Collision,2025-12-05,2025-12-06,40431.05,0.0,Denied,16.0,False
CLM000217,POL927193,68,IL,Auto,Theft,2026-05-27,2026-05-30,43927.33,31097.34,Approved,3.0,False
CLM000218,POL879702,66,NY,Life,Life Benefit,2026-03-11,2026-03-16,41991.61,41610.06,Approved,2.0,False
CLM000219,POL880949,82,MD,Auto,Glass Damage,2026-02-19,2026-02-24,49610.58,46890.64,Approved,17.0,False
CLM000220,POL568892,46,NJ,Renters,Theft,2026-03-25,2026-03-31,9957.91,9810.49,Approved,17.0,True
CLM000221,POL630207,65,IL,Life,Life Benefit,2025-09-29,2025-10-02,3818.58,2909.0,Approved,12.0,False
CLM000222,POL737364,42,NJ,Home,Fire,2026-02-23,2026-02-23,23022.45,22376.4,Approved,8.0,False
CLM000223,POL540949,72,OH,Life,Life Benefit,2026-03-26,2026-03-26,25041.02,22971.05,Approved,8.0,False
CLM000224,POL255718,21,IL,Auto,Weather Damage,2026-01-17,2026-01-19,34749.43,0.0,Denied,23.0,False
CLM000225,POL934812,64,IL,Auto,Glass Damage,2025-11-17,2025-11-24,39332.09,30133.5,Approved,30.0,False
CLM000226,POL643408,80,NJ,Life,Life Benefit,2025-11-23,2025-11-23,5667.02,4120.63,Approved,11.0,False
CLM000227,POL247073,39,PA,Auto,Collision,2026-07-05,2026-07-06,44335.6,0.0,Denied,29.0,False
CLM000228,POL553850,84,CT,Renters,Theft,2026-04-07,2026-04-08,47460.09,46733.0,Approved,12.0,False
CLM000229,POL109023,52,CT,Life,Life Benefit,2025-10-21,2025-10-24,48960.98,45856.28,Approved,15.0,False
CLM000230,POL142466,47,MI,Home,Fire,2025-10-20,2025-10-26,37792.86,31852.97,Approved,23.0,False
CLM000231,POL368739,75,VA,Life,Life Benefit,2026-08-23,2026-08-28,20472.18,19174.05,Approved,30.0,False
CLM000232,POL903704,39,CT,Renters,Water Damage,2026-06-29,2026-07-05,11780.47,0.0,Denied,14.0,False
CLM000233,POL857375,46,MD,Auto,Theft,2025-10-11,2025-10-17,31491.65,23851.09,Approved,13.0,False
CLM000234,POL188532,29,MI,Auto,Theft,2025-09-18,2025-09-23,29593.12,20725.9,Approved,17.0,False
CLM000235,POL524828,23,NY,Auto,Theft,2025-12-20,2025-12-24,34173.54,31768.26,Approved,8.0,False
CLM000236,POL381393,42,MA,Home,Fire,2025-10-17,2025-10-20,42342.25,39260.46,Approved,26.0,False
CLM000237,POL173507,80,MD,Life,Life Benefit,2026-04-25,2026-04-28,7374.8,0.0,Denied,20.0,False
CLM000238,POL544343,53,VA,Renters,Water Damage,2026-01-10,2026-01-10,12559.06,10065.75,Approved,7.0,False
CLM000239,POL889763,66,NY,Renters,Theft,2026-07-25,2026-07-28,37795.29,0.0,Pending,,False
CLM000240,POL610770,50,MA,Home,Property Damage,2026-08-09,2026-08-14,49911.85,0.0,Denied,43.0,False
CLM000241,POL803135,84,NY,Renters,Theft,2025-10-11,2025-10-17,49527.08,0.0,Denied,9.0,False
CLM000242,POL610197,31,CT,Auto,Glass Damage,2026-01-15,2026-01-19,18182.7,0.0,Denied,15.0,False
CLM000243,POL116000,54,OH,Renters,Property Damage,2026-01-04,2026-01-05,30022.55,21059.71,Approved,11.0,False
CLM000244,POL358943,46,NY,Auto,Weather Damage,2026-07-24,2026-07-25,40799.57,0.0,Denied,39.0,False
CLM000245,POL163197,66,NJ,Life,Life Benefit,2026-05-22,2026-05-27,32941.51,30305.86,Approved,12.0,False
CLM000246,POL494936,35,MI,Home,Fire,2026-02-17,2026-02-18,49114.89,44242.31,Approved,24.0,False
CLM000247,POL363314,54,MA,Life,Life Benefit,2026-06-10,2026-06-16,12079.75,12049.91,Approved,14.0,False
CLM000248,POL966084,44,VA,Home,Fire,2026-05-04,2026-05-10,40309.91,34186.23,Approved,14.0,False
CLM000249,POL604728,23,PA,Home,Theft,2026-07-21,2026-07-23,41323.19,0.0,Pending,,False
CLM000250,POL359227,45,CT,Renters,Water Damage,2026-08-25,2026-08-27,43684.77,32294.54,Approved,13.0,False
CLM000251,POL497152,50,NY,Renters,Water Damage,2025-10-01,2025-10-06,10188.09,0.0,Denied,36.0,False
CLM000252,POL482176,47,NJ,Home,Property Damage,2026-02-23,2026-03-02,36072.74,34989.78,Approved,26.0,False
CLM000253,POL107199,32,MA,Renters,Property Damage,2025-10-27,2025-11-02,47630.84,41659.84,Approved,13.0,False
CLM000254,POL195450,38,NJ,Home,Theft,2025-10-14,2025-10-14,19775.04,0.0,Denied,31.0,False
CLM000255,POL754853,36,MD,Life,Life Benefit,2025-11-17,2025-11-19,48474.0,37039.11,Approved,14.0,False
CLM000256,POL695212,33,NJ,Life,Life Benefit,2026-05-28,2026-05-29,7178.8,6637.63,Approved,2.0,False
CLM000257,POL859906,43,PA,Auto,Theft,2026-06-21,2026-06-25,43290.99,0.0,Pending,,False
CLM000258,POL482351,44,PA,Renters,Fire,2025-12-05,2025-12-06,1309.4,1119.66,Approved,19.0,False
CLM000259,POL655248,84,MD,Home,Fire,2026-01-01,2026-01-02,8336.21,0.0,Denied,32.0,False
CLM000260,POL814756,77,OH,Auto,Weather Damage,2025-12-15,2025-12-18,31856.72,29359.33,Approved,25.0,True
CLM000261,POL724533,38,CT,Home,Water Damage,2026-04-13,2026-04-18,44212.66,37246.02,Approved,30.0,False
CLM000262,POL765917,19,CT,Home,Fire,2025-12-14,2025-12-18,17886.06,15482.6,Approved,21.0,True
CLM000263,POL395781,83,NY,Home,Fire,2026-05-25,2026-05-28,37069.12,35488.28,Approved,22.0,True
CLM000264,POL804703,49,MA,Home,Property Damage,2026-09-06,2026-09-07,20263.73,0.0,Denied,17.0,False
CLM000265,POL413194,52,VA,Auto,Glass Damage,2026-06-25,2026-07-01,8987.2,7063.96,Approved,12.0,False
CLM000266,POL705973,63,IL,Auto,Theft,2026-02-07,2026-02-10,11754.54,10847.45,Approved,14.0,False
CLM000267,POL214927,33,IL,Renters,Fire,2025-12-10,2025-12-16,49541.07,43532.03,Approved,12.0,False
CLM000268,POL343691,37,VA,Home,Fire,2025-12-03,2025-12-10,44903.89,43907.69,Approved,6.0,False
CLM000269,POL952244,76,MA,Auto,Collision,2026-04-16,2026-04-16,6039.16,6036.51,Approved,24.0,False
CLM000270,POL838222,33,NY,Home,Property Damage,2026-05-28,2026-05-31,33686.82,26248.52,Approved,9.0,False
CLM000271,POL651976,27,NJ,Renters,Property Damage,2025-11-23,2025-11-27,11499.13,9035.17,Approved,9.0,False
CLM000272,POL363164,56,IL,Life,Life Benefit,2026-03-23,2026-03-25,26994.61,21946.3,Approved,22.0,False
CLM000273,POL947301,59,MI,Home,Property Damage,2026-05-12,2026-05-12,14625.05,0.0,Denied,32.0,False
CLM000274,POL504666,34,MI,Life,Life Benefit,2025-12-13,2025-12-19,45641.53,33290.03,Approved,19.0,True
CLM000275,POL803949,50,MA,Auto,Glass Damage,2025-11-21,2025-11-22,21834.2,15604.75,Approved,4.0,False
CLM000276,POL374895,26,PA,Renters,Theft,2026-07-27,2026-08-03,15470.48,11715.27,Approved,6.0,False
CLM000277,POL331403,41,NJ,Life,Life Benefit,2026-07-30,2026-08-01,1711.5,1511.7,Approved,3.0,False
CLM000278,POL209546,41,PA,Life,Life Benefit,2026-06-18,2026-06-19,15955.83,13458.8,Approved,5.0,False
CLM000279,POL287388,71,NY,Auto,Glass Damage,2026-07-26,2026-07-31,11580.08,11518.84,Approved,25.0,True
CLM000280,POL728873,24,NJ,Home,Water Damage,2025-11-09,2025-11-11,42979.99,42729.78,Approved,4.0,False
CLM000281,POL871128,38,MI,Life,Life Benefit,2026-01-09,2026-01-12,21505.52,0.0,Denied,3.0,True
CLM000282,POL936771,53,MD,Life,Life Benefit,2026-05-29,2026-05-30,19598.95,14986.0,Approved,5.0,False
CLM000283,POL396975,78,IL,Life,Life Benefit,2025-12-23,2025-12-26,20814.25,19542.53,Approved,20.0,False
CLM000284,POL664608,79,PA,Home,Property Damage,2026-07-02,2026-07-03,11648.53,10789.0,Approved,17.0,False
CLM000285,POL471815,58,VA,Auto,Theft,2026-02-03,2026-02-05,25346.05,0.0,Pending,,False
CLM000286,POL790820,36,NY,Renters,Fire,2026-01-31,2026-02-07,7483.32,5366.23,Approved,26.0,False
CLM000287,POL884064,43,NY,Life,Life Benefit,2026-05-03,2026-05-05,10246.59,7742.66,Approved,22.0,True
CLM000288,POL823748,24,VA,Auto,Collision,2025-11-12,2025-11-15,49806.64,45304.28,Approved,30.0,False
CLM000289,POL768598,53,MI,Renters,Property Damage,2026-04-17,2026-04-18,39980.73,0.0,Denied,3.0,False
CLM000290,POL982930,41,MA,Life,Life Benefit,2026-08-13,2026-08-16,47818.15,0.0,Denied,33.0,False
CLM000291,POL857831,82,MI,Home,Water Damage,2025-11-09,2025-11-10,10830.16,8183.8,Approved,20.0,False
CLM000292,POL958844,43,VA,Life,Life Benefit,2026-03-19,2026-03-19,18577.58,13851.32,Approved,23.0,False
CLM000293,POL161242,32,NJ,Auto,Theft,2026-05-10,2026-05-13,33072.51,0.0,Denied,14.0,False
CLM000294,POL483197,60,VA,Auto,Collision,2026-05-01,2026-05-02,47635.15,0.0,Denied,4.0,False
CLM000295,POL991052,19,PA,Auto,Collision,2026-08-17,2026-08-19,41895.5,34188.8,Approved,15.0,False
CLM000296,POL273290,39,MA,Renters,Property Damage,2026-08-05,2026-08-08,562.2,0.0,Denied,22.0,False
CLM000297,POL705477,66,VA,Home,Water Damage,2026-01-09,2026-01-11,30423.52,21389.88,Approved,29.0,False
CLM000298,POL205820,53,IL,Home,Theft,2026-07-10,2026-07-10,14740.26,11365.87,Approved,2.0,False
CLM000299,POL683255,72,VA,Auto,Theft,2026-07-14,2026-07-14,11617.22,8748.77,Approved,10.0,False
CLM000300,POL216927,46,PA,Life,Life Benefit,2026-03-05,2026-03-12,8115.65,6794.88,Approved,7.0,False
CLM000301,POL794194,56,NY,Auto,Collision,2026-03-02,2026-03-09,47668.93,46094.21,Approved,16.0,True
CLM000302,POL706425,75,IL,Life,Life Benefit,2026-03-02,2026-03-08,15723.91,12846.58,Approved,5.0,False
CLM000303,POL733240,43,PA,Life,Life Benefit,2025-12-07,2025-12-13,20946.12,16490.79,Approved,17.0,False
CLM000304,POL173514,80,MD,Auto,Collision,2025-12-16,2025-12-20,29002.23,27815.87,Approved,26.0,False
CLM000305,POL814773,67,MD,Life,Life Benefit,2025-11-11,2025-11-13,15638.76,14489.38,Approved,19.0,False
CLM000306,POL520554,76,CT,Life,Life Benefit,2026-06-17,2026-06-18,35542.11,0.0,Denied,3.0,True
CLM000307,POL832213,49,OH,Life,Life Benefit,2026-07-19,2026-07-26,36405.33,0.0,Denied,28.0,False
CLM000308,POL997294,57,MD,Auto,Theft,2025-12-20,2025-12-23,37821.88,32879.47,Approved,7.0,False
CLM000309,POL543128,39,NJ,Auto,Weather Damage,2026-09-06,2026-09-08,22720.44,20527.37,Approved,28.0,False
CLM000310,POL170281,67,CT,Renters,Fire,2026-01-27,2026-02-02,1516.92,1149.09,Approved,5.0,False
CLM000311,POL301887,33,PA,Auto,Theft,2026-02-20,2026-02-25,34599.23,30848.46,Approved,2.0,False
CLM000312,POL588182,40,PA,Renters,Theft,2025-12-25,2025-12-26,5761.68,4747.95,Approved,17.0,False
CLM000313,POL436906,82,IL,Renters,Theft,2025-11-14,2025-11-19,30675.67,0.0,Denied,3.0,False
CLM000314,POL642423,41,PA,Auto,Glass Damage,2026-08-16,2026-08-23,49624.56,46049.97,Approved,21.0,False
CLM000315,POL215295,63,MD,Auto,Glass Damage,2026-07-01,2026-07-02,697.34,583.68,Approved,19.0,False
CLM000316,POL797980,22,NY,Renters,Theft,2026-08-13,2026-08-14,49052.94,42995.19,Approved,23.0,False
CLM000317,POL226776,63,NY,Home,Theft,2026-08-04,2026-08-07,4842.48,4476.67,Approved,18.0,False
CLM000318,POL377869,49,CT,Life,Life Benefit,2026-02-09,2026-02-14,41950.33,37645.99,Approved,25.0,False
CLM000319,POL257293,81,CT,Renters,Property Damage,2026-02-24,2026-02-27,13341.54,12141.34,Approved,26.0,False
CLM000320,POL473321,34,MI,Life,Life Benefit,2026-05-20,2026-05-25,5215.15,4860.55,Approved,2.0,False
CLM000321,POL508902,29,MI,Auto,Glass Damage,2025-10-15,2025-10-16,36552.37,34107.45,Approved,28.0,False
CLM000322,POL135648,32,NJ,Home,Property Damage,2025-09-26,2025-09-28,38795.84,31623.92,Approved,8.0,False
CLM000323,POL113486,50,MD,Renters,Theft,2026-04-21,2026-04-28,2959.86,0.0,Denied,17.0,False
CLM000324,POL541602,74,CT,Renters,Theft,2025-12-10,2025-12-11,15348.43,11093.65,Approved,6.0,False
CLM000325,POL532205,23,CT,Life,Life Benefit,2026-02-17,2026-02-19,42452.01,0.0,Denied,24.0,False
CLM000326,POL631269,40,CT,Renters,Theft,2025-12-15,2025-12-21,11354.76,11090.49,Approved,8.0,False
CLM000327,POL637026,46,MA,Auto,Theft,2026-06-11,2026-06-18,796.24,677.02,Approved,24.0,True
CLM000328,POL327937,78,NJ,Life,Life Benefit,2026-05-10,2026-05-11,25946.87,19779.04,Approved,15.0,False
CLM000329,POL310915,82,IL,Auto,Collision,2026-01-06,2026-01-08,46965.74,38124.08,Approved,13.0,False
CLM000330,POL918467,50,PA,Home,Property Damage,2026-08-21,2026-08-23,8383.02,6643.52,Approved,24.0,True
CLM000331,POL649341,76,MI,Life,Life Benefit,2026-01-22,2026-01-22,44883.67,41681.43,Approved,7.0,False
CLM000332,POL361149,46,IL,Renters,Water Damage,2026-07-07,2026-07-10,41586.94,33603.73,Approved,14.0,False
CLM000333,POL848971,41,PA,Life,Life Benefit,2026-01-04,2026-01-11,14423.69,13049.85,Approved,20.0,False
CLM000334,POL726878,38,VA,Auto,Glass Damage,2026-04-28,2026-04-30,45072.1,0.0,Denied,20.0,False
CLM000335,POL767013,51,PA,Auto,Theft,2026-04-03,2026-04-03,37112.93,33373.2,Approved,13.0,False
CLM000336,POL271558,76,MI,Home,Water Damage,2026-08-04,2026-08-05,24390.98,17770.46,Approved,20.0,False
CLM000337,POL242491,71,VA,Auto,Weather Damage,2026-03-06,2026-03-11,46167.12,36309.7,Approved,20.0,False
CLM000338,POL944484,54,NY,Home,Property Damage,2025-09-22,2025-09-26,41614.87,34127.94,Approved,16.0,True
CLM000339,POL808155,30,NJ,Renters,Water Damage,2026-01-18,2026-01-23,32635.92,0.0,Denied,38.0,False
CLM000340,POL923761,61,NJ,Home,Theft,2025-12-22,2025-12-28,48741.04,38686.67,Approved,9.0,False
CLM000341,POL382381,70,OH,Home,Theft,2026-03-21,2026-03-26,34510.23,31945.38,Approved,28.0,False
CLM000342,POL488366,27,PA,Home,Fire,2026-07-01,2026-07-05,17972.04,0.0,Denied,26.0,False
CLM000343,POL751068,41,MI,Renters,Property Damage,2026-04-19,2026-04-21,29491.0,26750.67,Approved,9.0,False
CLM000344,POL101652,71,IL,Home,Fire,2025-09-18,2025-09-18,25905.39,22567.4,Approved,12.0,False
CLM000345,POL334702,76,NJ,Home,Fire,2025-12-02,2025-12-07,49465.62,0.0,Pending,,False
CLM000346,POL203576,22,PA,Life,Life Benefit,2025-12-21,2025-12-23,28214.6,0.0,Denied,20.0,False
CLM000347,POL396226,22,MI,Auto,Collision,2025-10-02,2025-10-07,42669.2,41265.08,Approved,18.0,False
CLM000348,POL258408,61,MD,Auto,Theft,2026-04-19,2026-04-26,24570.69,17957.35,Approved,30.0,False
CLM000349,POL653839,50,NY,Home,Water Damage,2026-04-15,2026-04-18,31740.49,30584.33,Approved,11.0,True
CLM000350,POL735193,45,MI,Life,Life Benefit,2025-10-15,2025-10-19,8172.86,6480.85,Approved,6.0,False
CLM000351,POL128731,81,CT,Home,Fire,2026-07-03,2026-07-08,38536.46,35662.97,Approved,5.0,False
CLM000352,POL684982,56,OH,Auto,Collision,2025-11-09,2025-11-12,11147.53,0.0,Pending,,False
CLM000353,POL874074,26,CT,Home,Theft,2026-08-20,2026-08-21,15945.77,0.0,Denied,28.0,False
CLM000354,POL671341,63,MA,Life,Life Benefit,2025-11-02,2025-11-06,16789.57,12791.33,Approved,11.0,False
CLM000355,POL306636,70,OH,Home,Fire,2026-09-02,2026-09-03,26540.63,25934.91,Approved,15.0,False
CLM000356,POL110220,75,VA,Renters,Fire,2026-06-10,2026-06-13,8541.55,7175.4,Approved,2.0,False
CLM000357,POL260851,58,CT,Renters,Property Damage,2026-09-11,2026-09-14,5226.99,4496.37,Approved,16.0,False
CLM000358,POL545412,59,OH,Renters,Water Damage,2026-09-08,2026-09-15,4070.79,3931.11,Approved,15.0,False
CLM000359,POL520935,35,VA,Renters,Fire,2026-07-10,2026-07-11,42928.37,32378.76,Approved,22.0,False
CLM000360,POL342390,69,MI,Life,Life Benefit,2025-11-18,2025-11-20,39825.79,31651.69,Approved,5.0,False
CLM000361,POL311329,65,NJ,Life,Life Benefit,2026-01-29,2026-02-03,4401.52,0.0,Denied,29.0,False
CLM000362,POL248363,52,IL,Renters,Property Damage,2025-11-19,2025-11-19,6451.77,5074.53,Approved,7.0,False
CLM000363,POL754564,51,OH,Auto,Glass Damage,2026-04-01,2026-04-05,34827.52,27196.01,Approved,13.0,False
CLM000364,POL811947,84,NJ,Renters,Property Damage,2025-11-25,2025-11-30,29724.02,29110.68,Approved,23.0,False
CLM000365,POL612186,32,IL,Home,Fire,2025-09-16,2025-09-20,38628.74,32934.72,Approved,12.0,False
CLM000366,POL893856,57,PA,Renters,Theft,2025-12-17,2025-12-23,26107.75,20659.13,Approved,22.0,False
CLM000367,POL218682,60,PA,Home,Water Damage,2025-11-04,2025-11-11,29776.22,0.0,Pending,,False
CLM000368,POL146330,66,CT,Auto,Collision,2025-12-09,2025-12-16,7561.8,0.0,Denied,19.0,False
CLM000369,POL336816,26,VA,Life,Life Benefit,2026-07-30,2026-08-04,12008.42,0.0,Denied,34.0,False
CLM000370,POL970006,83,MD,Home,Property Damage,2026-09-10,2026-09-10,887.04,667.4,Approved,5.0,False
CLM000371,POL327950,47,OH,Life,Life Benefit,2026-05-16,2026-05-23,36060.39,31251.44,Approved,22.0,False
CLM000372,POL428604,18,PA,Auto,Weather Damage,2026-04-17,2026-04-23,18058.55,17791.5,Approved,20.0,False
CLM000373,POL317228,41,VA,Renters,Fire,2025-11-02,2025-11-03,10302.45,8202.01,Approved,14.0,False
CLM000374,POL690600,18,NY,Life,Life Benefit,2026-06-22,2026-06-22,26445.0,22794.65,Approved,26.0,False
CLM000375,POL815157,77,NJ,Life,Life Benefit,2025-10-07,2025-10-13,13003.45,0.0,Pending,,False
CLM000376,POL515305,49,OH,Auto,Glass Damage,2026-02-15,2026-02-19,5327.71,0.0,Denied,18.0,False
CLM000377,POL995836,50,MA,Renters,Theft,2025-12-10,2025-12-14,23727.77,19493.84,Approved,3.0,False
CLM000378,POL324282,31,PA,Auto,Collision,2025-10-22,2025-10-25,40573.62,29137.13,Approved,16.0,False
CLM000379,POL470346,44,PA,Renters,Water Damage,2025-11-01,2025-11-02,15381.41,15339.16,Approved,19.0,False
CLM000380,POL266202,80,NJ,Auto,Theft,2026-01-31,2026-02-01,3094.98,0.0,Denied,30.0,False
CLM000381,POL408240,61,NJ,Renters,Property Damage,2026-05-26,2026-05-29,37528.29,36817.19,Approved,9.0,False
CLM000382,POL227269,41,VA,Renters,Theft,2025-12-02,2025-12-04,44888.42,35699.58,Approved,19.0,False
CLM000383,POL355603,37,CT,Renters,Property Damage,2026-05-11,2026-05-13,3530.26,2749.2,Approved,23.0,False
CLM000384,POL859403,37,NY,Home,Property Damage,2026-01-14,2026-01-17,16323.97,12877.5,Approved,6.0,False
CLM000385,POL429159,37,NY,Auto,Theft,2026-06-13,2026-06-17,41416.21,0.0,Denied,28.0,False
CLM000386,POL715089,26,VA,Life,Life Benefit,2026-04-03,2026-04-08,41314.47,0.0,Denied,42.0,False
CLM000387,POL742479,43,NY,Renters,Fire,2026-05-04,2026-05-07,22977.15,17291.46,Approved,23.0,False
CLM000388,POL600890,71,IL,Renters,Theft,2026-02-24,2026-03-01,20986.92,0.0,Denied,37.0,False
CLM000389,POL194539,31,CT,Life,Life Benefit,2025-09-14,2025-09-21,43586.29,0.0,Pending,,False
CLM000390,POL478889,83,PA,Home,Property Damage,2026-06-21,2026-06-25,31403.94,30198.66,Approved,15.0,False
CLM000391,POL197693,30,MI,Life,Life Benefit,2026-06-26,2026-06-30,7642.12,7418.28,Approved,2.0,False
CLM000392,POL250775,68,MA,Auto,Glass Damage,2026-09-09,2026-09-13,35469.9,0.0,Pending,,False
CLM000393,POL399623,41,VA,Life,Life Benefit,2026-07-14,2026-07-15,27823.85,0.0,Denied,29.0,False
CLM000394,POL592383,63,NJ,Renters,Water Damage,2026-03-07,2026-03-09,20056.63,17507.47,Approved,5.0,False
CLM000395,POL444495,24,VA,Auto,Glass Damage,2026-04-16,2026-04-16,9125.53,8678.1,Approved,11.0,True
CLM000396,POL788443,73,MD,Renters,Theft,2025-11-23,2025-11-24,18623.95,16514.31,Approved,17.0,False
CLM000397,POL394678,37,MD,Renters,Theft,2026-02-24,2026-02-28,21306.39,0.0,Denied,45.0,False
CLM000398,POL132780,72,MI,Renters,Property Damage,2026-02-20,2026-02-24,20450.22,17148.28,Approved,26.0,False
CLM000399,POL654534,77,CT,Life,Life Benefit,2025-11-28,2025-12-04,49417.82,35462.99,Approved,24.0,False
CLM000400,POL274175,49,NY,Home,Property Damage,2025-09-18,2025-09-19,24306.98,19778.01,Approved,12.0,False
CLM000401,POL776312,41,CT,Home,Fire,2026-01-07,2026-01-13,48300.09,48002.04,Approved,14.0,False
CLM000402,POL140539,27,OH,Home,Property Damage,2025-12-03,2025-12-10,31855.38,29551.83,Approved,30.0,False
CLM000403,POL411621,78,MA,Life,Life Benefit,2026-01-10,2026-01-10,34030.85,0.0,Denied,35.0,False
CLM000404,POL103901,51,NJ,Renters,Fire,2026-07-26,2026-08-01,6639.18,5750.68,Approved,19.0,False
CLM000405,POL591168,74,CT,Renters,Fire,2026-02-21,2026-02-22,40253.3,0.0,Pending,,False
CLM000406,POL320834,33,VA,Life,Life Benefit,2025-12-23,2025-12-25,28512.98,22712.76,Approved,19.0,False
CLM000407,POL234874,83,NJ,Renters,Theft,2025-10-09,2025-10-16,17859.51,0.0,Denied,3.0,False
CLM000408,POL745458,48,MA,Auto,Glass Damage,2026-06-14,2026-06-14,9630.26,9377.35,Approved,20.0,False
CLM000409,POL463512,67,NJ,Home,Theft,2026-06-27,2026-06-27,23253.25,0.0,Denied,17.0,False
CLM000410,POL389920,42,MD,Renters,Fire,2025-11-30,2025-12-04,8165.89,6194.18,Approved,11.0,False
CLM000411,POL722679,40,IL,Auto,Theft,2026-03-26,2026-03-30,35113.72,25380.24,Approved,24.0,False
CLM000412,POL687074,73,MA,Renters,Theft,2025-10-11,2025-10-12,3422.06,2693.08,Approved,7.0,False
CLM000413,POL494385,82,MD,Life,Life Benefit,2026-08-31,2026-09-06,4476.55,0.0,Pending,,False
CLM000414,POL245046,65,MA,Renters,Water Damage,2026-02-13,2026-02-17,11890.45,0.0,Denied,17.0,False
CLM000415,POL652737,55,OH,Life,Life Benefit,2025-11-11,2025-11-15,8302.22,0.0,Denied,35.0,False
CLM000416,POL449047,82,IL,Renters,Property Damage,2026-08-27,2026-09-03,9480.75,8266.84,Approved,10.0,False
CLM000417,POL485630,56,IL,Home,Fire,2025-11-10,2025-11-10,33604.33,31370.71,Approved,6.0,False
CLM000418,POL559009,31,NJ,Home,Property Damage,2026-05-07,2026-05-12,13710.41,12044.17,Approved,15.0,False
CLM000419,POL146017,76,NJ,Life,Life Benefit,2026-07-10,2026-07-10,5622.33,0.0,Pending,,False
CLM000420,POL301069,20,OH,Life,Life Benefit,2026-06-09,2026-06-13,48825.57,0.0,Denied,32.0,False
CLM000421,POL669283,21,IL,Auto,Collision,2026-07-20,2026-07-22,23832.41,16759.08,Approved,21.0,False
CLM000422,POL493666,62,IL,Auto,Collision,2026-05-26,2026-05-31,3259.16,2573.41,Approved,8.0,False
CLM000423,POL206085,36,MD,Auto,Weather Damage,2026-06-28,2026-07-05,5867.16,4145.49,Approved,11.0,False
CLM000424,POL137153,36,MI,Life,Life Benefit,2026-08-19,2026-08-22,45912.3,33662.3,Approved,26.0,False
CLM000425,POL618161,59,CT,Renters,Property Damage,2026-08-20,2026-08-23,43879.62,0.0,Pending,,True
CLM000426,POL858627,37,MA,Life,Life Benefit,2025-09-21,2025-09-27,11313.85,9846.83,Approved,23.0,False
CLM000427,POL258657,65,PA,Life,Life Benefit,2026-05-14,2026-05-15,13691.02,9621.48,Approved,27.0,False
CLM000428,POL532551,29,NY,Auto,Theft,2026-05-07,2026-05-13,28527.77,28064.22,Approved,28.0,False
CLM000429,POL248799,78,IL,Renters,Property Damage,2026-02-18,2026-02-24,28265.31,27081.96,Approved,30.0,False
CLM000430,POL602674,18,IL,Life,Life Benefit,2026-05-18,2026-05-19,1935.33,1847.5,Approved,10.0,True
CLM000431,POL339137,58,MI,Renters,Water Damage,2026-08-19,2026-08-21,5509.44,0.0,Denied,18.0,False
CLM000432,POL539777,46,OH,Renters,Property Damage,2026-06-11,2026-06-14,11590.43,9132.84,Approved,18.0,False
CLM000433,POL354050,64,PA,Life,Life Benefit,2025-11-26,2025-11-26,9272.35,0.0,Pending,,False
CLM000434,POL378152,50,OH,Renters,Water Damage,2026-05-30,2026-05-31,6130.73,5649.8,Approved,4.0,False
CLM000435,POL132948,31,VA,Renters,Water Damage,2026-09-13,2026-09-20,27084.45,23848.06,Approved,11.0,False
CLM000436,POL520766,76,OH,Renters,Fire,2026-06-25,2026-06-28,6425.41,5917.46,Approved,21.0,False
CLM000437,POL104817,68,PA,Auto,Collision,2025-11-04,2025-11-09,21757.93,20453.28,Approved,19.0,False
CLM000438,POL448622,82,CT,Life,Life Benefit,2026-01-04,2026-01-05,45152.28,38063.67,Approved,18.0,False
CLM000439,POL294036,50,IL,Life,Life Benefit,2026-09-05,2026-09-06,45093.36,0.0,Denied,43.0,False
CLM000440,POL933277,63,MI,Auto,Weather Damage,2026-02-08,2026-02-12,39168.29,0.0,Denied,43.0,False
CLM000441,POL832244,26,CT,Life,Life Benefit,2026-05-04,2026-05-10,16303.12,0.0,Pending,,False
CLM000442,POL812380,30,IL,Renters,Fire,2026-07-05,2026-07-10,34864.16,0.0,Pending,,False
CLM000443,POL201559,22,NY,Life,Life Benefit,2026-02-04,2026-02-04,19218.31,16594.3,Approved,12.0,False
CLM000444,POL498426,48,NY,Auto,Glass Damage,2025-11-08,2025-11-14,5353.48,0.0,Denied,8.0,False
CLM000445,POL149303,48,MD,Auto,Weather Damage,2026-09-11,2026-09-18,17862.36,15279.77,Approved,19.0,False
CLM000446,POL252345,55,MA,Life,Life Benefit,2026-06-05,2026-06-12,1975.94,0.0,Pending,,False
CLM000447,POL457017,53,CT,Auto,Weather Damage,2026-05-13,2026-05-17,32697.19,0.0,Pending,,False
CLM000448,POL595836,58,MI,Home,Property Damage,2026-06-16,2026-06-16,46948.15,0.0,Denied,5.0,False
CLM000449,POL578569,40,MI,Renters,Fire,2026-01-03,2026-01-06,9595.33,9542.33,Approved,6.0,True
CLM000450,POL924022,23,MA,Life,Life Benefit,2025-11-04,2025-11-06,12040.58,10945.3,Approved,22.0,False
CLM000451,POL936541,25,IL,Home,Property Damage,2026-07-14,2026-07-19,32765.85,0.0,Pending,,False
CLM000452,POL845345,40,OH,Renters,Theft,2025-10-27,2025-10-27,9849.18,6919.74,Approved,6.0,False
CLM000453,POL849281,44,MD,Life,Life Benefit,2026-01-19,2026-01-24,36553.52,0.0,Denied,43.0,False
CLM000454,POL207555,75,NY,Auto,Weather Damage,2025-11-12,2025-11-14,47405.68,44056.78,Approved,26.0,False
CLM000455,POL629332,75,OH,Life,Life Benefit,2026-01-21,2026-01-28,11849.79,9761.45,Approved,18.0,False
CLM000456,POL213983,70,IL,Home,Fire,2026-07-01,2026-07-02,18139.56,0.0,Denied,39.0,False
CLM000457,POL711672,18,MI,Auto,Collision,2026-03-08,2026-03-13,31764.32,30234.39,Approved,21.0,False
CLM000458,POL643261,60,NY,Auto,Theft,2026-07-26,2026-08-01,9524.56,0.0,Denied,15.0,False
CLM000459,POL369692,83,NJ,Renters,Water Damage,2026-01-12,2026-01-13,34391.46,24704.11,Approved,7.0,False
CLM000460,POL726729,80,IL,Life,Life Benefit,2026-04-30,2026-05-03,35212.78,0.0,Denied,14.0,False
CLM000461,POL643306,29,OH,Home,Property Damage,2026-04-07,2026-04-07,1327.16,0.0,Pending,,False
CLM000462,POL416612,23,MA,Life,Life Benefit,2025-12-12,2025-12-14,6696.5,5962.32,Approved,29.0,False
CLM000463,POL450556,69,OH,Home,Water Damage,2026-05-08,2026-05-12,43277.84,38446.86,Approved,4.0,False
CLM000464,POL358791,48,IL,Renters,Water Damage,2025-09-14,2025-09-21,48153.8,37836.28,Approved,16.0,False
CLM000465,POL562028,22,CT,Auto,Collision,2026-04-16,2026-04-17,23246.43,17711.76,Approved,16.0,False
CLM000466,POL620868,80,NJ,Home,Property Damage,2025-12-22,2025-12-25,34361.53,29187.3,Approved,9.0,False
CLM000467,POL440404,28,NJ,Home,Fire,2026-01-28,2026-01-29,2729.03,2016.96,Approved,21.0,False
CLM000468,POL888751,43,VA,Life,Life Benefit,2026-08-21,2026-08-25,25390.71,20555.35,Approved,28.0,False
CLM000469,POL267704,24,OH,Renters,Theft,2026-07-25,2026-07-30,11993.98,0.0,Pending,,False
CLM000470,POL719354,72,NY,Renters,Property Damage,2025-11-19,2025-11-23,26341.79,0.0,Denied,20.0,False
CLM000471,POL175346,45,OH,Home,Theft,2025-12-13,2025-12-13,6778.31,6336.46,Approved,15.0,False
CLM000472,POL573752,58,VA,Renters,Fire,2025-11-12,2025-11-15,34810.68,34388.22,Approved,15.0,False
CLM000473,POL748023,71,PA,Life,Life Benefit,2026-03-24,2026-03-25,19227.63,16151.71,Approved,10.0,False
CLM000474,POL970636,36,MI,Life,Life Benefit,2026-03-04,2026-03-06,34590.43,26032.75,Approved,6.0,False
CLM000475,POL880813,76,VA,Life,Life Benefit,2026-09-01,2026-09-06,30647.87,22140.1,Approved,25.0,False
CLM000476,POL394449,71,OH,Renters,Fire,2026-06-10,2026-06-13,7457.12,5868.63,Approved,21.0,False
CLM000477,POL949374,24,NJ,Life,Life Benefit,2026-02-26,2026-03-05,21049.05,0.0,Denied,6.0,False
CLM000478,POL312879,27,PA,Renters,Water Damage,2026-05-06,2026-05-12,35304.17,27038.47,Approved,8.0,False
CLM000479,POL832035,21,MA,Auto,Theft,2026-05-12,2026-05-15,9576.93,7342.59,Approved,10.0,False
CLM000480,POL382312,53,PA,Home,Theft,2026-04-05,2026-04-06,48144.13,45832.37,Approved,24.0,False
CLM000481,POL394440,23,MA,Home,Theft,2026-06-14,2026-06-21,23267.58,16737.07,Approved,25.0,True
CLM000482,POL959827,39,MI,Life,Life Benefit,2026-01-10,2026-01-12,14722.56,0.0,Denied,41.0,False
CLM000483,POL334800,44,NY,Home,Fire,2026-01-31,2026-02-04,15109.95,11201.36,Approved,14.0,True
CLM000484,POL360467,41,VA,Auto,Weather Damage,2026-02-04,2026-02-04,30688.2,27534.39,Approved,9.0,False
CLM000485,POL551659,72,PA,Renters,Theft,2025-12-01,2025-12-04,22639.1,16767.14,Approved,28.0,False
CLM000486,POL299970,75,PA,Auto,Weather Damage,2026-05-02,2026-05-08,33795.03,0.0,Denied,10.0,False
CLM000487,POL360846,80,MA,Auto,Theft,2025-10-07,2025-10-07,36095.85,34739.81,Approved,4.0,False
CLM000488,POL179036,20,PA,Auto,Theft,2026-04-16,2026-04-19,12422.96,10727.4,Approved,17.0,False
CLM000489,POL375079,65,OH,Auto,Weather Damage,2026-06-28,2026-06-28,24610.05,0.0,Denied,10.0,False
CLM000490,POL334254,57,MI,Life,Life Benefit,2025-09-30,2025-10-06,8567.3,0.0,Pending,,False
CLM000491,POL515633,18,OH,Home,Theft,2025-11-02,2025-11-04,6014.18,5404.13,Approved,28.0,False
CLM000492,POL206741,47,MD,Auto,Theft,2026-05-30,2026-05-31,36671.4,35967.53,Approved,14.0,False
CLM000493,POL247457,30,IL,Renters,Property Damage,2026-04-26,2026-04-29,32325.7,29256.33,Approved,27.0,False
CLM000494,POL723356,49,IL,Auto,Collision,2025-10-27,2025-11-01,4175.41,3121.89,Approved,14.0,False
CLM000495,POL181798,81,CT,Renters,Water Damage,2026-03-26,2026-03-27,3292.83,2629.2,Approved,21.0,False
CLM000496,POL775135,66,MA,Home,Theft,2026-05-05,2026-05-06,46118.58,34142.01,Approved,13.0,False
CLM000497,POL853773,37,MD,Home,Property Damage,2025-12-02,2025-12-09,7711.02,0.0,Pending,,True
CLM000498,POL797626,26,OH,Life,Life Benefit,2025-12-06,2025-12-10,47358.34,36138.94,Approved,5.0,False
CLM000499,POL663289,63,MA,Home,Theft,2026-07-02,2026-07-07,7736.59,5656.4,Approved,7.0,False
CLM000500,POL981834,49,MD,Renters,Theft,2026-04-17,2026-04-24,45939.63,35653.92,Approved,27.0,False
CLM000501,POL158553,23,MI,Life,Life Benefit,2026-02-21,2026-02-22,19362.19,17428.61,Approved,18.0,False
CLM000502,POL775130,49,MI,Renters,Water Damage,2026-01-09,2026-01-10,33444.8,24439.6,Approved,15.0,False
CLM000503,POL523682,31,OH,Life,Life Benefit,2025-11-19,2025-11-23,29077.94,27858.14,Approved,21.0,False
CLM000504,POL836356,39,NY,Home,Property Damage,2025-11-11,2025-11-18,40057.85,35289.33,Approved,12.0,False
CLM000505,POL719970,52,OH,Renters,Property Damage,2026-01-19,2026-01-25,44430.68,32087.77,Approved,27.0,False
CLM000506,POL932441,27,CT,Auto,Glass Damage,2026-05-27,2026-05-29,7054.86,0.0,Pending,,False
CLM000507,POL169548,44,NY,Auto,Collision,2026-01-03,2026-01-07,28865.17,26688.28,Approved,3.0,False
CLM000508,POL635165,28,NY,Auto,Glass Damage,2026-08-02,2026-08-08,43459.02,36520.07,Approved,4.0,False
CLM000509,POL457968,21,MD,Auto,Collision,2026-05-18,2026-05-21,19387.35,17347.77,Approved,5.0,False
CLM000510,POL693814,42,MD,Renters,Fire,2026-01-31,2026-02-02,41403.44,0.0,Denied,45.0,False
CLM000511,POL136938,33,MA,Life,Life Benefit,2025-11-01,2025-11-04,36115.78,28783.67,Approved,30.0,False
CLM000512,POL312274,61,PA,Home,Fire,2026-05-01,2026-05-04,4628.08,4323.01,Approved,10.0,False
CLM000513,POL775702,83,OH,Life,Life Benefit,2026-07-19,2026-07-23,41240.14,0.0,Denied,11.0,False
CLM000514,POL490606,53,MA,Renters,Water Damage,2026-03-01,2026-03-01,32316.88,24348.48,Approved,16.0,False
CLM000515,POL754969,25,IL,Home,Fire,2025-12-27,2025-12-31,23632.17,22958.6,Approved,9.0,False
CLM000516,POL810624,82,NJ,Renters,Water Damage,2025-11-22,2025-11-23,3237.73,3228.76,Approved,24.0,False
CLM000517,POL137261,33,OH,Auto,Collision,2025-10-16,2025-10-18,40241.78,0.0,Pending,,False
CLM000518,POL125042,29,VA,Renters,Theft,2026-04-28,2026-04-30,32812.62,26712.58,Approved,14.0,False
CLM000519,POL510948,70,CT,Home,Fire,2025-09-14,2025-09-19,31949.45,31592.33,Approved,17.0,False
CLM000520,POL789384,84,IL,Auto,Glass Damage,2026-06-23,2026-06-25,41308.79,34949.47,Approved,5.0,False
CLM000521,POL601619,41,PA,Home,Water Damage,2026-09-06,2026-09-12,45192.01,38968.42,Approved,13.0,False
CLM000522,POL124515,31,IL,Home,Property Damage,2025-09-16,2025-09-23,37778.41,32243.25,Approved,22.0,False
CLM000523,POL393416,25,NJ,Renters,Fire,2026-06-04,2026-06-09,45491.16,42537.11,Approved,18.0,True
CLM000524,POL316363,62,MI,Life,Life Benefit,2026-02-26,2026-03-02,48405.75,0.0,Denied,18.0,False
CLM000525,POL599211,82,PA,Auto,Glass Damage,2026-01-21,2026-01-23,42118.26,36527.92,Approved,20.0,False
CLM000526,POL395196,28,CT,Life,Life Benefit,2026-02-20,2026-02-25,47448.12,39573.52,Approved,22.0,False
CLM000527,POL304702,63,CT,Home,Property Damage,2026-04-27,2026-04-30,30014.06,25743.6,Approved,18.0,False
CLM000528,POL617338,67,VA,Life,Life Benefit,2026-01-08,2026-01-15,30662.07,0.0,Denied,26.0,True
CLM000529,POL319266,85,OH,Home,Theft,2026-02-26,2026-03-01,35115.18,0.0,Denied,12.0,False
CLM000530,POL423563,50,MI,Renters,Fire,2026-01-11,2026-01-16,22356.89,21456.94,Approved,18.0,False
CLM000531,POL832272,52,PA,Renters,Theft,2026-02-23,2026-02-24,13804.57,11703.14,Approved,17.0,False
CLM000532,POL873739,42,CT,Renters,Fire,2026-04-24,2026-04-24,36138.6,31701.95,Approved,2.0,False
CLM000533,POL388520,32,MD,Life,Life Benefit,2026-03-04,2026-03-10,5938.23,5767.79,Approved,17.0,False
CLM000534,POL226308,70,NY,Home,Water Damage,2025-12-13,2025-12-17,13336.7,10227.44,Approved,5.0,False
CLM000535,POL554592,23,IL,Home,Property Damage,2026-01-16,2026-01-21,24870.51,0.0,Pending,,False
CLM000536,POL801631,55,PA,Renters,Theft,2025-11-14,2025-11-14,35109.19,0.0,Denied,5.0,False
CLM000537,POL961237,68,MA,Renters,Property Damage,2026-01-29,2026-01-31,31048.94,29021.57,Approved,27.0,False
CLM000538,POL553488,45,MD,Renters,Fire,2026-08-19,2026-08-25,4938.71,4212.28,Approved,6.0,False
CLM000539,POL825520,37,MD,Auto,Collision,2025-11-13,2025-11-13,30958.2,0.0,Denied,34.0,False
CLM000540,POL978137,78,MA,Auto,Weather Damage,2026-06-05,2026-06-05,35456.14,28612.99,Approved,4.0,False
CLM000541,POL138930,80,IL,Auto,Glass Damage,2026-09-11,2026-09-12,21564.21,20854.02,Approved,5.0,False
CLM000542,POL680646,68,OH,Auto,Collision,2026-01-01,2026-01-04,18840.35,16798.5,Approved,6.0,False
CLM000543,POL338681,54,MD,Home,Water Damage,2026-01-27,2026-01-30,24154.68,0.0,Denied,10.0,False
CLM000544,POL242222,51,IL,Renters,Theft,2025-12-15,2025-12-18,5625.55,4607.57,Approved,23.0,False
CLM000545,POL590932,42,PA,Home,Property Damage,2026-01-10,2026-01-17,11074.25,8581.33,Approved,17.0,False
CLM000546,POL679201,70,VA,Auto,Glass Damage,2026-06-19,2026-06-24,35314.1,29164.15,Approved,14.0,False
CLM000547,POL912560,48,NJ,Renters,Property Damage,2026-01-09,2026-01-14,26582.78,25539.87,Approved,14.0,False
CLM000548,POL641313,31,MA,Home,Theft,2025-11-03,2025-11-08,13843.11,12350.91,Approved,26.0,False
CLM000549,POL130445,56,MA,Home,Property Damage,2025-11-08,2025-11-11,2994.97,2141.91,Approved,3.0,False
CLM000550,POL250939,55,NJ,Life,Life Benefit,2025-09-28,2025-09-30,10700.49,0.0,Pending,,False
CLM000551,POL925141,26,NY,Renters,Fire,2026-06-10,2026-06-14,34732.63,27967.11,Approved,23.0,False
CLM000552,POL399852,22,PA,Life,Life Benefit,2026-05-11,2026-05-11,26156.93,19024.15,Approved,29.0,False
CLM000553,POL479316,48,CT,Life,Life Benefit,2026-08-14,2026-08-21,45642.96,43885.26,Approved,18.0,False
CLM000554,POL874262,49,PA,Auto,Weather Damage,2026-08-15,2026-08-21,41205.86,35183.31,Approved,27.0,False
CLM000555,POL150953,54,MA,Home,Property Damage,2025-10-07,2025-10-10,28862.19,25800.92,Approved,25.0,False
CLM000556,POL782824,84,MA,Home,Property Damage,2026-03-07,2026-03-10,38748.09,0.0,Denied,30.0,False
CLM000557,POL142950,81,NJ,Renters,Fire,2026-02-18,2026-02-20,24158.31,0.0,Denied,36.0,True
CLM000558,POL190045,58,PA,Renters,Property Damage,2026-08-06,2026-08-09,3495.54,0.0,Pending,,False
CLM000559,POL434264,53,VA,Home,Theft,2026-03-04,2026-03-07,7669.31,7109.07,Approved,7.0,False
CLM000560,POL304744,70,MD,Renters,Property Damage,2026-05-03,2026-05-04,30588.24,22639.86,Approved,22.0,False
CLM000561,POL596327,52,PA,Life,Life Benefit,2025-11-17,2025-11-23,4595.2,0.0,Denied,14.0,False
CLM000562,POL228050,41,IL,Auto,Theft,2025-09-24,2025-09-29,10650.94,0.0,Denied,24.0,False
CLM000563,POL782322,39,PA,Renters,Theft,2026-06-03,2026-06-10,13620.42,10666.52,Approved,21.0,False
CLM000564,POL666197,52,MD,Renters,Property Damage,2026-07-27,2026-07-31,11921.29,9968.39,Approved,7.0,False
CLM000565,POL590183,81,NY,Life,Life Benefit,2026-08-24,2026-08-24,35887.81,29665.89,Approved,21.0,False
CLM000566,POL361294,22,IL,Renters,Water Damage,2026-08-03,2026-08-08,44671.1,38339.81,Approved,9.0,False
CLM000567,POL654579,83,CT,Auto,Weather Damage,2025-10-28,2025-11-04,35057.57,24975.29,Approved,5.0,False
CLM000568,POL630331,85,VA,Home,Property Damage,2026-05-31,2026-06-05,48084.97,34693.53,Approved,22.0,False
CLM000569,POL800067,34,MA,Life,Life Benefit,2025-12-23,2025-12-26,7382.74,5709.65,Approved,13.0,False
CLM000570,POL727793,36,NY,Auto,Collision,2025-10-19,2025-10-24,10121.97,9974.58,Approved,10.0,False
CLM000571,POL842329,60,MA,Home,Water Damage,2026-06-18,2026-06-19,48856.46,0.0,Denied,29.0,False
CLM000572,POL784415,45,VA,Life,Life Benefit,2026-04-16,2026-04-22,25263.95,0.0,Denied,24.0,False
CLM000573,POL983453,72,MI,Renters,Water Damage,2026-08-08,2026-08-12,17208.52,14030.34,Approved,17.0,False
CLM000574,POL352075,26,NJ,Auto,Weather Damage,2026-07-06,2026-07-11,30335.5,27573.1,Approved,12.0,False
CLM000575,POL143602,44,CT,Auto,Glass Damage,2026-08-14,2026-08-21,10326.26,8184.87,Approved,26.0,True
CLM000576,POL687197,66,PA,Home,Property Damage,2026-08-02,2026-08-05,39710.85,0.0,Denied,38.0,False
CLM000577,POL526035,61,MA,Renters,Water Damage,2026-04-15,2026-04-18,38073.86,35468.2,Approved,27.0,False
CLM000578,POL342641,73,MA,Auto,Weather Damage,2026-02-08,2026-02-11,11649.82,9199.28,Approved,2.0,False
CLM000579,POL959023,26,CT,Renters,Fire,2026-01-06,2026-01-10,3466.84,3394.85,Approved,26.0,False
CLM000580,POL309290,47,MI,Auto,Weather Damage,2026-07-06,2026-07-08,43443.62,33266.51,Approved,22.0,False
CLM000581,POL605336,40,PA,Renters,Theft,2025-09-23,2025-09-26,16376.57,13515.68,Approved,30.0,False
CLM000582,POL984758,35,CT,Home,Fire,2025-11-14,2025-11-21,14593.27,13204.52,Approved,30.0,False
CLM000583,POL170161,60,CT,Auto,Collision,2026-07-04,2026-07-08,36487.04,30342.32,Approved,23.0,False
CLM000584,POL435943,47,IL,Auto,Weather Damage,2026-07-07,2026-07-14,40820.09,38254.13,Approved,24.0,False
CLM000585,POL924290,55,MA,Life,Life Benefit,2026-02-22,2026-02-27,25959.62,25010.97,Approved,11.0,True
CLM000586,POL634982,43,MA,Renters,Fire,2025-10-08,2025-10-11,35797.45,0.0,Denied,34.0,True
CLM000587,POL375412,71,NJ,Auto,Theft,2026-02-04,2026-02-10,30441.32,26442.55,Approved,7.0,False
CLM000588,POL660207,37,MI,Renters,Water Damage,2026-03-06,2026-03-10,24902.94,0.0,Denied,45.0,False
CLM000589,POL628981,31,VA,Auto,Collision,2025-10-11,2025-10-14,35845.68,28655.02,Approved,3.0,False
CLM000590,POL516213,29,NJ,Renters,Fire,2025-10-04,2025-10-11,37011.74,32866.14,Approved,24.0,True
CLM000591,POL577419,59,OH,Renters,Theft,2026-02-27,2026-03-02,19986.08,0.0,Denied,31.0,False
CLM000592,POL393707,75,OH,Renters,Water Damage,2025-10-28,2025-10-30,27124.81,0.0,Pending,,False
CLM000593,POL154342,40,VA,Life,Life Benefit,2025-12-28,2025-12-28,25343.42,22656.84,Approved,21.0,False
CLM000594,POL749427,24,NJ,Home,Fire,2026-09-12,2026-09-15,22836.64,18292.07,Approved,26.0,False
CLM000595,POL488044,57,MA,Renters,Water Damage,2026-08-19,2026-08-19,30859.82,0.0,Denied,12.0,False
CLM000596,POL266666,70,PA,Home,Property Damage,2026-01-21,2026-01-26,44336.58,40963.48,Approved,16.0,False
CLM000597,POL145121,73,MD,Auto,Theft,2026-06-01,2026-06-07,47326.45,43705.09,Approved,20.0,False
CLM000598,POL855215,72,NY,Auto,Weather Damage,2026-09-05,2026-09-09,46713.38,0.0,Denied,35.0,False
CLM000599,POL551662,51,IL,Auto,Glass Damage,2025-12-29,2026-01-02,42622.42,31630.77,Approved,2.0,False
CLM000600,POL253780,58,VA,Renters,Water Damage,2026-08-13,2026-08-16,43921.5,0.0,Denied,33.0,False
CLM000601,POL832257,52,MD,Home,Property Damage,2026-03-02,2026-03-02,48604.78,47334.18,Approved,9.0,False
CLM000602,POL332915,63,VA,Auto,Weather Damage,2026-08-22,2026-08-22,21928.74,21917.63,Approved,12.0,False
CLM000603,POL310673,61,OH,Renters,Property Damage,2026-08-07,2026-08-13,2578.36,2224.33,Approved,23.0,False
CLM000604,POL342922,63,OH,Auto,Theft,2026-06-23,2026-06-24,2734.84,2196.07,Approved,7.0,False
CLM000605,POL383694,22,MA,Home,Water Damage,2026-07-01,2026-07-06,20667.24,17008.27,Approved,7.0,False
CLM000606,POL732477,44,OH,Life,Life Benefit,2026-08-24,2026-08-26,18270.95,12890.04,Approved,24.0,False
CLM000607,POL951076,74,VA,Home,Theft,2026-01-23,2026-01-23,22142.43,20622.53,Approved,5.0,False
CLM000608,POL997484,53,PA,Home,Property Damage,2026-02-27,2026-03-03,10057.37,9665.54,Approved,8.0,False
CLM000609,POL625164,41,OH,Renters,Fire,2026-08-30,2026-08-31,32970.0,0.0,Pending,,False
CLM000610,POL644987,44,IL,Auto,Theft,2026-01-20,2026-01-26,37532.82,28873.4,Approved,12.0,False
CLM000611,POL934074,28,MA,Life,Life Benefit,2025-10-01,2025-10-01,16491.41,12679.0,Approved,27.0,False
CLM000612,POL991212,54,MI,Home,Water Damage,2026-06-29,2026-07-03,29856.5,0.0,Pending,,False
CLM000613,POL889263,39,IL,Life,Life Benefit,2025-12-27,2025-12-28,29975.42,0.0,Denied,22.0,False
CLM000614,POL317321,82,IL,Renters,Fire,2026-09-12,2026-09-16,18128.74,13832.11,Approved,20.0,False
CLM000615,POL969207,18,NY,Renters,Theft,2025-10-13,2025-10-18,10760.56,9409.25,Approved,19.0,False
CLM000616,POL990664,46,NY,Home,Theft,2025-11-12,2025-11-12,11692.1,8716.82,Approved,16.0,False
CLM000617,POL378975,34,NY,Life,Life Benefit,2025-09-22,2025-09-24,48914.95,40035.91,Approved,6.0,False
CLM000618,POL363995,46,NJ,Renters,Theft,2026-02-20,2026-02-22,32414.03,0.0,Denied,22.0,False
CLM000619,POL832483,22,PA,Renters,Water Damage,2026-07-17,2026-07-22,2933.37,2756.43,Approved,13.0,False
CLM000620,POL914437,67,MI,Life,Life Benefit,2026-01-02,2026-01-05,38233.24,28399.94,Approved,8.0,False
CLM000621,POL114653,45,IL,Home,Property Damage,2026-01-23,2026-01-23,30574.85,26706.32,Approved,24.0,False
CLM000622,POL258831,44,MI,Renters,Theft,2025-12-28,2025-12-28,6311.94,0.0,Denied,42.0,False
CLM000623,POL909246,53,MD,Auto,Collision,2026-07-14,2026-07-16,7968.11,0.0,Denied,43.0,False
CLM000624,POL448821,75,MA,Auto,Collision,2025-12-19,2025-12-22,39563.48,39111.79,Approved,24.0,False
CLM000625,POL571636,84,OH,Renters,Water Damage,2026-01-18,2026-01-19,44681.84,42036.14,Approved,27.0,False
CLM000626,POL297785,30,NY,Home,Fire,2026-05-17,2026-05-19,22959.54,17221.96,Approved,8.0,False
CLM000627,POL900064,50,NY,Life,Life Benefit,2026-03-16,2026-03-20,10105.41,9333.35,Approved,2.0,False
CLM000628,POL364040,57,IL,Auto,Collision,2025-11-17,2025-11-17,20872.85,15728.25,Approved,4.0,False
CLM000629,POL664089,39,PA,Renters,Theft,2026-01-16,2026-01-22,40144.91,36322.7,Approved,26.0,False
CLM000630,POL132084,22,PA,Home,Water Damage,2026-06-26,2026-06-29,19132.92,17617.52,Approved,10.0,True
CLM000631,POL790469,24,IL,Auto,Weather Damage,2026-09-10,2026-09-16,23655.59,0.0,Pending,,False
CLM000632,POL365208,67,OH,Home,Water Damage,2026-01-23,2026-01-23,29339.6,0.0,Pending,,False
CLM000633,POL551008,71,VA,Life,Life Benefit,2026-08-24,2026-08-25,23505.63,20276.36,Approved,6.0,False
CLM000634,POL635450,46,NJ,Renters,Fire,2026-09-07,2026-09-09,14947.22,0.0,Denied,20.0,False
CLM000635,POL569127,45,MI,Life,Life Benefit,2025-11-07,2025-11-13,36770.61,30932.0,Approved,7.0,False
CLM000636,POL756812,67,NJ,Home,Fire,2026-08-14,2026-08-20,4280.93,3006.87,Approved,24.0,False
CLM000637,POL332327,56,NJ,Home,Theft,2025-11-30,2025-12-04,18413.06,14291.44,Approved,30.0,False
CLM000638,POL873766,45,MD,Auto,Collision,2026-04-27,2026-04-28,49859.76,43812.79,Approved,6.0,False
CLM000639,POL315388,69,MI,Renters,Fire,2026-01-17,2026-01-18,2424.3,0.0,Pending,,False
CLM000640,POL576446,56,NY,Auto,Glass Damage,2026-01-14,2026-01-17,10306.71,0.0,Pending,,False
CLM000641,POL736831,37,MA,Auto,Collision,2025-11-25,2025-11-26,14385.82,13939.98,Approved,19.0,False
CLM000642,POL418812,41,MA,Life,Life Benefit,2026-02-17,2026-02-22,37507.3,27190.98,Approved,21.0,False
CLM000643,POL504766,61,IL,Home,Water Damage,2026-06-22,2026-06-26,6823.61,6081.16,Approved,12.0,True
CLM000644,POL736092,37,MD,Auto,Weather Damage,2026-03-24,2026-03-28,28258.31,27891.26,Approved,16.0,False
CLM000645,POL890035,46,MD,Life,Life Benefit,2026-04-05,2026-04-05,33203.72,27113.48,Approved,16.0,False
CLM000646,POL103898,45,NJ,Renters,Fire,2025-12-23,2025-12-27,47726.56,36377.1,Approved,14.0,True
CLM000647,POL473752,67,OH,Life,Life Benefit,2026-04-30,2026-05-06,12515.39,10270.72,Approved,9.0,False
CLM000648,POL601596,42,MD,Auto,Theft,2025-09-25,2025-09-28,32557.74,25242.02,Approved,25.0,False
CLM000649,POL513463,75,MI,Auto,Theft,2026-05-02,2026-05-07,49395.39,46965.42,Approved,9.0,False
CLM000650,POL535288,28,MA,Auto,Glass Damage,2026-06-16,2026-06-18,770.62,747.07,Approved,20.0,False
CLM000651,POL641336,45,MI,Renters,Theft,2026-06-24,2026-06-26,26247.7,0.0,Pending,,False
CLM000652,POL320350,67,MD,Life,Life Benefit,2026-06-13,2026-06-18,35132.35,0.0,Denied,7.0,True
CLM000653,POL840598,18,CT,Home,Fire,2026-03-15,2026-03-18,31095.38,30139.19,Approved,18.0,False
CLM000654,POL386065,81,MD,Renters,Water Damage,2025-09-21,2025-09-28,1767.81,1478.52,Approved,20.0,False
CLM000655,POL120457,67,MA,Life,Life Benefit,2026-02-05,2026-02-05,48972.48,38248.29,Approved,25.0,False
CLM000656,POL492444,84,CT,Life,Life Benefit,2025-09-21,2025-09-21,17175.93,14554.71,Approved,22.0,False
CLM000657,POL819520,31,MA,Auto,Glass Damage,2026-07-26,2026-08-02,46535.91,0.0,Denied,13.0,False
CLM000658,POL339469,33,MD,Life,Life Benefit,2026-02-01,2026-02-05,23325.09,19488.21,Approved,14.0,False
CLM000659,POL971882,59,MD,Home,Water Damage,2025-10-22,2025-10-23,1210.48,0.0,Denied,39.0,False
CLM000660,POL387698,42,VA,Renters,Property Damage,2026-05-05,2026-05-05,12242.39,10972.26,Approved,8.0,False
CLM000661,POL378869,54,MI,Life,Life Benefit,2025-09-21,2025-09-23,29391.13,20713.39,Approved,14.0,False
CLM000662,POL205543,20,IL,Home,Property Damage,2026-08-20,2026-08-22,5076.29,0.0,Pending,,False
CLM000663,POL377740,65,MA,Auto,Theft,2026-06-08,2026-06-15,38627.54,31484.84,Approved,7.0,False
CLM000664,POL173244,39,MD,Renters,Water Damage,2025-12-01,2025-12-04,39293.93,36939.13,Approved,30.0,False
CLM000665,POL604386,83,MI,Home,Water Damage,2025-10-22,2025-10-29,45165.68,0.0,Denied,18.0,False
CLM000666,POL694970,41,NY,Home,Water Damage,2025-11-05,2025-11-12,37513.62,27684.0,Approved,23.0,False
CLM000667,POL641154,60,PA,Auto,Theft,2026-09-06,2026-09-09,21267.85,17594.95,Approved,24.0,False
CLM000668,POL415052,66,PA,Renters,Water Damage,2025-11-27,2025-12-02,47754.36,0.0,Denied,18.0,False
CLM000669,POL672318,18,PA,Life,Life Benefit,2025-10-21,2025-10-25,4161.24,4136.47,Approved,22.0,True
CLM000670,POL832354,24,IL,Home,Water Damage,2026-07-17,2026-07-21,10381.01,0.0,Denied,25.0,False
CLM000671,POL568817,23,NJ,Life,Life Benefit,2026-01-06,2026-01-07,30047.58,0.0,Pending,,False
CLM000672,POL734592,55,MI,Renters,Theft,2025-11-04,2025-11-11,3236.96,2677.5,Approved,4.0,False
CLM000673,POL556052,44,MA,Home,Water Damage,2026-05-18,2026-05-24,39206.04,30876.02,Approved,16.0,False
CLM000674,POL480206,45,PA,Life,Life Benefit,2026-06-02,2026-06-02,8722.88,7667.76,Approved,19.0,False
CLM000675,POL697807,42,CT,Life,Life Benefit,2025-11-10,2025-11-13,44032.94,38980.39,Approved,24.0,True
CLM000676,POL864494,29,NY,Auto,Weather Damage,2025-11-06,2025-11-11,33870.41,24831.54,Approved,20.0,False
CLM000677,POL963796,21,NY,Life,Life Benefit,2026-08-25,2026-08-30,12992.64,10536.02,Approved,19.0,False
CLM000678,POL160177,47,OH,Auto,Theft,2025-11-14,2025-11-20,45916.3,33746.88,Approved,10.0,False
CLM000679,POL814530,58,NJ,Life,Life Benefit,2025-12-08,2025-12-15,16841.45,14105.78,Approved,16.0,False
CLM000680,POL148095,63,PA,Life,Life Benefit,2026-02-19,2026-02-25,23700.33,0.0,Denied,15.0,False
CLM000681,POL588878,45,IL,Renters,Water Damage,2026-03-22,2026-03-29,10352.67,8483.08,Approved,5.0,False
CLM000682,POL733975,81,VA,Life,Life Benefit,2026-04-13,2026-04-13,14684.23,10304.15,Approved,21.0,True
CLM000683,POL577698,51,IL,Home,Fire,2026-05-26,2026-05-30,13564.82,11547.2,Approved,23.0,False
CLM000684,POL701816,63,NJ,Auto,Collision,2026-06-13,2026-06-15,13921.04,0.0,Pending,,True
CLM000685,POL806983,41,NY,Auto,Weather Damage,2026-05-12,2026-05-15,19158.62,0.0,Denied,14.0,False
CLM000686,POL139808,65,MD,Life,Life Benefit,2026-02-23,2026-02-24,650.42,486.45,Approved,4.0,False
CLM000687,POL891306,61,NJ,Home,Property Damage,2026-04-30,2026-04-30,36806.53,0.0,Denied,10.0,False
CLM000688,POL297983,38,CT,Auto,Collision,2026-01-23,2026-01-29,44295.03,33758.2,Approved,13.0,False
CLM000689,POL240519,76,CT,Auto,Glass Damage,2026-07-30,2026-07-31,44351.72,43387.69,Approved,9.0,False
CLM000690,POL310826,30,IL,Home,Fire,2026-04-22,2026-04-22,30982.89,0.0,Denied,43.0,False
CLM000691,POL713853,31,MI,Life,Life Benefit,2025-11-19,2025-11-23,49476.56,0.0,Pending,,False
CLM000692,POL939016,83,MD,Renters,Property Damage,2025-10-03,2025-10-04,23902.12,22032.82,Approved,8.0,False
CLM000693,POL328299,50,MD,Life,Life Benefit,2026-06-03,2026-06-04,7152.84,0.0,Pending,,False
CLM000694,POL722764,65,MA,Home,Fire,2026-02-06,2026-02-09,21105.11,20556.64,Approved,10.0,False
CLM000695,POL244904,35,IL,Renters,Theft,2026-03-22,2026-03-27,4213.55,0.0,Denied,30.0,False
CLM000696,POL568494,47,NJ,Life,Life Benefit,2026-01-23,2026-01-27,20737.97,0.0,Pending,,False
CLM000697,POL393551,27,MI,Home,Water Damage,2025-10-29,2025-10-30,2272.28,2140.69,Approved,29.0,False
CLM000698,POL585826,83,NY,Auto,Theft,2026-05-09,2026-05-16,40744.95,34270.86,Approved,11.0,False
CLM000699,POL257297,75,MI,Auto,Collision,2026-08-08,2026-08-15,8997.63,0.0,Pending,,False
CLM000700,POL763853,20,PA,Life,Life Benefit,2026-03-02,2026-03-06,29397.54,23213.85,Approved,23.0,False
CLM000701,POL711195,42,MA,Renters,Water Damage,2026-01-21,2026-01-25,22861.87,0.0,Denied,29.0,False
CLM000702,POL250434,79,MI,Renters,Fire,2026-03-28,2026-04-02,20401.35,0.0,Pending,,False
CLM000703,POL776340,76,NJ,Life,Life Benefit,2026-05-01,2026-05-08,14931.2,12390.03,Approved,5.0,False
CLM000704,POL295620,72,PA,Auto,Glass Damage,2026-02-03,2026-02-05,13705.51,11231.81,Approved,22.0,False
CLM000705,POL406457,66,PA,Home,Water Damage,2026-04-23,2026-04-25,35100.63,30130.73,Approved,24.0,False
CLM000706,POL886925,51,OH,Life,Life Benefit,2026-08-06,2026-08-10,4146.16,3702.62,Approved,7.0,False
CLM000707,POL883731,49,VA,Renters,Property Damage,2026-02-15,2026-02-21,15776.12,13584.05,Approved,11.0,False
CLM000708,POL254503,69,CT,Renters,Property Damage,2026-03-09,2026-03-16,21850.6,0.0,Denied,24.0,False
CLM000709,POL597253,24,CT,Life,Life Benefit,2026-05-22,2026-05-29,27335.53,22998.13,Approved,13.0,False
CLM000710,POL663724,56,VA,Home,Property Damage,2026-05-18,2026-05-18,4964.92,4689.6,Approved,2.0,False
CLM000711,POL693094,82,PA,Life,Life Benefit,2026-02-14,2026-02-17,20624.06,0.0,Denied,15.0,True
CLM000712,POL678226,20,NJ,Home,Water Damage,2026-04-26,2026-04-27,19288.8,0.0,Denied,18.0,True
CLM000713,POL231357,34,MI,Renters,Water Damage,2026-02-01,2026-02-04,24981.79,18118.31,Approved,11.0,False
CLM000714,POL109312,28,OH,Life,Life Benefit,2026-03-20,2026-03-20,26239.28,21306.24,Approved,16.0,False
CLM000715,POL751085,33,CT,Life,Life Benefit,2026-03-03,2026-03-05,13993.33,0.0,Pending,,False
CLM000716,POL692902,44,VA,Renters,Fire,2025-10-12,2025-10-12,30623.45,0.0,Denied,41.0,False
CLM000717,POL951331,42,MI,Renters,Fire,2025-10-03,2025-10-09,28164.25,26416.34,Approved,19.0,False
CLM000718,POL185372,59,NY,Renters,Theft,2026-07-23,2026-07-30,24403.57,17098.41,Approved,20.0,False
CLM000719,POL257584,19,MI,Life,Life Benefit,2026-01-12,2026-01-15,14827.0,0.0,Denied,30.0,False
CLM000720,POL702952,68,VA,Renters,Fire,2025-09-15,2025-09-21,30202.4,28336.3,Approved,17.0,False
CLM000721,POL955108,65,IL,Home,Water Damage,2025-09-22,2025-09-28,39588.16,0.0,Pending,,False
CLM000722,POL736306,77,MI,Auto,Weather Damage,2026-02-03,2026-02-07,14926.21,13854.92,Approved,25.0,False
CLM000723,POL539610,85,CT,Home,Theft,2026-05-11,2026-05-12,17460.0,13199.86,Approved,30.0,False
CLM000724,POL146221,34,MA,Home,Fire,2026-04-11,2026-04-12,37092.8,32371.58,Approved,14.0,False
CLM000725,POL713061,22,OH,Renters,Fire,2025-11-18,2025-11-25,1206.62,1028.8,Approved,5.0,False
CLM000726,POL206609,68,VA,Renters,Fire,2026-04-24,2026-04-24,38952.38,35148.89,Approved,8.0,False
CLM000727,POL187975,61,VA,Auto,Weather Damage,2026-01-10,2026-01-17,33331.03,27923.34,Approved,9.0,False
CLM000728,POL127040,70,VA,Renters,Fire,2026-01-13,2026-01-20,31848.04,26548.33,Approved,3.0,False
CLM000729,POL814253,66,MA,Life,Life Benefit,2025-10-13,2025-10-18,48521.41,0.0,Pending,,False
CLM000730,POL120187,51,MI,Auto,Collision,2025-11-29,2025-11-29,20398.03,15933.56,Approved,2.0,False
CLM000731,POL749534,54,MI,Home,Fire,2025-09-25,2025-09-29,43537.33,37880.32,Approved,7.0,False
CLM000732,POL537210,53,MI,Life,Life Benefit,2026-04-23,2026-04-26,14664.2,12468.95,Approved,12.0,False
CLM000733,POL505185,48,VA,Home,Property Damage,2026-04-22,2026-04-25,35037.41,26870.69,Approved,27.0,False
CLM000734,POL263962,64,OH,Life,Life Benefit,2025-09-18,2025-09-22,15847.45,0.0,Denied,45.0,False
CLM000735,POL432882,49,PA,Home,Water Damage,2026-07-28,2026-08-01,34545.0,31760.41,Approved,8.0,False
CLM000736,POL543499,73,NY,Auto,Glass Damage,2025-11-23,2025-11-29,12170.57,11001.09,Approved,20.0,False
CLM000737,POL736086,32,OH,Home,Property Damage,2026-05-10,2026-05-17,40299.7,0.0,Denied,42.0,False
CLM000738,POL444172,43,NY,Auto,Weather Damage,2025-11-01,2025-11-01,19828.79,0.0,Pending,,False
CLM000739,POL760028,38,IL,Auto,Glass Damage,2026-03-11,2026-03-18,21562.01,15149.92,Approved,29.0,False
CLM000740,POL714654,35,OH,Auto,Collision,2026-05-25,2026-05-25,43039.45,40290.49,Approved,17.0,False
CLM000741,POL559763,51,PA,Renters,Property Damage,2026-07-01,2026-07-01,20691.38,16357.24,Approved,26.0,False
CLM000742,POL592591,79,MD,Home,Property Damage,2026-03-04,2026-03-04,43640.25,37944.69,Approved,27.0,False
CLM000743,POL735623,32,PA,Auto,Collision,2026-03-02,2026-03-03,24915.45,0.0,Denied,9.0,False
CLM000744,POL467284,58,VA,Life,Life Benefit,2026-03-18,2026-03-18,25945.96,0.0,Denied,11.0,False
CLM000745,POL503290,35,MI,Home,Water Damage,2026-03-04,2026-03-05,37335.58,30266.16,Approved,12.0,False
CLM000746,POL533085,60,VA,Home,Water Damage,2025-11-28,2025-11-28,47336.41,43508.59,Approved,12.0,False
CLM000747,POL904117,23,VA,Home,Water Damage,2026-08-25,2026-08-27,30340.05,0.0,Denied,41.0,False
CLM000748,POL392490,33,CT,Auto,Weather Damage,2025-09-28,2025-09-28,1592.49,1497.97,Approved,15.0,False
CLM000749,POL561279,48,NJ,Home,Theft,2026-05-19,2026-05-25,38755.23,33198.63,Approved,3.0,False
CLM000750,POL417827,46,VA,Life,Life Benefit,2026-02-06,2026-02-06,10948.19,9216.84,Approved,24.0,False
CLM000751,POL147802,77,NY,Renters,Fire,2025-09-18,2025-09-23,8866.95,7980.13,Approved,29.0,False
CLM000752,POL798027,32,MD,Life,Life Benefit,2026-07-21,2026-07-21,42552.1,34805.17,Approved,26.0,False
CLM000753,POL170926,46,NY,Renters,Theft,2026-05-12,2026-05-19,12732.9,9907.69,Approved,18.0,False
CLM000754,POL344494,21,OH,Auto,Glass Damage,2026-01-14,2026-01-20,25960.35,0.0,Denied,21.0,False
CLM000755,POL520439,81,MA,Auto,Collision,2026-06-30,2026-07-02,10769.41,10617.75,Approved,30.0,False
CLM000756,POL776390,77,VA,Auto,Collision,2025-10-30,2025-10-31,506.25,0.0,Pending,,False
CLM000757,POL585231,72,VA,Life,Life Benefit,2026-07-24,2026-07-25,41240.91,30489.58,Approved,8.0,False
CLM000758,POL817771,37,MA,Life,Life Benefit,2026-02-13,2026-02-14,13080.84,11567.88,Approved,7.0,False
CLM000759,POL421856,31,CT,Auto,Collision,2025-10-14,2025-10-16,40383.61,29222.39,Approved,23.0,False
CLM000760,POL290492,51,PA,Auto,Collision,2026-07-25,2026-07-29,49808.19,39094.78,Approved,30.0,False
CLM000761,POL775352,25,IL,Auto,Glass Damage,2026-02-22,2026-02-27,13445.77,9804.0,Approved,21.0,False
CLM000762,POL975407,42,CT,Home,Water Damage,2026-02-23,2026-03-01,12051.58,10260.08,Approved,18.0,False
CLM000763,POL501755,59,NJ,Home,Theft,2025-11-06,2025-11-07,43471.06,0.0,Denied,4.0,False
CLM000764,POL762594,68,PA,Home,Water Damage,2026-06-11,2026-06-16,27380.25,24391.32,Approved,11.0,False
CLM000765,POL430634,55,PA,Renters,Property Damage,2025-10-04,2025-10-07,31064.26,30875.43,Approved,26.0,True
CLM000766,POL224905,38,PA,Life,Life Benefit,2026-08-06,2026-08-10,49287.12,44584.11,Approved,12.0,False
CLM000767,POL893827,60,MA,Auto,Weather Damage,2025-11-18,2025-11-19,36503.87,27821.2,Approved,24.0,False
CLM000768,POL783497,43,MA,Renters,Property Damage,2026-04-06,2026-04-06,20569.08,16279.33,Approved,6.0,False
CLM000769,POL798991,55,OH,Home,Property Damage,2026-05-09,2026-05-15,49464.02,35690.37,Approved,13.0,False
CLM000770,POL769011,85,NJ,Life,Life Benefit,2026-07-10,2026-07-14,43577.66,0.0,Denied,32.0,False
CLM000771,POL542467,30,NY,Auto,Weather Damage,2026-09-13,2026-09-18,34207.94,31654.02,Approved,2.0,False
CLM000772,POL769366,45,IL,Life,Life Benefit,2026-01-08,2026-01-12,23782.43,21774.35,Approved,10.0,False
CLM000773,POL976582,37,NY,Renters,Fire,2026-07-06,2026-07-06,22723.63,19173.42,Approved,3.0,False
CLM000774,POL862489,24,MA,Home,Fire,2026-02-28,2026-03-06,1845.61,0.0,Pending,,False
CLM000775,POL973847,40,IL,Renters,Theft,2026-03-03,2026-03-06,17534.09,14856.06,Approved,8.0,False
CLM000776,POL566172,37,OH,Home,Theft,2025-11-26,2025-11-28,34566.34,32687.9,Approved,3.0,False
CLM000777,POL849635,72,OH,Renters,Fire,2026-03-17,2026-03-21,47934.66,44133.49,Approved,17.0,False
CLM000778,POL108780,54,OH,Life,Life Benefit,2026-02-18,2026-02-19,27928.26,24019.57,Approved,17.0,False
CLM000779,POL933138,63,MD,Renters,Water Damage,2025-12-18,2025-12-22,12733.18,11722.65,Approved,12.0,True
CLM000780,POL236419,27,CT,Auto,Theft,2026-09-13,2026-09-15,21620.37,18072.38,Approved,29.0,True
CLM000781,POL993229,35,PA,Life,Life Benefit,2026-07-04,2026-07-08,1660.24,1593.06,Approved,23.0,False
CLM000782,POL790188,76,MD,Auto,Weather Damage,2025-10-14,2025-10-21,39631.34,0.0,Pending,,False
CLM000783,POL693255,31,OH,Auto,Collision,2026-03-23,2026-03-23,27839.91,25618.69,Approved,28.0,False
CLM000784,POL992704,26,IL,Home,Fire,2026-01-12,2026-01-15,2706.3,2367.08,Approved,17.0,False
CLM000785,POL129483,78,IL,Renters,Fire,2025-11-20,2025-11-24,18629.0,18540.43,Approved,19.0,False
CLM000786,POL324173,39,NY,Home,Fire,2025-09-17,2025-09-20,37057.71,29194.85,Approved,25.0,False
CLM000787,POL710850,63,IL,Renters,Water Damage,2026-07-24,2026-07-25,49037.44,37976.03,Approved,14.0,False
CLM000788,POL584225,81,CT,Home,Fire,2026-03-07,2026-03-12,10567.4,9824.69,Approved,10.0,True
CLM000789,POL686449,41,CT,Life,Life Benefit,2026-09-12,2026-09-12,32844.47,27005.11,Approved,9.0,False
CLM000790,POL687676,29,MA,Auto,Collision,2026-02-03,2026-02-05,12993.62,11956.14,Approved,5.0,False
CLM000791,POL425241,67,IL,Home,Property Damage,2025-12-30,2026-01-04,8824.95,0.0,Denied,39.0,False
CLM000792,POL872751,31,OH,Renters,Property Damage,2026-06-22,2026-06-22,34927.61,27813.74,Approved,5.0,False
CLM000793,POL574843,48,MI,Home,Water Damage,2026-03-08,2026-03-13,13081.4,11950.11,Approved,4.0,False
CLM000794,POL974668,57,CT,Life,Life Benefit,2026-05-05,2026-05-10,44858.87,0.0,Pending,,False
CLM000795,POL997882,44,MI,Auto,Collision,2025-12-09,2025-12-11,4292.9,3367.64,Approved,24.0,False
CLM000796,POL518406,60,IL,Life,Life Benefit,2025-12-19,2025-12-22,32588.02,26661.12,Approved,30.0,False
CLM000797,POL697926,68,NJ,Renters,Fire,2025-10-22,2025-10-29,46604.24,39721.83,Approved,29.0,False
CLM000798,POL704759,56,OH,Renters,Fire,2026-07-17,2026-07-20,36918.47,32724.62,Approved,11.0,False
CLM000799,POL923229,83,PA,Home,Water Damage,2025-11-17,2025-11-18,35257.76,0.0,Pending,,False
CLM000800,POL129310,39,VA,Life,Life Benefit,2026-01-17,2026-01-18,31520.27,28087.98,Approved,4.0,False
CLM000801,POL938404,36,MA,Renters,Fire,2026-08-27,2026-08-27,10391.68,9873.88,Approved,6.0,False
CLM000802,POL733026,60,MI,Auto,Theft,2025-11-04,2025-11-08,20543.48,0.0,Denied,34.0,True
CLM000803,POL869809,35,MD,Life,Life Benefit,2026-06-06,2026-06-07,45779.23,34525.09,Approved,21.0,False
CLM000804,POL618665,68,MD,Home,Fire,2026-08-20,2026-08-21,3145.88,2228.18,Approved,19.0,False
CLM000805,POL689093,26,OH,Renters,Theft,2026-01-07,2026-01-09,40024.16,30752.36,Approved,21.0,False
CLM000806,POL630254,51,OH,Auto,Theft,2026-02-17,2026-02-23,47736.15,37222.73,Approved,23.0,False
CLM000807,POL322449,29,MD,Renters,Water Damage,2025-12-12,2025-12-16,19069.39,17433.4,Approved,8.0,False
CLM000808,POL539183,43,MD,Renters,Theft,2026-07-10,2026-07-14,1597.97,1427.46,Approved,30.0,False
CLM000809,POL326540,28,NJ,Renters,Property Damage,2026-04-17,2026-04-24,10498.54,0.0,Denied,23.0,True
CLM000810,POL106214,71,NY,Renters,Water Damage,2026-08-22,2026-08-22,30180.06,0.0,Denied,21.0,False
CLM000811,POL531055,39,OH,Auto,Collision,2026-08-01,2026-08-06,26860.31,22000.12,Approved,15.0,False
CLM000812,POL389839,72,IL,Auto,Weather Damage,2026-08-10,2026-08-14,44451.09,0.0,Pending,,False
CLM000813,POL214317,44,NY,Auto,Theft,2026-05-02,2026-05-05,7850.07,0.0,Denied,45.0,False
CLM000814,POL471824,26,MD,Life,Life Benefit,2026-05-26,2026-06-01,37428.72,30527.82,Approved,4.0,False
CLM000815,POL902192,35,MD,Life,Life Benefit,2026-09-02,2026-09-07,19548.09,16497.53,Approved,26.0,False
CLM000816,POL554732,70,NJ,Auto,Theft,2026-02-20,2026-02-24,5238.99,0.0,Denied,31.0,False
CLM000817,POL658895,24,MD,Renters,Fire,2026-02-20,2026-02-20,30438.43,23717.09,Approved,24.0,False
CLM000818,POL847447,34,MI,Renters,Fire,2025-09-16,2025-09-18,49925.16,36629.67,Approved,21.0,False
CLM000819,POL814313,20,MA,Auto,Glass Damage,2026-09-09,2026-09-14,12652.98,12275.2,Approved,18.0,False
CLM000820,POL900379,56,NJ,Life,Life Benefit,2025-09-14,2025-09-19,28295.7,20438.28,Approved,2.0,False
CLM000821,POL230383,18,IL,Home,Theft,2026-07-06,2026-07-09,20884.52,20520.58,Approved,8.0,True
CLM000822,POL863726,69,MI,Renters,Theft,2025-11-20,2025-11-23,24014.54,19125.91,Approved,3.0,False
CLM000823,POL767144,82,NY,Life,Life Benefit,2025-12-12,2025-12-15,43985.61,37637.52,Approved,22.0,False
CLM000824,POL769701,22,NJ,Home,Fire,2025-12-02,2025-12-09,37483.5,26744.49,Approved,9.0,False
CLM000825,POL910835,79,MD,Auto,Collision,2026-08-27,2026-08-30,44609.16,41461.88,Approved,11.0,False
CLM000826,POL462697,84,NY,Life,Life Benefit,2026-06-08,2026-06-11,31365.87,28150.52,Approved,4.0,False
CLM000827,POL841895,28,VA,Renters,Property Damage,2026-07-09,2026-07-12,9798.56,7905.56,Approved,27.0,False
CLM000828,POL216511,24,PA,Life,Life Benefit,2026-05-26,2026-05-30,9515.97,7463.88,Approved,6.0,False
CLM000829,POL593746,66,MA,Renters,Property Damage,2026-02-25,2026-02-26,25484.28,18695.02,Approved,11.0,False
CLM000830,POL741877,56,PA,Auto,Theft,2025-10-28,2025-10-28,25592.42,18538.28,Approved,26.0,False
CLM000831,POL483497,34,VA,Life,Life Benefit,2026-05-11,2026-05-15,14051.38,0.0,Denied,28.0,False
CLM000832,POL181732,24,IL,Home,Theft,2026-07-31,2026-08-04,44488.32,31364.46,Approved,16.0,False
CLM000833,POL131948,79,VA,Life,Life Benefit,2026-02-06,2026-02-13,7863.86,7853.12,Approved,16.0,False
CLM000834,POL337298,65,PA,Renters,Theft,2026-03-10,2026-03-14,13033.79,9278.93,Approved,25.0,False
CLM000835,POL497818,55,NJ,Home,Fire,2026-09-02,2026-09-09,49580.95,0.0,Denied,18.0,False
CLM000836,POL830654,22,MD,Home,Fire,2026-04-20,2026-04-26,10337.05,7657.62,Approved,20.0,False
CLM000837,POL414765,32,PA,Life,Life Benefit,2026-01-21,2026-01-26,1955.5,1790.14,Approved,3.0,False
CLM000838,POL758458,51,CT,Home,Property Damage,2026-01-29,2026-02-04,22012.71,0.0,Pending,,False
CLM000839,POL805344,26,NJ,Renters,Water Damage,2025-09-21,2025-09-27,46285.31,44641.47,Approved,10.0,False
CLM000840,POL886884,43,PA,Renters,Theft,2026-03-13,2026-03-17,21092.1,19772.18,Approved,5.0,False
CLM000841,POL281940,36,NJ,Home,Property Damage,2026-04-07,2026-04-14,48618.13,42057.24,Approved,9.0,False
CLM000842,POL280662,47,IL,Life,Life Benefit,2026-04-03,2026-04-08,36257.62,33977.25,Approved,28.0,False
CLM000843,POL281185,51,MD,Life,Life Benefit,2026-01-27,2026-01-30,49787.86,44814.94,Approved,24.0,False
CLM000844,POL232207,70,NJ,Auto,Theft,2026-01-04,2026-01-04,27297.91,0.0,Pending,,False
CLM000845,POL941910,73,MD,Home,Theft,2026-04-06,2026-04-13,47085.45,34067.25,Approved,18.0,False
CLM000846,POL753220,57,VA,Auto,Glass Damage,2026-07-02,2026-07-07,20689.04,15475.84,Approved,27.0,False
CLM000847,POL291359,84,IL,Life,Life Benefit,2026-08-20,2026-08-21,13838.21,10272.38,Approved,9.0,False
CLM000848,POL750978,35,NJ,Renters,Fire,2025-10-06,2025-10-10,45068.2,36501.97,Approved,6.0,False
CLM000849,POL694027,53,IL,Auto,Glass Damage,2025-12-05,2025-12-08,27560.75,0.0,Denied,7.0,False
CLM000850,POL180235,80,NJ,Home,Theft,2026-04-22,2026-04-23,36060.43,0.0,Pending,,False
CLM000851,POL545535,31,MD,Renters,Theft,2026-01-10,2026-01-14,35060.19,24576.11,Approved,21.0,False
CLM000852,POL479551,36,PA,Home,Water Damage,2026-03-05,2026-03-12,48767.51,42221.62,Approved,10.0,False
CLM000853,POL511396,40,NJ,Life,Life Benefit,2026-02-15,2026-02-22,32419.14,0.0,Pending,,False
CLM000854,POL379101,33,OH,Auto,Glass Damage,2025-09-19,2025-09-25,8082.13,7215.92,Approved,27.0,False
CLM000855,POL161744,20,MA,Renters,Property Damage,2025-12-31,2025-12-31,29501.17,28031.79,Approved,11.0,False
CLM000856,POL205910,36,CT,Renters,Property Damage,2026-09-07,2026-09-14,44899.99,35032.35,Approved,25.0,False
CLM000857,POL232129,27,PA,Renters,Fire,2025-11-06,2025-11-07,43217.36,37887.87,Approved,10.0,False
CLM000858,POL928268,64,NJ,Auto,Glass Damage,2025-12-26,2025-12-26,45184.33,39083.89,Approved,16.0,False
CLM000859,POL916721,41,NJ,Renters,Water Damage,2026-08-31,2026-09-05,40893.65,33004.12,Approved,11.0,False
CLM000860,POL909165,66,OH,Renters,Property Damage,2026-01-16,2026-01-18,42833.87,0.0,Pending,,False
CLM000861,POL296501,79,CT,Home,Property Damage,2026-05-19,2026-05-23,14054.59,13744.84,Approved,20.0,True
CLM000862,POL115520,58,MA,Auto,Theft,2025-11-05,2025-11-10,32176.19,27975.66,Approved,30.0,False
CLM000863,POL468766,30,NJ,Auto,Weather Damage,2025-10-31,2025-10-31,45506.84,37174.55,Approved,26.0,False
CLM000864,POL274957,53,VA,Home,Property Damage,2026-05-01,2026-05-07,19679.94,18419.59,Approved,14.0,False
CLM000865,POL760243,22,MD,Renters,Fire,2025-09-28,2025-09-29,48622.64,43960.47,Approved,6.0,False
CLM000866,POL960094,20,NY,Renters,Property Damage,2026-06-17,2026-06-22,23908.76,20723.23,Approved,19.0,False
CLM000867,POL121949,55,MA,Auto,Weather Damage,2026-07-14,2026-07-16,46646.42,0.0,Denied,45.0,False
CLM000868,POL382207,42,VA,Life,Life Benefit,2026-04-01,2026-04-07,18725.79,15251.09,Approved,28.0,False
CLM000869,POL920741,50,NY,Auto,Theft,2026-08-11,2026-08-12,14065.56,13855.91,Approved,17.0,True
CLM000870,POL355620,39,NJ,Home,Theft,2026-05-28,2026-05-30,25478.44,23476.84,Approved,12.0,True
CLM000871,POL976919,62,MI,Life,Life Benefit,2026-08-20,2026-08-24,42232.91,0.0,Denied,7.0,False
CLM000872,POL226206,48,MD,Home,Fire,2026-01-29,2026-02-03,37935.85,0.0,Denied,28.0,True
CLM000873,POL547471,42,CT,Life,Life Benefit,2026-03-27,2026-03-28,42625.84,38240.14,Approved,16.0,False
CLM000874,POL109802,79,MI,Home,Theft,2026-02-08,2026-02-12,26087.83,22502.36,Approved,11.0,False
CLM000875,POL459528,73,NJ,Renters,Theft,2026-06-27,2026-06-27,30718.66,30695.68,Approved,28.0,False
CLM000876,POL198847,85,PA,Auto,Collision,2026-04-30,2026-05-07,4171.27,4088.74,Approved,10.0,False
CLM000877,POL373346,29,PA,Auto,Weather Damage,2026-07-27,2026-08-01,31367.07,0.0,Denied,40.0,False
CLM000878,POL699292,46,NY,Auto,Theft,2025-10-27,2025-11-02,42952.26,35210.91,Approved,30.0,False
CLM000879,POL418435,24,IL,Life,Life Benefit,2026-04-28,2026-05-03,19623.6,16337.38,Approved,14.0,False
CLM000880,POL989851,77,CT,Life,Life Benefit,2026-09-02,2026-09-08,12933.56,0.0,Pending,,False
CLM000881,POL960666,21,MI,Renters,Fire,2026-09-12,2026-09-13,31886.21,24359.61,Approved,4.0,False
CLM000882,POL626636,84,MI,Auto,Weather Damage,2025-10-16,2025-10-23,1254.29,968.17,Approved,7.0,False
CLM000883,POL595039,39,VA,Life,Life Benefit,2026-08-31,2026-08-31,37256.65,26311.2,Approved,17.0,True
CLM000884,POL272209,33,PA,Life,Life Benefit,2026-03-19,2026-03-24,44338.55,40705.05,Approved,28.0,False
CLM000885,POL719719,72,CT,Auto,Theft,2025-12-09,2025-12-15,8440.31,7669.64,Approved,24.0,False
CLM000886,POL264233,85,IL,Life,Life Benefit,2025-10-30,2025-11-05,33234.99,0.0,Denied,38.0,True
CLM000887,POL898251,63,MA,Life,Life Benefit,2026-01-09,2026-01-12,38834.5,37703.01,Approved,13.0,False
CLM000888,POL114684,34,PA,Home,Theft,2026-07-05,2026-07-08,12485.2,0.0,Denied,34.0,False
CLM000889,POL822419,81,NY,Renters,Fire,2025-11-13,2025-11-19,17301.73,16419.55,Approved,11.0,True
CLM000890,POL435052,83,MI,Renters,Theft,2026-04-09,2026-04-12,41932.46,41536.18,Approved,20.0,False
CLM000891,POL754340,54,NJ,Renters,Water Damage,2026-01-20,2026-01-27,538.62,0.0,Denied,39.0,False
CLM000892,POL891873,29,MI,Auto,Theft,2025-12-12,2025-12-14,11138.61,10395.19,Approved,14.0,False
CLM000893,POL245287,54,MD,Renters,Property Damage,2026-04-07,2026-04-12,27036.32,23035.94,Approved,9.0,False
CLM000894,POL184335,79,NJ,Renters,Fire,2026-03-04,2026-03-04,4751.54,4157.3,Approved,22.0,False
CLM000895,POL343373,70,VA,Auto,Glass Damage,2026-08-17,2026-08-19,23777.8,20462.55,Approved,13.0,False
CLM000896,POL352826,73,IL,Auto,Collision,2025-11-01,2025-11-05,5797.7,0.0,Denied,33.0,False
CLM000897,POL296906,66,IL,Renters,Theft,2026-03-11,2026-03-12,27553.99,0.0,Pending,,False
CLM000898,POL301574,45,MI,Home,Fire,2026-07-05,2026-07-12,48005.21,43874.3,Approved,11.0,True
CLM000899,POL738709,77,OH,Home,Property Damage,2026-07-07,2026-07-11,28192.23,20636.77,Approved,25.0,False
CLM000900,POL584427,38,PA,Life,Life Benefit,2026-05-25,2026-05-27,23965.55,19346.77,Approved,21.0,False
CLM000901,POL664418,84,IL,Home,Fire,2026-03-30,2026-03-31,45951.69,0.0,Pending,,False
CLM000902,POL570527,49,OH,Auto,Theft,2025-10-07,2025-10-11,20184.44,16610.02,Approved,28.0,False
CLM000903,POL146699,18,IL,Life,Life Benefit,2025-09-19,2025-09-21,42424.13,40572.94,Approved,18.0,False
CLM000904,POL933671,37,VA,Life,Life Benefit,2026-08-26,2026-09-02,7676.77,5709.79,Approved,3.0,False
CLM000905,POL119064,50,PA,Home,Water Damage,2025-12-09,2025-12-15,32949.35,31643.63,Approved,20.0,False
CLM000906,POL882847,28,IL,Life,Life Benefit,2026-02-27,2026-03-03,2739.21,1946.2,Approved,30.0,False
CLM000907,POL342832,78,OH,Home,Theft,2026-05-14,2026-05-16,26713.76,25373.95,Approved,3.0,False
CLM000908,POL764668,34,CT,Home,Water Damage,2025-12-22,2025-12-29,18672.18,18387.33,Approved,25.0,False
CLM000909,POL385685,18,MI,Auto,Weather Damage,2026-02-25,2026-03-01,11635.56,10340.5,Approved,10.0,False
CLM000910,POL332928,85,MI,Life,Life Benefit,2026-02-22,2026-02-27,34512.07,29155.2,Approved,23.0,False
CLM000911,POL812978,25,IL,Auto,Theft,2025-12-27,2025-12-29,10607.24,10166.93,Approved,26.0,False
CLM000912,POL763588,19,NJ,Renters,Theft,2026-08-17,2026-08-20,8411.17,6037.7,Approved,3.0,False
CLM000913,POL892659,61,CT,Home,Fire,2025-12-23,2025-12-28,44519.03,0.0,Denied,38.0,False
CLM000914,POL851665,24,NY,Life,Life Benefit,2026-02-10,2026-02-12,32463.93,26553.72,Approved,8.0,False
CLM000915,POL437781,60,PA,Auto,Weather Damage,2025-12-21,2025-12-23,42335.93,37003.65,Approved,15.0,False
CLM000916,POL674096,67,IL,Renters,Fire,2026-03-26,2026-04-02,32924.6,29562.77,Approved,28.0,False
CLM000917,POL960866,52,MI,Auto,Weather Damage,2026-03-09,2026-03-13,37879.48,35583.5,Approved,14.0,False
CLM000918,POL622283,25,NJ,Life,Life Benefit,2026-04-08,2026-04-08,3932.27,0.0,Denied,30.0,False
CLM000919,POL538990,67,MA,Auto,Collision,2025-10-03,2025-10-09,14770.6,12235.06,Approved,4.0,False
CLM000920,POL306935,80,MI,Auto,Weather Damage,2025-10-15,2025-10-18,15330.74,12612.82,Approved,21.0,True
CLM000921,POL298577,49,NJ,Life,Life Benefit,2026-09-04,2026-09-10,23608.63,17368.52,Approved,10.0,False
CLM000922,POL867227,39,MI,Home,Water Damage,2026-04-24,2026-04-30,3184.4,2962.26,Approved,22.0,False
CLM000923,POL367536,63,MI,Renters,Water Damage,2026-04-14,2026-04-14,38764.51,0.0,Denied,5.0,False
CLM000924,POL542683,72,MI,Home,Property Damage,2026-08-20,2026-08-26,17747.13,15443.0,Approved,8.0,False
CLM000925,POL603315,44,VA,Renters,Fire,2026-01-25,2026-01-28,4901.81,4039.57,Approved,26.0,False
CLM000926,POL663245,67,MA,Auto,Collision,2025-11-21,2025-11-26,22522.24,20357.54,Approved,28.0,True
CLM000927,POL255768,59,NJ,Life,Life Benefit,2026-05-19,2026-05-19,7284.16,6622.64,Approved,20.0,False
CLM000928,POL913406,71,PA,Home,Water Damage,2026-07-23,2026-07-25,29493.91,24516.72,Approved,14.0,False
CLM000929,POL254035,19,MA,Renters,Water Damage,2026-05-07,2026-05-12,38179.38,0.0,Denied,30.0,False
CLM000930,POL540296,45,MI,Home,Theft,2025-11-19,2025-11-25,49062.65,46563.99,Approved,21.0,False
CLM000931,POL393426,26,OH,Home,Theft,2026-05-15,2026-05-17,40726.69,0.0,Pending,,False
CLM000932,POL933157,76,CT,Renters,Property Damage,2026-01-17,2026-01-24,42940.15,0.0,Pending,,True
CLM000933,POL547924,47,NY,Renters,Fire,2025-09-29,2025-10-03,2054.59,1767.7,Approved,19.0,False
CLM000934,POL396815,33,OH,Home,Water Damage,2025-09-16,2025-09-20,12585.62,0.0,Denied,29.0,False
CLM000935,POL930002,22,OH,Renters,Theft,2026-05-14,2026-05-20,38402.51,37221.51,Approved,6.0,False
CLM000936,POL416373,82,MA,Auto,Glass Damage,2025-10-04,2025-10-08,35911.39,28306.32,Approved,18.0,False
CLM000937,POL736403,44,OH,Life,Life Benefit,2025-10-25,2025-10-29,19887.36,15799.59,Approved,16.0,False
CLM000938,POL624012,56,MD,Home,Property Damage,2026-02-28,2026-03-02,44911.73,41834.41,Approved,5.0,False
CLM000939,POL742631,79,CT,Renters,Water Damage,2025-10-08,2025-10-13,41510.56,34750.97,Approved,13.0,False
CLM000940,POL190111,49,MI,Auto,Collision,2026-01-11,2026-01-12,35538.36,35098.36,Approved,20.0,False
CLM000941,POL330363,56,IL,Home,Water Damage,2026-08-15,2026-08-18,45597.13,43637.39,Approved,22.0,False
CLM000942,POL964290,63,MD,Auto,Weather Damage,2025-12-22,2025-12-24,39067.43,32329.15,Approved,16.0,False
CLM000943,POL131421,68,MD,Home,Water Damage,2025-09-16,2025-09-20,17951.43,14932.6,Approved,5.0,False
CLM000944,POL426249,36,CT,Life,Life Benefit,2026-05-07,2026-05-11,21524.31,0.0,Denied,20.0,False
CLM000945,POL304820,27,VA,Auto,Collision,2026-07-08,2026-07-11,39228.7,35183.82,Approved,10.0,False
CLM000946,POL777529,49,NY,Life,Life Benefit,2026-04-16,2026-04-20,24284.49,0.0,Denied,41.0,False
CLM000947,POL230676,60,CT,Renters,Fire,2026-09-13,2026-09-14,24490.77,0.0,Denied,36.0,False
CLM000948,POL673328,66,MD,Life,Life Benefit,2026-07-26,2026-07-26,27087.17,21441.56,Approved,28.0,False
CLM000949,POL153168,71,NY,Renters,Property Damage,2026-04-20,2026-04-25,31255.37,0.0,Denied,14.0,False
CLM000950,POL552543,63,MI,Auto,Glass Damage,2026-06-15,2026-06-22,896.27,844.76,Approved,30.0,False
CLM000951,POL157045,43,MA,Life,Life Benefit,2026-01-20,2026-01-23,23450.34,20824.26,Approved,15.0,False
CLM000952,POL110132,46,NY,Renters,Property Damage,2026-05-03,2026-05-04,39436.37,38175.73,Approved,10.0,False
CLM000953,POL955669,27,NY,Life,Life Benefit,2026-01-03,2026-01-09,4102.51,2958.45,Approved,29.0,False
CLM000954,POL668405,31,NY,Auto,Weather Damage,2026-04-26,2026-04-28,21542.85,20204.91,Approved,4.0,False
CLM000955,POL495158,76,OH,Auto,Collision,2026-07-08,2026-07-08,26629.69,21952.79,Approved,19.0,False
CLM000956,POL176799,59,MA,Renters,Fire,2026-03-29,2026-03-30,28696.54,21566.16,Approved,29.0,False
CLM000957,POL480241,54,MD,Life,Life Benefit,2025-12-27,2025-12-30,1180.49,1068.72,Approved,17.0,False
CLM000958,POL922610,21,PA,Renters,Water Damage,2025-11-17,2025-11-23,9408.54,0.0,Denied,5.0,False
CLM000959,POL345299,82,OH,Auto,Glass Damage,2025-12-31,2026-01-01,40353.38,34262.29,Approved,9.0,False
CLM000960,POL186201,25,VA,Life,Life Benefit,2025-10-21,2025-10-24,30776.73,0.0,Pending,,False
CLM000961,POL150471,22,VA,Renters,Property Damage,2025-09-15,2025-09-18,35969.38,34586.8,Approved,20.0,False
CLM000962,POL998434,35,NY,Renters,Theft,2026-08-09,2026-08-12,12618.31,9635.58,Approved,28.0,False
CLM000963,POL356009,60,VA,Auto,Collision,2026-01-30,2026-02-04,28042.79,19830.71,Approved,3.0,False
CLM000964,POL526473,57,MI,Life,Life Benefit,2026-06-28,2026-07-02,13541.85,0.0,Denied,3.0,True
CLM000965,POL508436,27,MD,Life,Life Benefit,2026-03-30,2026-04-06,10476.05,8171.4,Approved,18.0,False
CLM000966,POL330264,27,OH,Life,Life Benefit,2026-03-20,2026-03-27,41993.09,33468.44,Approved,7.0,True
CLM000967,POL243811,69,IL,Auto,Glass Damage,2025-09-21,2025-09-21,27933.84,0.0,Denied,28.0,False
CLM000968,POL403012,21,IL,Home,Property Damage,2025-12-17,2025-12-19,29333.57,0.0,Pending,,False
CLM000969,POL186390,84,NJ,Home,Water Damage,2025-11-01,2025-11-06,44965.03,37533.88,Approved,8.0,False
CLM000970,POL548749,26,VA,Auto,Collision,2025-09-14,2025-09-15,22136.75,15569.85,Approved,17.0,False
CLM000971,POL192774,36,MD,Renters,Water Damage,2026-01-12,2026-01-12,35240.88,27876.67,Approved,18.0,False
CLM000972,POL196816,35,OH,Life,Life Benefit,2026-02-23,2026-02-24,31818.97,30655.54,Approved,28.0,False
CLM000973,POL998980,72,OH,Renters,Fire,2026-05-26,2026-05-26,49922.07,48199.25,Approved,25.0,False
CLM000974,POL534677,57,VA,Renters,Fire,2026-04-08,2026-04-08,17899.08,13143.08,Approved,4.0,False
CLM000975,POL705291,73,VA,Home,Fire,2025-09-30,2025-10-06,47986.59,0.0,Pending,,False
CLM000976,POL446671,28,MD,Life,Life Benefit,2026-05-07,2026-05-12,29495.41,24869.07,Approved,13.0,False
CLM000977,POL755245,67,NY,Home,Fire,2025-10-30,2025-11-02,39074.12,32145.48,Approved,2.0,False
CLM000978,POL352262,80,NY,Home,Fire,2025-10-10,2025-10-15,44816.65,35204.26,Approved,26.0,False
CLM000979,POL152472,23,IL,Home,Property Damage,2026-08-21,2026-08-28,46851.67,41661.51,Approved,20.0,False
CLM000980,POL948379,67,VA,Renters,Property Damage,2026-05-19,2026-05-23,7114.44,5914.26,Approved,5.0,False
CLM000981,POL392757,65,NJ,Renters,Water Damage,2025-10-16,2025-10-23,2341.67,1727.36,Approved,27.0,True
CLM000982,POL314558,59,MI,Renters,Property Damage,2026-04-10,2026-04-12,17086.55,0.0,Denied,13.0,False
CLM000983,POL635049,28,VA,Auto,Theft,2026-04-20,2026-04-23,48269.63,40421.76,Approved,23.0,False
CLM000984,POL563603,77,PA,Auto,Weather Damage,2026-02-22,2026-03-01,38322.81,31239.53,Approved,13.0,False
CLM000985,POL112708,35,MA,Auto,Weather Damage,2025-12-26,2026-01-02,16882.22,16335.93,Approved,5.0,False
CLM000986,POL100817,76,VA,Renters,Theft,2026-03-15,2026-03-22,6131.12,0.0,Denied,24.0,False
CLM000987,POL685855,31,OH,Auto,Weather Damage,2026-06-26,2026-07-03,19412.06,0.0,Denied,10.0,True
CLM000988,POL786182,34,NY,Life,Life Benefit,2026-02-28,2026-03-02,47886.11,41882.5,Approved,8.0,False
CLM000989,POL789093,37,MD,Renters,Theft,2026-03-18,2026-03-25,17879.44,0.0,Denied,12.0,False
CLM000990,POL984735,83,OH,Renters,Theft,2026-04-04,2026-04-09,36571.9,0.0,Denied,5.0,False
CLM000991,POL258336,19,NY,Auto,Collision,2026-01-08,2026-01-14,12053.36,9285.69,Approved,20.0,False
CLM000992,POL461284,35,MA,Life,Life Benefit,2025-12-26,2025-12-29,32047.94,27653.78,Approved,12.0,False
CLM000993,POL908802,73,MD,Home,Theft,2025-10-09,2025-10-11,20505.74,14390.01,Approved,24.0,False
CLM000994,POL487100,83,VA,Renters,Property Damage,2025-12-11,2025-12-15,37527.92,0.0,Denied,15.0,False
CLM000995,POL514634,73,NY,Auto,Glass Damage,2025-09-19,2025-09-22,15129.98,0.0,Denied,6.0,False
CLM000996,POL724680,45,CT,Life,Life Benefit,2026-05-24,2026-05-26,18356.89,13759.0,Approved,21.0,False
CLM000997,POL275079,21,MI,Renters,Theft,2026-02-28,2026-03-03,44040.01,32588.69,Approved,9.0,False
CLM000998,POL708151,77,IL,Auto,Theft,2026-07-13,2026-07-16,43998.07,0.0,Denied,39.0,False
CLM000999,POL247732,24,IL,Home,Water Damage,2026-05-25,2026-05-27,28326.63,25135.29,Approved,4.0,False
CLM001000,POL704707,59,IL,Renters,Property Damage,2026-06-13,2026-06-14,19451.35,18691.26,Approved,15.0,False
CLM001001,POL919954,34,IL,Life,Life Benefit,2026-01-07,2026-01-13,26646.74,26527.41,Approved,27.0,False
CLM001002,POL181953,46,VA,Auto,Weather Damage,2026-03-17,2026-03-17,13034.1,0.0,Denied,26.0,False
CLM001003,POL451620,81,IL,Renters,Fire,2026-02-16,2026-02-20,47034.95,0.0,Denied,11.0,False
CLM001004,POL207404,22,NY,Home,Fire,2025-11-13,2025-11-13,46366.86,39683.41,Approved,2.0,False
CLM001005,POL488421,43,OH,Auto,Theft,2026-09-08,2026-09-10,25299.72,19296.74,Approved,13.0,False
CLM001006,POL471516,39,NJ,Life,Life Benefit,2026-01-22,2026-01-28,40463.23,40116.09,Approved,7.0,False
CLM001007,POL489413,48,NY,Renters,Water Damage,2026-07-25,2026-07-31,44713.06,0.0,Pending,,False
CLM001008,POL223507,78,NJ,Renters,Fire,2025-12-18,2025-12-23,6702.94,0.0,Denied,40.0,False
CLM001009,POL708220,64,NJ,Life,Life Benefit,2026-08-22,2026-08-23,46761.74,33250.72,Approved,16.0,False
CLM001010,POL827852,76,PA,Renters,Theft,2026-05-21,2026-05-21,41968.18,41519.7,Approved,5.0,False
CLM001011,POL708066,56,MA,Life,Life Benefit,2026-08-20,2026-08-20,36123.59,25937.18,Approved,14.0,False
CLM001012,POL968559,18,PA,Renters,Theft,2026-02-08,2026-02-15,15055.68,13736.0,Approved,5.0,False
CLM001013,POL501413,21,OH,Auto,Theft,2025-11-28,2025-12-04,46188.68,41783.54,Approved,21.0,False
CLM001014,POL675118,27,MD,Renters,Theft,2026-02-16,2026-02-18,36435.7,27051.25,Approved,12.0,False
CLM001015,POL590354,26,OH,Auto,Glass Damage,2026-05-13,2026-05-19,39445.22,0.0,Denied,33.0,False
CLM001016,POL508511,27,MI,Renters,Property Damage,2026-08-06,2026-08-06,41917.68,0.0,Pending,,False
CLM001017,POL796291,75,MA,Life,Life Benefit,2026-05-27,2026-05-27,45335.89,42896.8,Approved,10.0,False
CLM001018,POL872879,69,PA,Auto,Theft,2026-07-21,2026-07-24,48404.09,48047.96,Approved,7.0,False
CLM001019,POL269150,71,MD,Life,Life Benefit,2026-01-25,2026-01-29,23899.25,0.0,Denied,38.0,False
CLM001020,POL272943,55,NY,Life,Life Benefit,2026-09-13,2026-09-16,40159.42,39131.52,Approved,13.0,False
CLM001021,POL831081,77,CT,Auto,Theft,2025-12-15,2025-12-22,34651.46,31206.62,Approved,28.0,False
CLM001022,POL151039,85,MD,Renters,Property Damage,2026-07-21,2026-07-25,16480.61,13147.16,Approved,24.0,False
CLM001023,POL616291,78,IL,Auto,Theft,2026-03-20,2026-03-26,36434.38,0.0,Denied,42.0,False
CLM001024,POL193248,62,NJ,Renters,Property Damage,2026-07-30,2026-07-31,38738.04,34996.1,Approved,24.0,False
CLM001025,POL728471,69,MD,Home,Water Damage,2026-02-23,2026-02-26,8254.65,6433.44,Approved,26.0,False
CLM001026,POL285930,43,CT,Auto,Theft,2026-02-05,2026-02-08,25370.22,21993.33,Approved,17.0,False
CLM001027,POL272687,59,MI,Home,Theft,2026-05-20,2026-05-22,828.21,765.95,Approved,24.0,False
CLM001028,POL386817,27,MD,Renters,Water Damage,2026-08-31,2026-09-05,4103.7,3139.66,Approved,23.0,False
CLM001029,POL101212,69,OH,Home,Theft,2026-05-19,2026-05-21,36207.04,0.0,Denied,5.0,False
CLM001030,POL754204,61,MD,Renters,Theft,2026-04-05,2026-04-11,13038.68,9514.88,Approved,16.0,False
CLM001031,POL917350,41,NJ,Life,Life Benefit,2026-03-13,2026-03-17,10003.17,0.0,Pending,,False
CLM001032,POL999560,31,MI,Renters,Water Damage,2026-05-26,2026-05-31,46679.87,0.0,Denied,15.0,False
CLM001033,POL540331,44,IL,Auto,Collision,2026-04-28,2026-04-28,31053.4,0.0,Denied,42.0,False
CLM001034,POL954158,63,CT,Auto,Theft,2025-09-28,2025-10-03,21134.14,17130.28,Approved,14.0,False
CLM001035,POL514633,56,VA,Auto,Weather Damage,2026-04-06,2026-04-11,2688.76,2001.78,Approved,4.0,False
CLM001036,POL956834,20,PA,Life,Life Benefit,2026-02-13,2026-02-17,2686.72,0.0,Denied,25.0,False
CLM001037,POL287661,33,OH,Renters,Water Damage,2026-07-21,2026-07-28,37874.11,0.0,Pending,,False
CLM001038,POL576356,65,MI,Renters,Fire,2026-06-25,2026-06-27,43040.96,0.0,Denied,16.0,False
CLM001039,POL999798,47,PA,Home,Water Damage,2026-08-14,2026-08-19,22040.48,16098.92,Approved,12.0,False
CLM001040,POL994135,26,OH,Auto,Weather Damage,2025-11-15,2025-11-15,32339.44,23045.94,Approved,10.0,False
CLM001041,POL450197,51,MD,Home,Theft,2026-07-27,2026-07-27,43505.42,36300.29,Approved,28.0,True
CLM001042,POL853956,33,NJ,Auto,Theft,2026-05-20,2026-05-20,45309.23,40320.29,Approved,25.0,False
CLM001043,POL401289,49,CT,Auto,Collision,2026-08-21,2026-08-22,2374.48,1714.3,Approved,11.0,False
CLM001044,POL480645,55,MA,Home,Theft,2026-06-21,2026-06-23,46266.2,43468.48,Approved,21.0,True
CLM001045,POL936116,39,IL,Life,Life Benefit,2026-08-16,2026-08-20,36247.03,32670.3,Approved,19.0,False
CLM001046,POL800967,23,CT,Auto,Collision,2025-10-24,2025-10-31,6338.1,6027.88,Approved,23.0,False
CLM001047,POL373280,54,OH,Life,Life Benefit,2026-05-15,2026-05-18,45314.83,0.0,Denied,44.0,False
CLM001048,POL853109,39,MD,Auto,Theft,2026-02-26,2026-03-01,33033.89,0.0,Denied,35.0,False
CLM001049,POL472827,31,MD,Home,Property Damage,2025-12-02,2025-12-05,41653.83,31801.15,Approved,19.0,False
CLM001050,POL161930,43,NY,Renters,Water Damage,2026-02-26,2026-03-05,35832.15,34928.89,Approved,3.0,False
CLM001051,POL534349,49,MD,Home,Property Damage,2025-11-03,2025-11-04,531.46,428.32,Approved,20.0,False
CLM001052,POL870105,58,PA,Life,Life Benefit,2025-11-07,2025-11-13,42363.84,0.0,Denied,13.0,False
CLM001053,POL416591,79,MD,Renters,Fire,2026-01-29,2026-02-05,35098.84,28667.18,Approved,26.0,False
CLM001054,POL430468,76,IL,Home,Water Damage,2026-03-23,2026-03-28,16368.3,12842.27,Approved,20.0,False
CLM001055,POL822021,38,MI,Life,Life Benefit,2026-04-17,2026-04-20,7609.59,0.0,Pending,,False
CLM001056,POL240159,61,NJ,Renters,Fire,2026-02-02,2026-02-02,36324.37,33919.71,Approved,21.0,False
CLM001057,POL104136,55,MI,Life,Life Benefit,2026-03-22,2026-03-29,40376.53,30255.7,Approved,9.0,False
CLM001058,POL155146,83,MD,Home,Fire,2026-06-12,2026-06-13,1413.25,1090.38,Approved,29.0,False
CLM001059,POL791114,42,IL,Life,Life Benefit,2025-10-04,2025-10-06,44196.83,0.0,Denied,15.0,False
CLM001060,POL712346,57,NJ,Auto,Weather Damage,2026-01-11,2026-01-16,45918.3,0.0,Denied,8.0,False
CLM001061,POL256209,64,MD,Auto,Glass Damage,2026-02-27,2026-02-28,43729.15,33326.65,Approved,23.0,False
CLM001062,POL907774,26,VA,Life,Life Benefit,2026-01-30,2026-01-30,49419.29,0.0,Denied,44.0,False
CLM001063,POL659580,62,MI,Life,Life Benefit,2026-09-05,2026-09-10,21565.68,18305.32,Approved,22.0,False
CLM001064,POL864496,44,MD,Home,Property Damage,2026-06-01,2026-06-04,3649.98,0.0,Denied,36.0,False
CLM001065,POL724458,56,MD,Home,Water Damage,2026-01-07,2026-01-10,14081.19,13226.8,Approved,21.0,False
CLM001066,POL634696,48,MA,Home,Property Damage,2026-03-16,2026-03-17,47652.49,0.0,Pending,,False
CLM001067,POL689494,36,MA,Auto,Weather Damage,2026-01-19,2026-01-21,38225.25,0.0,Denied,25.0,False
CLM001068,POL972527,75,VA,Life,Life Benefit,2025-12-21,2025-12-24,37484.14,37324.02,Approved,13.0,False
CLM001069,POL853468,18,VA,Life,Life Benefit,2025-10-23,2025-10-25,35000.02,0.0,Denied,40.0,False
CLM001070,POL556721,39,OH,Home,Fire,2025-11-08,2025-11-09,27005.79,21917.3,Approved,5.0,False
CLM001071,POL329629,57,NY,Home,Theft,2026-09-02,2026-09-06,26152.63,24107.09,Approved,14.0,False
CLM001072,POL610455,67,VA,Renters,Water Damage,2026-06-17,2026-06-21,46763.77,0.0,Denied,33.0,False
CLM001073,POL391914,40,NJ,Auto,Collision,2026-04-07,2026-04-10,676.03,0.0,Denied,39.0,False
CLM001074,POL299611,78,CT,Auto,Theft,2025-12-14,2025-12-14,947.71,845.56,Approved,2.0,False
CLM001075,POL928376,36,OH,Auto,Theft,2026-04-23,2026-04-24,16118.87,11358.1,Approved,10.0,False
CLM001076,POL993439,20,VA,Life,Life Benefit,2026-08-06,2026-08-07,41462.39,37495.77,Approved,7.0,False
CLM001077,POL165453,43,NJ,Renters,Fire,2025-11-30,2025-12-05,42352.95,0.0,Pending,,False
CLM001078,POL961219,26,MD,Home,Fire,2026-07-31,2026-08-03,16967.5,0.0,Pending,,False
CLM001079,POL253636,38,VA,Auto,Weather Damage,2026-03-19,2026-03-20,12100.75,11509.07,Approved,6.0,False
CLM001080,POL811782,59,IL,Home,Theft,2026-03-04,2026-03-07,17173.73,14921.19,Approved,8.0,True
CLM001081,POL681584,63,CT,Home,Water Damage,2025-11-04,2025-11-04,9264.7,0.0,Denied,14.0,False
CLM001082,POL906359,21,MA,Renters,Property Damage,2025-10-05,2025-10-07,16732.58,0.0,Pending,,False
CLM001083,POL931031,72,PA,Home,Property Damage,2025-12-27,2025-12-29,38936.28,36830.04,Approved,6.0,False
CLM001084,POL959246,38,OH,Renters,Water Damage,2026-04-30,2026-05-05,10465.94,0.0,Denied,43.0,False
CLM001085,POL516227,31,NY,Life,Life Benefit,2026-02-14,2026-02-15,7932.75,0.0,Denied,28.0,False
CLM001086,POL430270,85,MI,Auto,Glass Damage,2026-01-27,2026-01-30,39277.73,30725.32,Approved,18.0,False
CLM001087,POL417511,55,NY,Renters,Fire,2026-05-18,2026-05-22,13975.48,11427.93,Approved,30.0,True
CLM001088,POL672036,64,CT,Renters,Theft,2026-09-12,2026-09-16,14383.0,13708.11,Approved,12.0,False
CLM001089,POL442334,57,NJ,Auto,Collision,2026-08-11,2026-08-17,6318.42,5716.8,Approved,25.0,False
CLM001090,POL969758,31,MD,Auto,Weather Damage,2025-11-10,2025-11-15,43704.06,0.0,Denied,13.0,False
CLM001091,POL797777,77,NY,Renters,Theft,2025-11-24,2025-11-27,43905.5,0.0,Pending,,False
CLM001092,POL908769,33,PA,Life,Life Benefit,2025-11-18,2025-11-25,25940.23,0.0,Denied,19.0,False
CLM001093,POL370238,80,MD,Renters,Property Damage,2026-01-24,2026-01-31,8313.88,0.0,Denied,11.0,False
CLM001094,POL954861,75,PA,Auto,Collision,2026-09-11,2026-09-18,1182.21,1059.61,Approved,6.0,False
CLM001095,POL558568,31,NY,Life,Life Benefit,2026-07-21,2026-07-24,27763.01,26652.38,Approved,2.0,False
CLM001096,POL719352,68,NJ,Life,Life Benefit,2026-02-09,2026-02-13,27754.18,0.0,Pending,,False
CLM001097,POL416429,21,PA,Auto,Theft,2025-10-01,2025-10-07,5291.87,0.0,Denied,22.0,True
CLM001098,POL473202,37,MA,Renters,Fire,2026-08-28,2026-09-02,3186.5,0.0,Denied,16.0,False
CLM001099,POL858307,65,MD,Auto,Collision,2025-10-10,2025-10-12,28516.39,20952.06,Approved,27.0,False
CLM001100,POL686445,78,NY,Home,Fire,2025-12-16,2025-12-23,21965.66,20156.83,Approved,4.0,False
CLM001101,POL721968,82,NY,Home,Water Damage,2026-07-05,2026-07-09,34353.5,0.0,Pending,,False
CLM001102,POL407970,52,CT,Renters,Theft,2025-10-02,2025-10-09,43275.32,33221.63,Approved,29.0,False
CLM001103,POL366577,79,MA,Life,Life Benefit,2025-12-25,2025-12-26,9866.96,0.0,Denied,19.0,False
CLM001104,POL182882,21,NY,Home,Fire,2026-02-26,2026-02-27,8170.35,0.0,Denied,33.0,True
CLM001105,POL927636,37,NJ,Life,Life Benefit,2025-11-06,2025-11-07,48948.03,36447.34,Approved,26.0,False
CLM001106,POL315000,62,OH,Life,Life Benefit,2026-06-24,2026-06-29,10114.82,8169.38,Approved,21.0,True
CLM001107,POL144466,65,VA,Auto,Theft,2025-12-05,2025-12-06,11341.53,8805.65,Approved,27.0,False
CLM001108,POL553302,58,MA,Auto,Theft,2025-09-26,2025-10-03,40986.32,0.0,Pending,,False
CLM001109,POL513266,76,CT,Renters,Property Damage,2025-09-30,2025-10-06,35599.88,26590.27,Approved,3.0,False
CLM001110,POL372142,70,PA,Home,Property Damage,2026-02-19,2026-02-24,23880.68,16848.11,Approved,4.0,False
CLM001111,POL289560,28,VA,Auto,Theft,2026-02-08,2026-02-13,37814.1,0.0,Pending,,False
CLM001112,POL248699,53,MI,Home,Theft,2026-01-29,2026-02-04,44662.07,0.0,Denied,34.0,False
CLM001113,POL773875,55,NY,Auto,Theft,2026-06-21,2026-06-23,12143.41,9258.9,Approved,24.0,False
CLM001114,POL808899,59,OH,Renters,Property Damage,2026-05-24,2026-05-24,9540.29,0.0,Pending,,False
CLM001115,POL657971,77,CT,Auto,Glass Damage,2026-05-06,2026-05-10,32641.74,29774.47,Approved,24.0,False
CLM001116,POL321178,26,MA,Life,Life Benefit,2025-11-19,2025-11-24,27937.63,22328.54,Approved,5.0,False
CLM001117,POL245426,77,MD,Renters,Theft,2026-08-21,2026-08-21,45484.59,0.0,Pending,,False
CLM001118,POL182003,27,VA,Auto,Glass Damage,2025-11-15,2025-11-15,22400.64,0.0,Denied,3.0,False
CLM001119,POL996520,50,MD,Life,Life Benefit,2026-03-02,2026-03-06,35967.39,0.0,Denied,45.0,False
CLM001120,POL394052,64,MA,Life,Life Benefit,2025-12-18,2025-12-25,6527.78,5389.79,Approved,7.0,False
CLM001121,POL105299,62,MD,Home,Water Damage,2026-08-10,2026-08-13,19731.34,0.0,Denied,18.0,False
CLM001122,POL809331,57,IL,Renters,Property Damage,2026-09-12,2026-09-18,40420.37,31308.98,Approved,27.0,False
CLM001123,POL632265,54,CT,Renters,Water Damage,2026-02-19,2026-02-20,25362.27,0.0,Pending,,False
CLM001124,POL423694,36,OH,Auto,Theft,2026-05-19,2026-05-21,46778.52,35046.83,Approved,21.0,False
CLM001125,POL777584,75,CT,Life,Life Benefit,2026-06-14,2026-06-21,42376.88,0.0,Denied,3.0,False
CLM001126,POL893959,19,MI,Life,Life Benefit,2026-04-10,2026-04-17,41028.3,30040.51,Approved,25.0,False
CLM001127,POL538638,60,NJ,Auto,Collision,2026-02-09,2026-02-15,32592.76,0.0,Denied,25.0,False
CLM001128,POL535001,25,IL,Home,Water Damage,2025-12-01,2025-12-07,23520.08,20176.51,Approved,27.0,False
CLM001129,POL472603,53,NJ,Home,Theft,2026-01-17,2026-01-21,19224.28,16237.5,Approved,15.0,False
CLM001130,POL678177,20,IL,Life,Life Benefit,2025-10-06,2025-10-08,41099.48,40754.58,Approved,6.0,False
CLM001131,POL205890,38,IL,Life,Life Benefit,2025-09-19,2025-09-20,9104.48,7076.53,Approved,4.0,False
CLM001132,POL890637,54,IL,Life,Life Benefit,2026-01-23,2026-01-27,37755.66,0.0,Denied,15.0,False
CLM001133,POL398261,83,MI,Renters,Water Damage,2025-12-30,2026-01-02,20072.97,0.0,Denied,11.0,False
CLM001134,POL356206,74,MA,Home,Water Damage,2026-05-13,2026-05-13,30480.17,0.0,Pending,,False
CLM001135,POL847792,59,VA,Life,Life Benefit,2026-02-06,2026-02-08,11012.73,8009.01,Approved,21.0,False
CLM001136,POL486811,60,NJ,Auto,Weather Damage,2026-08-29,2026-09-05,34242.67,31375.91,Approved,16.0,False
CLM001137,POL515397,64,VA,Auto,Theft,2026-07-10,2026-07-13,39616.68,0.0,Denied,30.0,False
CLM001138,POL248080,45,PA,Renters,Water Damage,2025-10-10,2025-10-13,36712.18,31809.5,Approved,26.0,False
CLM001139,POL975844,68,NY,Auto,Glass Damage,2026-01-25,2026-01-26,3006.88,0.0,Pending,,False
CLM001140,POL243068,56,PA,Home,Theft,2026-08-12,2026-08-14,8761.17,0.0,Denied,15.0,False
CLM001141,POL541399,55,CT,Auto,Theft,2026-08-01,2026-08-01,2981.27,2424.49,Approved,16.0,False
CLM001142,POL720951,61,VA,Auto,Theft,2025-11-04,2025-11-07,29601.05,29264.74,Approved,23.0,False
CLM001143,POL848279,31,PA,Home,Water Damage,2026-03-21,2026-03-23,25589.57,19499.49,Approved,14.0,False
CLM001144,POL933015,34,NJ,Auto,Collision,2025-12-31,2026-01-06,13885.78,0.0,Denied,40.0,False
CLM001145,POL380059,65,VA,Home,Property Damage,2025-10-04,2025-10-04,3763.75,0.0,Denied,45.0,False
CLM001146,POL459685,52,MI,Renters,Theft,2026-01-19,2026-01-21,10365.8,0.0,Denied,4.0,True
CLM001147,POL431747,63,CT,Home,Theft,2026-08-27,2026-08-31,27844.13,24875.26,Approved,25.0,True
CLM001148,POL196017,72,NY,Renters,Theft,2026-01-25,2026-01-27,16405.62,13490.08,Approved,9.0,False
CLM001149,POL283845,20,MA,Home,Theft,2026-08-27,2026-09-01,15298.28,0.0,Denied,17.0,False
CLM001150,POL907861,18,IL,Home,Property Damage,2026-06-19,2026-06-24,44051.59,33935.9,Approved,26.0,False
CLM001151,POL749334,41,IL,Renters,Property Damage,2026-06-21,2026-06-24,42579.68,35475.2,Approved,28.0,False
CLM001152,POL875058,71,NJ,Auto,Theft,2025-10-14,2025-10-18,49708.07,43725.05,Approved,22.0,False
CLM001153,POL959891,50,PA,Auto,Collision,2025-11-18,2025-11-25,12067.95,9478.22,Approved,13.0,False
CLM001154,POL641700,84,CT,Auto,Glass Damage,2026-08-03,2026-08-07,39073.59,36403.22,Approved,9.0,False
CLM001155,POL556856,63,NJ,Auto,Collision,2025-11-23,2025-11-23,13205.59,0.0,Pending,,False
CLM001156,POL115557,38,NY,Auto,Collision,2026-01-21,2026-01-26,15884.31,13404.01,Approved,9.0,False
CLM001157,POL514832,60,MA,Auto,Weather Damage,2025-09-23,2025-09-25,24380.47,19140.64,Approved,9.0,False
CLM001158,POL971532,54,PA,Renters,Water Damage,2026-08-01,2026-08-07,20749.02,17467.8,Approved,16.0,False
CLM001159,POL454880,76,MD,Life,Life Benefit,2026-07-15,2026-07-21,7343.55,0.0,Denied,42.0,False
CLM001160,POL893186,30,PA,Home,Water Damage,2026-07-01,2026-07-07,25570.48,24913.88,Approved,27.0,False
CLM001161,POL166528,43,PA,Home,Property Damage,2026-01-05,2026-01-09,40208.63,28956.54,Approved,4.0,False
CLM001162,POL677462,31,MA,Auto,Glass Damage,2025-10-06,2025-10-13,32754.97,30986.73,Approved,9.0,False
CLM001163,POL585478,32,VA,Auto,Glass Damage,2026-05-23,2026-05-24,7680.11,6978.54,Approved,25.0,False
CLM001164,POL610059,42,MA,Renters,Property Damage,2026-06-07,2026-06-07,1080.82,994.66,Approved,2.0,False
CLM001165,POL668192,85,CT,Auto,Collision,2025-12-21,2025-12-24,14481.88,10222.52,Approved,19.0,False
CLM001166,POL309438,63,IL,Home,Theft,2026-08-31,2026-08-31,36236.78,0.0,Pending,,False
CLM001167,POL575168,25,CT,Life,Life Benefit,2026-06-17,2026-06-17,15491.03,11044.38,Approved,20.0,False
CLM001168,POL253814,28,IL,Life,Life Benefit,2026-01-14,2026-01-15,46864.22,39918.63,Approved,7.0,False
CLM001169,POL341480,66,MD,Renters,Theft,2025-12-09,2025-12-15,36745.74,31327.34,Approved,20.0,False
CLM001170,POL294144,39,MI,Renters,Property Damage,2026-02-02,2026-02-03,36788.83,31634.74,Approved,10.0,False
CLM001171,POL233699,62,PA,Auto,Theft,2026-09-09,2026-09-13,30020.89,25303.5,Approved,3.0,False
CLM001172,POL657120,84,PA,Renters,Theft,2026-04-02,2026-04-08,14478.14,0.0,Pending,,False
CLM001173,POL964647,70,MA,Life,Life Benefit,2026-01-03,2026-01-09,31108.34,26476.38,Approved,29.0,False
CLM001174,POL282048,67,IL,Life,Life Benefit,2025-12-14,2025-12-16,18126.08,13049.8,Approved,6.0,False
CLM001175,POL694350,45,MI,Home,Fire,2026-07-24,2026-07-24,23133.63,19931.07,Approved,15.0,False
CLM001176,POL165101,26,CT,Renters,Property Damage,2026-03-29,2026-04-04,35188.15,27058.52,Approved,13.0,False
CLM001177,POL778689,82,IL,Home,Water Damage,2025-11-23,2025-11-30,49331.52,41904.79,Approved,24.0,True
CLM001178,POL997416,37,PA,Renters,Theft,2025-09-17,2025-09-17,35765.88,31234.29,Approved,8.0,False
CLM001179,POL421205,79,MD,Life,Life Benefit,2026-02-16,2026-02-16,40288.81,35033.47,Approved,12.0,False
CLM001180,POL777735,57,IL,Auto,Theft,2026-06-10,2026-06-11,47792.14,35771.82,Approved,6.0,False
CLM001181,POL468826,33,OH,Renters,Water Damage,2025-09-26,2025-09-26,21317.11,17821.41,Approved,23.0,False
CLM001182,POL598593,77,MI,Home,Theft,2026-06-03,2026-06-04,40662.73,0.0,Denied,22.0,False
CLM001183,POL655576,41,VA,Renters,Theft,2026-02-18,2026-02-23,20402.86,15792.96,Approved,6.0,False
CLM001184,POL920976,83,MA,Home,Water Damage,2026-08-26,2026-09-02,1384.68,0.0,Denied,4.0,False
CLM001185,POL627378,82,MD,Auto,Weather Damage,2026-07-21,2026-07-23,7161.41,0.0,Denied,8.0,True
CLM001186,POL967362,65,CT,Life,Life Benefit,2026-06-29,2026-06-30,41239.14,29296.99,Approved,13.0,True
CLM001187,POL218541,51,IL,Life,Life Benefit,2026-06-02,2026-06-07,48348.5,41550.89,Approved,26.0,False
CLM001188,POL263318,70,VA,Auto,Weather Damage,2026-05-21,2026-05-24,25499.08,24529.39,Approved,8.0,False
CLM001189,POL264687,30,IL,Home,Fire,2025-10-15,2025-10-15,26549.05,0.0,Denied,22.0,False
CLM001190,POL712789,23,PA,Life,Life Benefit,2025-12-28,2025-12-30,10036.64,9881.32,Approved,20.0,False
CLM001191,POL601087,30,MA,Renters,Theft,2026-03-22,2026-03-29,9232.87,9199.85,Approved,29.0,False
CLM001192,POL473940,59,VA,Renters,Theft,2026-01-20,2026-01-23,13815.77,0.0,Denied,5.0,False
CLM001193,POL747956,56,MA,Life,Life Benefit,2026-02-02,2026-02-05,3105.02,2569.59,Approved,7.0,False
CLM001194,POL215373,19,OH,Life,Life Benefit,2025-12-08,2025-12-15,19802.72,17704.41,Approved,26.0,False
CLM001195,POL789974,67,MA,Home,Theft,2026-05-31,2026-06-04,22502.92,18432.62,Approved,26.0,False
CLM001196,POL744260,77,OH,Life,Life Benefit,2025-09-28,2025-10-02,44217.21,34229.15,Approved,30.0,False
CLM001197,POL463696,75,CT,Home,Property Damage,2025-10-11,2025-10-17,18761.17,17739.23,Approved,24.0,False
CLM001198,POL539510,77,OH,Renters,Water Damage,2026-05-31,2026-06-07,43124.06,37316.71,Approved,12.0,False
CLM001199,POL419999,44,OH,Renters,Theft,2026-08-20,2026-08-23,47163.47,0.0,Denied,40.0,False
CLM001200,POL257811,82,MA,Home,Fire,2026-08-08,2026-08-13,9632.98,0.0,Pending,,False
CLM001201,POL739280,21,MD,Life,Life Benefit,2026-09-06,2026-09-06,33817.49,0.0,Denied,26.0,False
CLM001202,POL603899,53,CT,Auto,Theft,2026-08-03,2026-08-05,47569.27,37056.46,Approved,22.0,False
CLM001203,POL759689,50,VA,Renters,Property Damage,2025-11-28,2025-11-30,38142.98,0.0,Pending,,False
CLM001204,POL385074,74,IL,Home,Fire,2026-08-26,2026-08-28,28735.16,0.0,Pending,,False
CLM001205,POL883298,37,NY,Renters,Property Damage,2026-02-02,2026-02-02,33621.34,0.0,Pending,,False
CLM001206,POL270831,46,OH,Home,Property Damage,2026-08-28,2026-08-31,12501.31,0.0,Denied,40.0,False
CLM001207,POL357140,26,VA,Renters,Property Damage,2026-01-26,2026-02-02,3901.81,0.0,Denied,8.0,False
CLM001208,POL434122,66,MA,Home,Fire,2026-04-12,2026-04-16,4950.54,4399.82,Approved,11.0,False
CLM001209,POL769258,66,MA,Home,Fire,2025-11-04,2025-11-09,40767.78,30749.93,Approved,18.0,False
CLM001210,POL307756,42,VA,Auto,Weather Damage,2025-11-23,2025-11-23,7024.46,5419.68,Approved,30.0,False
CLM001211,POL960401,83,MD,Renters,Theft,2026-05-09,2026-05-15,13487.24,12235.73,Approved,9.0,False
CLM001212,POL383752,23,NJ,Renters,Water Damage,2025-10-29,2025-11-03,5279.85,3743.94,Approved,10.0,False
CLM001213,POL278038,49,VA,Home,Theft,2026-07-22,2026-07-29,45721.63,0.0,Denied,20.0,False
CLM001214,POL565951,68,IL,Renters,Fire,2026-01-27,2026-02-03,22427.14,22209.86,Approved,16.0,False
CLM001215,POL629371,76,IL,Renters,Property Damage,2025-12-14,2025-12-21,35058.43,27444.79,Approved,27.0,True
CLM001216,POL518838,25,CT,Home,Water Damage,2026-08-04,2026-08-05,32709.18,27171.85,Approved,21.0,False
CLM001217,POL989918,73,OH,Life,Life Benefit,2025-11-06,2025-11-11,35797.72,0.0,Denied,37.0,False
CLM001218,POL442795,50,PA,Home,Property Damage,2026-02-19,2026-02-23,28220.38,0.0,Denied,43.0,False
CLM001219,POL820826,34,MD,Life,Life Benefit,2026-01-25,2026-01-30,14746.99,0.0,Denied,8.0,False
CLM001220,POL317964,41,PA,Home,Fire,2026-07-02,2026-07-04,19932.56,16360.87,Approved,3.0,False
CLM001221,POL136264,50,PA,Auto,Weather Damage,2026-05-06,2026-05-09,2275.67,0.0,Denied,42.0,False
CLM001222,POL886490,39,MD,Renters,Property Damage,2025-12-25,2025-12-30,11919.85,9492.0,Approved,22.0,False
CLM001223,POL580903,25,NJ,Home,Theft,2026-05-18,2026-05-21,527.58,505.27,Approved,30.0,False
CLM001224,POL747078,64,OH,Renters,Water Damage,2025-09-18,2025-09-23,12442.89,0.0,Denied,45.0,False
CLM001225,POL824890,52,NJ,Home,Property Damage,2026-02-15,2026-02-15,11795.02,0.0,Denied,25.0,False
CLM001226,POL982029,41,IL,Auto,Theft,2026-03-01,2026-03-05,2613.67,0.0,Denied,44.0,False
CLM001227,POL832455,57,OH,Renters,Theft,2026-08-06,2026-08-09,19622.57,0.0,Denied,25.0,False
CLM001228,POL192423,24,MI,Auto,Glass Damage,2026-03-20,2026-03-26,11915.95,10406.46,Approved,25.0,False
CLM001229,POL242977,75,MA,Life,Life Benefit,2026-04-26,2026-05-02,6147.9,4904.66,Approved,5.0,True
CLM001230,POL176579,33,CT,Home,Property Damage,2025-10-16,2025-10-18,19779.9,0.0,Denied,12.0,False
CLM001231,POL394278,29,NJ,Life,Life Benefit,2026-06-28,2026-07-01,23993.35,20688.59,Approved,22.0,False
CLM001232,POL988503,42,CT,Home,Theft,2025-12-07,2025-12-08,33511.26,30288.31,Approved,23.0,True
CLM001233,POL807025,78,VA,Home,Fire,2026-04-19,2026-04-25,34036.53,24940.26,Approved,15.0,False
CLM001234,POL586184,20,PA,Renters,Theft,2026-05-31,2026-06-03,19437.34,18748.94,Approved,22.0,False
CLM001235,POL924656,78,MD,Home,Water Damage,2026-03-02,2026-03-09,15239.05,0.0,Pending,,False
CLM001236,POL148485,26,MD,Auto,Weather Damage,2026-07-27,2026-07-31,44777.95,43512.06,Approved,8.0,False
CLM001237,POL130600,21,MD,Home,Property Damage,2026-05-05,2026-05-11,8679.48,0.0,Denied,32.0,False
CLM001238,POL747347,71,NY,Life,Life Benefit,2026-05-19,2026-05-19,12382.1,9230.01,Approved,10.0,True
CLM001239,POL542547,28,MI,Life,Life Benefit,2025-11-12,2025-11-15,47375.36,35712.53,Approved,4.0,False
CLM001240,POL158752,58,MA,Life,Life Benefit,2025-10-13,2025-10-19,6347.51,4991.86,Approved,21.0,False
CLM001241,POL723483,76,IL,Auto,Weather Damage,2026-06-20,2026-06-27,47758.71,0.0,Pending,,False
CLM001242,POL826835,33,VA,Auto,Weather Damage,2025-11-01,2025-11-01,46000.06,0.0,Pending,,False
CLM001243,POL874809,75,OH,Home,Theft,2025-10-08,2025-10-09,30930.34,22763.09,Approved,10.0,False
CLM001244,POL578032,57,MI,Life,Life Benefit,2026-04-02,2026-04-05,49226.97,0.0,Pending,,False
CLM001245,POL310876,37,MD,Home,Water Damage,2026-03-28,2026-03-31,49717.88,49501.82,Approved,2.0,True
CLM001246,POL132375,77,NJ,Renters,Water Damage,2025-10-19,2025-10-22,21720.35,19781.68,Approved,3.0,False
CLM001247,POL448532,29,PA,Home,Fire,2025-11-08,2025-11-13,16292.15,0.0,Pending,,False
CLM001248,POL350655,76,IL,Auto,Weather Damage,2025-10-02,2025-10-03,41654.0,0.0,Denied,13.0,False
CLM001249,POL571161,62,NY,Auto,Glass Damage,2026-02-23,2026-02-24,23506.62,23295.76,Approved,14.0,False
CLM001250,POL457688,54,OH,Home,Theft,2025-10-06,2025-10-09,37729.34,27816.09,Approved,19.0,False
CLM001251,POL400867,63,MI,Auto,Collision,2026-08-29,2026-09-02,46927.13,0.0,Denied,34.0,False
CLM001252,POL743454,18,MI,Auto,Collision,2026-05-03,2026-05-04,4974.48,4275.72,Approved,26.0,False
CLM001253,POL898736,29,CT,Auto,Theft,2025-11-07,2025-11-08,34598.25,27674.64,Approved,22.0,False
CLM001254,POL458774,54,MA,Home,Theft,2026-03-28,2026-03-31,37546.89,33997.24,Approved,25.0,False
CLM001255,POL960133,22,NY,Home,Property Damage,2025-12-11,2025-12-14,43705.68,36489.21,Approved,6.0,False
CLM001256,POL781287,57,OH,Home,Fire,2026-04-06,2026-04-06,45067.78,0.0,Denied,3.0,False
CLM001257,POL654756,73,MA,Life,Life Benefit,2026-01-28,2026-01-28,49058.75,48274.85,Approved,27.0,False
CLM001258,POL241783,68,MI,Home,Theft,2025-12-06,2025-12-06,25578.2,19293.19,Approved,15.0,False
CLM001259,POL499708,30,NJ,Renters,Fire,2025-12-19,2025-12-25,6042.6,5797.36,Approved,24.0,False
CLM001260,POL806277,39,OH,Auto,Theft,2026-07-13,2026-07-20,39206.87,28791.76,Approved,8.0,False
CLM001261,POL108741,31,MA,Home,Water Damage,2025-11-21,2025-11-24,49852.52,39194.67,Approved,8.0,False
CLM001262,POL417892,45,NJ,Auto,Weather Damage,2026-06-13,2026-06-18,21897.49,15466.89,Approved,9.0,False
CLM001263,POL675436,23,MI,Life,Life Benefit,2026-01-28,2026-02-01,20703.93,17775.32,Approved,26.0,False
CLM001264,POL498923,33,IL,Auto,Weather Damage,2026-08-18,2026-08-21,44845.53,0.0,Pending,,False
CLM001265,POL872654,58,MD,Auto,Theft,2025-09-23,2025-09-30,10557.23,7495.29,Approved,24.0,False
CLM001266,POL720058,85,MD,Life,Life Benefit,2026-01-05,2026-01-07,15551.75,12885.98,Approved,29.0,False
CLM001267,POL609407,21,VA,Life,Life Benefit,2026-05-17,2026-05-21,1552.37,1339.53,Approved,13.0,False
CLM001268,POL714771,40,MD,Life,Life Benefit,2026-07-08,2026-07-10,8491.63,6085.42,Approved,7.0,False
CLM001269,POL506454,78,MI,Life,Life Benefit,2025-12-08,2025-12-10,45409.71,35924.45,Approved,8.0,False
CLM001270,POL742167,24,NJ,Auto,Glass Damage,2026-07-02,2026-07-05,23013.13,20476.16,Approved,8.0,False
CLM001271,POL420009,73,PA,Home,Fire,2026-02-23,2026-03-02,37293.29,33963.9,Approved,21.0,False
CLM001272,POL272815,70,IL,Life,Life Benefit,2026-05-05,2026-05-06,35710.73,0.0,Pending,,False
CLM001273,POL614463,44,VA,Home,Property Damage,2025-12-30,2025-12-30,11319.33,0.0,Pending,,False
CLM001274,POL240735,35,MA,Life,Life Benefit,2026-03-02,2026-03-02,2645.01,2373.8,Approved,13.0,False
CLM001275,POL831488,20,OH,Home,Fire,2026-03-08,2026-03-13,35130.3,31724.66,Approved,5.0,False
CLM001276,POL954145,42,MA,Life,Life Benefit,2026-04-18,2026-04-24,48539.17,45172.75,Approved,18.0,False
CLM001277,POL365395,35,MA,Life,Life Benefit,2026-06-20,2026-06-26,24427.55,23293.6,Approved,26.0,True
CLM001278,POL566694,71,NJ,Renters,Property Damage,2026-03-22,2026-03-25,13870.82,12239.03,Approved,11.0,False
CLM001279,POL827984,24,NY,Auto,Glass Damage,2026-08-23,2026-08-23,26948.6,0.0,Denied,34.0,False
CLM001280,POL485389,23,NJ,Life,Life Benefit,2026-04-07,2026-04-08,3270.01,2317.16,Approved,12.0,False
CLM001281,POL376492,81,NJ,Renters,Water Damage,2026-05-09,2026-05-16,44342.69,31807.8,Approved,17.0,False
CLM001282,POL844900,39,OH,Home,Property Damage,2025-09-20,2025-09-25,41245.16,0.0,Denied,34.0,False
CLM001283,POL644334,22,OH,Renters,Water Damage,2026-02-04,2026-02-09,23246.49,16559.27,Approved,21.0,False
CLM001284,POL833791,18,NJ,Home,Water Damage,2026-07-02,2026-07-07,6018.87,4620.85,Approved,13.0,False
CLM001285,POL331580,85,MA,Life,Life Benefit,2026-09-01,2026-09-06,49573.5,0.0,Denied,16.0,False
CLM001286,POL230798,65,MA,Auto,Weather Damage,2026-01-13,2026-01-13,4725.59,4682.42,Approved,4.0,False
CLM001287,POL400458,41,NJ,Life,Life Benefit,2026-06-17,2026-06-21,27756.27,20122.56,Approved,15.0,False
CLM001288,POL586183,31,MA,Home,Water Damage,2026-04-01,2026-04-04,48503.79,42158.92,Approved,6.0,False
CLM001289,POL897865,69,IL,Auto,Weather Damage,2026-04-18,2026-04-23,41718.29,33571.71,Approved,10.0,False
CLM001290,POL630222,85,MI,Renters,Water Damage,2026-03-21,2026-03-25,2881.57,0.0,Denied,30.0,False
CLM001291,POL765268,48,PA,Life,Life Benefit,2026-02-03,2026-02-06,38477.07,0.0,Denied,14.0,False
CLM001292,POL338784,83,VA,Auto,Collision,2026-05-13,2026-05-19,25153.03,20949.67,Approved,28.0,True
CLM001293,POL232714,32,NJ,Renters,Water Damage,2026-04-30,2026-05-06,18747.31,14150.88,Approved,23.0,False
CLM001294,POL197170,42,CT,Life,Life Benefit,2026-07-14,2026-07-15,49474.29,35118.11,Approved,30.0,False
CLM001295,POL969881,38,NY,Life,Life Benefit,2025-12-21,2025-12-24,39440.49,31102.24,Approved,24.0,False
CLM001296,POL308292,68,CT,Home,Theft,2026-01-16,2026-01-20,30710.82,0.0,Denied,21.0,False
CLM001297,POL149767,49,MI,Renters,Property Damage,2026-03-05,2026-03-12,28642.97,26083.16,Approved,13.0,False
CLM001298,POL514832,29,MA,Home,Water Damage,2026-07-12,2026-07-18,722.06,527.67,Approved,13.0,False
CLM001299,POL172342,20,OH,Renters,Theft,2026-02-07,2026-02-13,38808.29,27339.4,Approved,16.0,False
CLM001300,POL362019,83,MI,Home,Theft,2026-02-07,2026-02-07,16076.94,0.0,Denied,42.0,False
CLM001301,POL826516,33,NY,Life,Life Benefit,2026-05-04,2026-05-07,30370.44,0.0,Pending,,False
CLM001302,POL594982,59,CT,Home,Fire,2026-05-12,2026-05-12,16545.46,14416.81,Approved,20.0,False
CLM001303,POL262284,52,VA,Life,Life Benefit,2026-02-24,2026-02-28,36490.83,31199.63,Approved,24.0,False
CLM001304,POL773312,22,IL,Life,Life Benefit,2026-02-18,2026-02-20,14674.72,12112.72,Approved,3.0,False
CLM001305,POL251539,58,CT,Life,Life Benefit,2026-05-07,2026-05-13,1711.59,1657.04,Approved,2.0,False
CLM001306,POL212401,20,OH,Renters,Theft,2025-12-08,2025-12-13,17389.48,15078.88,Approved,12.0,False
CLM001307,POL797935,50,MI,Home,Property Damage,2026-08-16,2026-08-18,25658.15,22556.54,Approved,28.0,False
CLM001308,POL259120,65,MD,Auto,Weather Damage,2025-10-22,2025-10-22,3844.53,0.0,Denied,24.0,False
CLM001309,POL936370,84,MD,Renters,Fire,2026-01-30,2026-01-31,1596.38,0.0,Denied,39.0,False
CLM001310,POL106918,60,VA,Auto,Glass Damage,2026-01-04,2026-01-07,14209.04,11744.26,Approved,22.0,False
CLM001311,POL714359,60,NJ,Life,Life Benefit,2026-04-15,2026-04-22,36522.22,35034.77,Approved,24.0,False
CLM001312,POL479108,76,OH,Home,Theft,2026-02-06,2026-02-12,47361.47,0.0,Pending,,False
CLM001313,POL319895,48,IL,Home,Property Damage,2025-12-18,2025-12-19,44152.22,33494.53,Approved,4.0,False
CLM001314,POL335531,24,MD,Life,Life Benefit,2025-12-07,2025-12-09,21033.56,0.0,Denied,18.0,False
CLM001315,POL790251,68,NY,Auto,Weather Damage,2026-01-01,2026-01-03,17793.0,0.0,Denied,38.0,False
CLM001316,POL354553,76,IL,Auto,Glass Damage,2026-06-18,2026-06-24,36858.17,35937.94,Approved,9.0,False
CLM001317,POL215171,82,MA,Home,Theft,2025-11-17,2025-11-22,19134.56,14455.24,Approved,24.0,False
CLM001318,POL872305,40,OH,Renters,Property Damage,2026-03-23,2026-03-25,2315.36,2211.9,Approved,28.0,False
CLM001319,POL656034,68,NY,Home,Fire,2026-03-24,2026-03-24,2336.52,0.0,Pending,,False
CLM001320,POL765834,56,MI,Auto,Glass Damage,2026-03-12,2026-03-18,5360.3,4528.27,Approved,7.0,False
CLM001321,POL983939,23,NJ,Renters,Water Damage,2026-02-26,2026-03-04,20783.86,0.0,Denied,7.0,False
CLM001322,POL682751,19,PA,Renters,Theft,2026-06-29,2026-06-30,31795.18,0.0,Pending,,False
CLM001323,POL292432,67,CT,Renters,Theft,2026-06-30,2026-07-07,12657.58,0.0,Pending,,False
CLM001324,POL573279,70,PA,Auto,Weather Damage,2026-05-24,2026-05-29,36573.24,29882.05,Approved,9.0,False
CLM001325,POL897345,62,VA,Renters,Theft,2026-02-02,2026-02-05,49506.34,42197.97,Approved,3.0,False
CLM001326,POL595299,77,VA,Renters,Theft,2026-02-09,2026-02-09,17659.86,15928.58,Approved,8.0,False
CLM001327,POL645012,66,PA,Auto,Theft,2026-08-09,2026-08-13,26459.99,20947.61,Approved,6.0,True
CLM001328,POL515349,78,PA,Home,Water Damage,2026-08-10,2026-08-11,29862.35,28525.01,Approved,23.0,True
CLM001329,POL766508,29,NJ,Renters,Property Damage,2026-01-12,2026-01-18,19332.63,0.0,Denied,41.0,False
CLM001330,POL594286,73,VA,Home,Fire,2026-03-21,2026-03-25,47019.54,0.0,Pending,,False
CLM001331,POL993747,23,PA,Auto,Weather Damage,2026-08-05,2026-08-05,20516.3,19815.48,Approved,24.0,True
CLM001332,POL578294,81,IL,Auto,Weather Damage,2026-05-22,2026-05-22,46384.79,0.0,Denied,3.0,False
CLM001333,POL823792,25,NY,Life,Life Benefit,2026-03-08,2026-03-15,38462.67,37381.06,Approved,4.0,False
CLM001334,POL434554,80,OH,Auto,Collision,2025-12-19,2025-12-25,42886.89,37573.47,Approved,27.0,False
CLM001335,POL122589,81,PA,Home,Fire,2025-11-25,2025-11-30,45947.77,33522.1,Approved,15.0,False
CLM001336,POL588696,65,MA,Home,Property Damage,2026-03-19,2026-03-21,48872.17,38858.14,Approved,25.0,False
CLM001337,POL325787,44,OH,Home,Theft,2025-12-05,2025-12-05,9511.52,7357.6,Approved,14.0,False
CLM001338,POL684244,36,MD,Auto,Weather Damage,2025-11-07,2025-11-09,32795.67,29298.24,Approved,30.0,False
CLM001339,POL927211,24,NY,Renters,Fire,2025-10-12,2025-10-13,33116.71,24921.08,Approved,27.0,True
CLM001340,POL727591,85,PA,Renters,Water Damage,2025-11-25,2025-12-02,45360.92,42972.04,Approved,5.0,False
CLM001341,POL227289,44,NY,Auto,Glass Damage,2026-03-11,2026-03-18,26592.5,23680.76,Approved,28.0,False
CLM001342,POL664381,52,CT,Auto,Glass Damage,2026-07-14,2026-07-20,37931.41,27181.72,Approved,15.0,False
CLM001343,POL653601,23,NJ,Auto,Weather Damage,2026-08-08,2026-08-10,8852.28,7427.67,Approved,16.0,False
CLM001344,POL827996,64,NY,Renters,Theft,2026-04-16,2026-04-21,48862.14,34908.77,Approved,22.0,False
CLM001345,POL210065,54,OH,Life,Life Benefit,2026-01-02,2026-01-04,42633.77,33088.09,Approved,28.0,False
CLM001346,POL728017,61,OH,Auto,Weather Damage,2025-10-09,2025-10-13,15605.29,12183.62,Approved,14.0,False
CLM001347,POL556513,60,PA,Auto,Theft,2025-09-18,2025-09-19,10969.01,0.0,Denied,9.0,True
CLM001348,POL237951,84,OH,Home,Property Damage,2026-09-11,2026-09-15,12519.73,12418.51,Approved,3.0,False
CLM001349,POL659443,51,IL,Renters,Theft,2026-05-23,2026-05-25,40801.14,34174.5,Approved,21.0,False
CLM001350,POL650741,66,NY,Auto,Theft,2026-09-10,2026-09-15,7740.09,0.0,Denied,44.0,False
CLM001351,POL199410,68,NJ,Renters,Fire,2025-10-06,2025-10-11,36360.49,30602.55,Approved,4.0,False
CLM001352,POL331753,26,CT,Auto,Glass Damage,2025-12-02,2025-12-03,12158.87,9168.13,Approved,3.0,False
CLM001353,POL191062,27,MI,Home,Property Damage,2026-03-24,2026-03-29,44722.7,42162.01,Approved,20.0,False
CLM001354,POL488501,24,MD,Home,Water Damage,2026-01-09,2026-01-10,46807.78,37916.97,Approved,20.0,False
CLM001355,POL911576,72,PA,Home,Property Damage,2026-03-25,2026-04-01,6691.4,4878.47,Approved,12.0,False
CLM001356,POL437058,65,MA,Life,Life Benefit,2026-02-14,2026-02-17,1373.07,1342.1,Approved,28.0,False
CLM001357,POL589798,53,MI,Home,Theft,2026-07-01,2026-07-05,36423.07,33394.01,Approved,18.0,False
CLM001358,POL853965,64,MI,Life,Life Benefit,2026-02-23,2026-02-23,49572.54,42625.21,Approved,20.0,False
CLM001359,POL912294,50,PA,Auto,Collision,2026-05-31,2026-06-01,10642.78,7527.59,Approved,30.0,False
CLM001360,POL338580,50,MI,Auto,Theft,2026-04-01,2026-04-07,15253.63,12298.57,Approved,25.0,False
CLM001361,POL576531,41,VA,Auto,Weather Damage,2026-03-03,2026-03-10,47204.23,0.0,Denied,31.0,False
CLM001362,POL514185,52,VA,Renters,Fire,2026-04-04,2026-04-07,31752.0,26980.12,Approved,8.0,False
CLM001363,POL946142,49,MD,Home,Water Damage,2026-04-03,2026-04-03,6278.68,4950.35,Approved,18.0,False
CLM001364,POL962155,45,CT,Home,Property Damage,2026-03-05,2026-03-07,10604.89,7564.74,Approved,11.0,False
CLM001365,POL819655,41,NJ,Home,Theft,2025-10-30,2025-11-05,44691.29,0.0,Pending,,False
CLM001366,POL838143,75,PA,Life,Life Benefit,2025-10-22,2025-10-22,26354.86,0.0,Pending,,False
CLM001367,POL388698,27,OH,Auto,Theft,2025-11-07,2025-11-07,42271.98,33706.68,Approved,4.0,True
CLM001368,POL265232,37,MA,Life,Life Benefit,2026-07-28,2026-08-04,42346.51,37946.54,Approved,25.0,False
CLM001369,POL490295,38,CT,Home,Property Damage,2026-04-09,2026-04-09,15348.69,13037.16,Approved,6.0,False
CLM001370,POL483351,85,CT,Home,Theft,2025-12-26,2025-12-27,27496.32,25368.96,Approved,18.0,False
CLM001371,POL115352,28,MA,Renters,Property Damage,2026-04-18,2026-04-23,21630.86,17989.56,Approved,22.0,False
CLM001372,POL227198,64,MI,Home,Property Damage,2026-02-25,2026-03-03,41005.18,0.0,Denied,14.0,False
CLM001373,POL727665,21,NJ,Home,Theft,2026-07-20,2026-07-22,23026.33,17522.71,Approved,17.0,False
CLM001374,POL801817,35,MA,Home,Property Damage,2026-05-22,2026-05-28,47271.86,0.0,Denied,11.0,True
CLM001375,POL822613,72,NY,Auto,Theft,2026-03-27,2026-03-31,1360.01,1116.33,Approved,17.0,False
CLM001376,POL891183,28,OH,Renters,Theft,2025-11-28,2025-11-30,9922.02,0.0,Pending,,False
CLM001377,POL164670,25,CT,Renters,Theft,2026-03-23,2026-03-30,21163.79,0.0,Denied,22.0,False
CLM001378,POL956824,19,CT,Life,Life Benefit,2025-10-23,2025-10-25,28350.8,25261.49,Approved,30.0,False
CLM001379,POL168687,18,OH,Renters,Theft,2026-03-13,2026-03-13,31087.97,28569.43,Approved,10.0,False
CLM001380,POL985332,57,CT,Home,Property Damage,2026-03-05,2026-03-07,19246.64,17313.43,Approved,27.0,False
CLM001381,POL913251,67,MI,Renters,Property Damage,2026-06-19,2026-06-19,12513.64,9811.43,Approved,18.0,False
CLM001382,POL784659,61,MA,Home,Fire,2025-12-02,2025-12-08,18497.98,17487.94,Approved,7.0,False
CLM001383,POL369594,29,PA,Life,Life Benefit,2025-12-19,2025-12-25,5683.93,4769.13,Approved,9.0,False
CLM001384,POL343569,45,IL,Renters,Water Damage,2025-10-10,2025-10-12,33199.43,0.0,Pending,,False
CLM001385,POL116987,75,MD,Renters,Water Damage,2026-06-29,2026-07-01,24432.51,24040.31,Approved,20.0,False
CLM001386,POL368992,24,CT,Renters,Property Damage,2025-09-22,2025-09-29,7298.0,5475.54,Approved,28.0,False
CLM001387,POL450781,47,IL,Home,Fire,2026-03-14,2026-03-16,37652.39,37454.39,Approved,11.0,False
CLM001388,POL588242,71,NY,Renters,Theft,2026-03-11,2026-03-15,28661.13,25756.95,Approved,9.0,False
CLM001389,POL652269,75,NJ,Renters,Theft,2025-12-05,2025-12-07,21597.02,20633.66,Approved,10.0,False
CLM001390,POL372434,71,MD,Auto,Collision,2026-07-01,2026-07-08,31909.53,28746.08,Approved,17.0,False
CLM001391,POL915422,37,MA,Renters,Fire,2026-01-30,2026-01-30,30523.8,23892.89,Approved,7.0,False
CLM001392,POL143511,50,CT,Home,Fire,2025-09-24,2025-10-01,28468.29,23211.84,Approved,4.0,False
CLM001393,POL439954,67,CT,Home,Theft,2026-06-24,2026-06-26,16535.78,13626.2,Approved,16.0,False
CLM001394,POL914927,66,CT,Life,Life Benefit,2026-04-24,2026-04-25,42398.65,39377.26,Approved,29.0,False
CLM001395,POL327038,72,OH,Life,Life Benefit,2026-04-09,2026-04-15,11263.35,10871.43,Approved,16.0,False
CLM001396,POL703309,24,NJ,Home,Fire,2025-10-11,2025-10-15,6651.03,4731.78,Approved,15.0,True
CLM001397,POL366665,18,PA,Auto,Glass Damage,2026-08-21,2026-08-27,5635.81,4544.6,Approved,26.0,False
CLM001398,POL437465,68,PA,Renters,Property Damage,2026-05-15,2026-05-16,36468.9,0.0,Denied,37.0,False
CLM001399,POL261660,52,MI,Renters,Theft,2025-09-24,2025-09-28,25677.53,0.0,Denied,41.0,False
CLM001400,POL858343,65,MD,Auto,Collision,2026-03-09,2026-03-13,46369.54,0.0,Denied,24.0,False
CLM001401,POL529859,45,MA,Home,Theft,2026-07-09,2026-07-11,32824.96,0.0,Denied,29.0,False
CLM001402,POL839273,28,NJ,Home,Property Damage,2025-10-20,2025-10-26,32689.27,26728.36,Approved,2.0,False
CLM001403,POL281401,21,MA,Renters,Theft,2026-07-22,2026-07-27,34833.71,26850.77,Approved,2.0,False
CLM001404,POL369825,53,IL,Life,Life Benefit,2025-11-12,2025-11-15,6477.64,0.0,Pending,,False
CLM001405,POL441238,63,VA,Home,Fire,2025-09-25,2025-10-01,9993.85,0.0,Pending,,False
CLM001406,POL928883,49,CT,Home,Fire,2025-09-23,2025-09-25,4530.42,4361.41,Approved,24.0,False
CLM001407,POL895112,53,IL,Renters,Fire,2025-12-31,2026-01-04,30242.25,0.0,Denied,17.0,False
CLM001408,POL384469,54,NY,Home,Property Damage,2025-12-21,2025-12-25,18840.76,16886.71,Approved,26.0,False
CLM001409,POL216950,54,IL,Auto,Glass Damage,2026-01-13,2026-01-17,9550.24,0.0,Denied,26.0,False
CLM001410,POL401328,28,OH,Renters,Fire,2025-12-25,2025-12-25,49029.67,39308.78,Approved,6.0,True
CLM001411,POL547648,72,PA,Auto,Glass Damage,2026-02-05,2026-02-12,4240.92,0.0,Pending,,False
CLM001412,POL821173,82,MD,Home,Water Damage,2025-11-02,2025-11-08,23287.81,20063.87,Approved,16.0,False
CLM001413,POL305984,43,NY,Life,Life Benefit,2025-10-15,2025-10-17,8310.63,6351.73,Approved,20.0,False
CLM001414,POL251285,27,VA,Life,Life Benefit,2026-01-20,2026-01-27,37690.4,0.0,Pending,,False
CLM001415,POL897045,33,CT,Auto,Weather Damage,2025-10-07,2025-10-08,33584.08,28705.74,Approved,9.0,False
CLM001416,POL616823,48,PA,Home,Theft,2026-08-01,2026-08-08,40621.3,0.0,Pending,,False
CLM001417,POL448584,46,OH,Auto,Collision,2026-01-11,2026-01-13,47939.61,46396.78,Approved,12.0,False
CLM001418,POL103667,77,NJ,Renters,Water Damage,2025-09-20,2025-09-22,12830.01,11289.74,Approved,5.0,False
CLM001419,POL531451,22,MD,Auto,Glass Damage,2026-08-11,2026-08-14,34686.31,30803.55,Approved,26.0,False
CLM001420,POL778876,20,MD,Auto,Weather Damage,2025-11-07,2025-11-08,37804.03,31099.89,Approved,24.0,False
CLM001421,POL259987,27,MD,Home,Property Damage,2026-09-04,2026-09-07,44319.21,40818.77,Approved,15.0,False
CLM001422,POL918146,48,MD,Home,Theft,2026-09-09,2026-09-15,35266.29,0.0,Denied,30.0,False
CLM001423,POL250380,36,MA,Auto,Theft,2026-03-02,2026-03-09,21574.97,16803.93,Approved,5.0,False
CLM001424,POL882432,21,PA,Renters,Water Damage,2025-11-01,2025-11-06,23094.79,18763.33,Approved,4.0,True
CLM001425,POL319442,23,MA,Home,Property Damage,2025-09-17,2025-09-22,36606.86,33639.39,Approved,26.0,True
CLM001426,POL250303,69,PA,Auto,Weather Damage,2026-04-12,2026-04-16,30553.93,27237.2,Approved,4.0,False
CLM001427,POL132183,82,NY,Life,Life Benefit,2026-01-16,2026-01-17,742.88,701.11,Approved,14.0,False
CLM001428,POL209799,55,CT,Renters,Water Damage,2025-11-17,2025-11-18,14005.64,11332.04,Approved,2.0,False
CLM001429,POL181218,76,MA,Auto,Collision,2025-10-01,2025-10-03,27930.13,25242.22,Approved,5.0,False
CLM001430,POL445993,72,IL,Home,Fire,2026-01-30,2026-01-31,45418.49,0.0,Denied,35.0,False
CLM001431,POL796471,27,MI,Renters,Water Damage,2025-10-05,2025-10-12,10815.73,9911.39,Approved,7.0,False
CLM001432,POL147961,30,IL,Life,Life Benefit,2026-08-16,2026-08-16,40876.86,39170.96,Approved,8.0,False
CLM001433,POL430277,28,VA,Renters,Property Damage,2026-07-14,2026-07-19,19076.55,0.0,Denied,34.0,False
CLM001434,POL219339,37,CT,Renters,Water Damage,2025-11-14,2025-11-18,9510.8,0.0,Pending,,False
CLM001435,POL268781,84,PA,Home,Water Damage,2026-05-31,2026-06-02,6339.11,4921.92,Approved,21.0,False
CLM001436,POL377457,38,VA,Auto,Collision,2026-01-15,2026-01-21,31085.06,0.0,Denied,43.0,False
CLM001437,POL331772,61,PA,Renters,Property Damage,2026-02-27,2026-03-03,30878.91,0.0,Denied,45.0,False
CLM001438,POL594944,28,VA,Life,Life Benefit,2026-08-26,2026-09-02,33732.84,31201.84,Approved,30.0,False
CLM001439,POL116330,56,NJ,Home,Theft,2026-03-18,2026-03-21,38034.76,32398.04,Approved,5.0,False
CLM001440,POL632268,66,NY,Renters,Fire,2025-10-28,2025-10-29,23178.99,0.0,Denied,4.0,False
CLM001441,POL325530,45,CT,Auto,Weather Damage,2026-06-17,2026-06-21,13539.53,12662.0,Approved,23.0,False
CLM001442,POL596054,76,MI,Home,Theft,2026-04-13,2026-04-20,39881.94,38734.96,Approved,15.0,False
CLM001443,POL321043,68,PA,Auto,Collision,2025-11-29,2025-12-04,29380.24,0.0,Pending,,False
CLM001444,POL750412,65,PA,Life,Life Benefit,2026-06-20,2026-06-24,35876.7,28448.35,Approved,29.0,False
CLM001445,POL669827,78,MD,Auto,Glass Damage,2026-01-30,2026-01-31,42863.02,35949.4,Approved,3.0,False
CLM001446,POL355996,65,NY,Life,Life Benefit,2025-10-28,2025-10-31,44783.27,44703.86,Approved,4.0,False
CLM001447,POL964035,54,NY,Home,Property Damage,2025-12-29,2026-01-05,35983.02,30189.98,Approved,27.0,False
CLM001448,POL364484,76,NJ,Life,Life Benefit,2026-09-12,2026-09-16,26726.9,18843.43,Approved,12.0,False
CLM001449,POL548659,26,MD,Renters,Fire,2026-08-30,2026-09-01,47890.72,38110.64,Approved,11.0,False
CLM001450,POL406145,27,PA,Auto,Glass Damage,2026-05-18,2026-05-23,26102.51,24219.69,Approved,16.0,False
CLM001451,POL300502,29,PA,Auto,Weather Damage,2026-09-09,2026-09-16,7009.34,6968.5,Approved,18.0,False
CLM001452,POL342705,52,MA,Life,Life Benefit,2025-10-14,2025-10-16,5137.75,4281.53,Approved,23.0,False
CLM001453,POL570801,54,IL,Home,Property Damage,2026-03-01,2026-03-08,16095.6,15029.68,Approved,9.0,False
CLM001454,POL926653,42,MA,Auto,Glass Damage,2025-11-25,2025-11-30,14568.52,0.0,Denied,14.0,False
CLM001455,POL884284,81,MD,Auto,Collision,2026-07-15,2026-07-19,5987.6,0.0,Denied,13.0,False
CLM001456,POL523821,45,CT,Auto,Collision,2025-12-18,2025-12-19,21329.57,0.0,Denied,31.0,False
CLM001457,POL301425,76,CT,Auto,Theft,2026-08-03,2026-08-10,41077.11,0.0,Denied,36.0,False
CLM001458,POL101043,38,MA,Auto,Theft,2026-08-31,2026-09-02,3166.36,3155.95,Approved,2.0,False
CLM001459,POL936256,75,VA,Auto,Weather Damage,2025-11-17,2025-11-20,45086.6,37540.53,Approved,22.0,False
CLM001460,POL270855,23,NJ,Renters,Property Damage,2026-07-27,2026-07-29,45527.3,40640.64,Approved,9.0,False
CLM001461,POL749405,82,PA,Home,Fire,2026-06-04,2026-06-07,16129.6,13342.68,Approved,18.0,False
CLM001462,POL669065,56,OH,Life,Life Benefit,2026-02-15,2026-02-22,6427.47,5175.58,Approved,16.0,False
CLM001463,POL992615,26,CT,Home,Property Damage,2025-12-13,2025-12-13,27775.66,0.0,Denied,7.0,False
CLM001464,POL871765,56,IL,Auto,Collision,2026-05-15,2026-05-15,44255.89,31783.21,Approved,27.0,False
CLM001465,POL235727,39,NY,Renters,Theft,2025-12-26,2026-01-01,18412.84,14622.72,Approved,30.0,False
CLM001466,POL477342,21,NY,Life,Life Benefit,2026-05-28,2026-06-02,45603.84,0.0,Denied,22.0,False
CLM001467,POL299385,66,IL,Renters,Fire,2026-04-16,2026-04-21,35804.96,34040.99,Approved,15.0,False
CLM001468,POL685108,42,OH,Renters,Theft,2026-02-12,2026-02-14,8052.0,0.0,Denied,5.0,False
CLM001469,POL392766,38,MA,Life,Life Benefit,2026-06-26,2026-07-02,21745.99,0.0,Denied,29.0,False
CLM001470,POL212552,26,MI,Life,Life Benefit,2026-07-19,2026-07-20,26258.9,23641.78,Approved,27.0,False
CLM001471,POL329626,30,NJ,Home,Water Damage,2026-03-12,2026-03-16,38363.28,37121.09,Approved,4.0,False
CLM001472,POL339881,55,OH,Life,Life Benefit,2026-01-06,2026-01-12,35114.95,27038.61,Approved,21.0,True
CLM001473,POL617853,64,OH,Life,Life Benefit,2026-03-21,2026-03-22,16745.21,13006.56,Approved,8.0,False
CLM001474,POL303952,18,NY,Auto,Theft,2026-05-15,2026-05-19,18649.09,18574.35,Approved,17.0,True
CLM001475,POL337531,26,MD,Life,Life Benefit,2026-06-30,2026-07-04,20410.09,17716.94,Approved,24.0,False
CLM001476,POL775522,28,IL,Auto,Weather Damage,2026-02-26,2026-03-01,5993.42,0.0,Denied,27.0,False
CLM001477,POL732822,73,NY,Auto,Weather Damage,2026-05-18,2026-05-24,46805.78,37775.64,Approved,25.0,False
CLM001478,POL915316,41,IL,Auto,Glass Damage,2026-02-17,2026-02-18,44288.14,0.0,Denied,30.0,False
CLM001479,POL388794,52,VA,Renters,Theft,2026-01-29,2026-02-03,11753.45,0.0,Denied,18.0,True
CLM001480,POL571102,18,VA,Auto,Collision,2026-06-30,2026-07-05,14280.78,0.0,Denied,14.0,False
CLM001481,POL506652,81,CT,Renters,Theft,2025-09-24,2025-09-25,18656.85,13915.22,Approved,9.0,False
CLM001482,POL236029,46,IL,Life,Life Benefit,2026-07-06,2026-07-07,34506.58,33124.4,Approved,27.0,False
CLM001483,POL693820,66,IL,Auto,Weather Damage,2026-07-26,2026-08-02,16662.96,15861.32,Approved,21.0,False
CLM001484,POL459100,31,NJ,Renters,Theft,2026-08-03,2026-08-09,7002.56,6383.07,Approved,18.0,False
CLM001485,POL639698,35,MD,Auto,Collision,2026-04-10,2026-04-13,31345.22,0.0,Pending,,False
CLM001486,POL562646,20,VA,Life,Life Benefit,2026-06-27,2026-06-30,27468.77,26436.94,Approved,15.0,False
CLM001487,POL156148,57,CT,Renters,Property Damage,2026-03-23,2026-03-27,30016.02,26998.25,Approved,25.0,False
CLM001488,POL891689,21,NY,Auto,Weather Damage,2026-05-15,2026-05-21,12662.88,10740.98,Approved,4.0,False
CLM001489,POL668897,33,OH,Life,Life Benefit,2026-06-08,2026-06-09,21395.8,0.0,Denied,18.0,False
CLM001490,POL562292,75,MD,Renters,Property Damage,2026-01-19,2026-01-21,37599.81,26757.43,Approved,3.0,True
CLM001491,POL651812,68,MD,Home,Fire,2025-12-07,2025-12-13,23215.18,16804.9,Approved,12.0,False
CLM001492,POL376651,38,OH,Auto,Collision,2026-04-08,2026-04-14,38671.67,0.0,Pending,,False
CLM001493,POL997490,56,NY,Auto,Glass Damage,2026-07-02,2026-07-03,7335.1,5778.3,Approved,2.0,False
CLM001494,POL776302,79,MD,Renters,Water Damage,2025-11-20,2025-11-22,897.55,693.11,Approved,2.0,False
CLM001495,POL796863,85,CT,Life,Life Benefit,2026-07-20,2026-07-23,38365.57,28218.67,Approved,23.0,False
CLM001496,POL781128,64,OH,Auto,Weather Damage,2026-08-19,2026-08-20,42320.83,31669.15,Approved,8.0,True
CLM001497,POL686179,65,PA,Auto,Theft,2025-12-30,2025-12-30,6135.34,6023.44,Approved,9.0,False
CLM001498,POL544562,53,IL,Life,Life Benefit,2026-04-03,2026-04-08,32673.51,30234.04,Approved,27.0,False
CLM001499,POL804686,36,PA,Auto,Collision,2025-10-31,2025-11-03,2653.63,2305.37,Approved,24.0,False
CLM001500,POL286431,24,MI,Life,Life Benefit,2026-06-24,2026-06-25,35615.93,33101.36,Approved,16.0,False
CLM001501,POL118105,62,MD,Auto,Weather Damage,2025-09-20,2025-09-24,18034.2,16498.69,Approved,5.0,False
CLM001502,POL890727,66,CT,Auto,Theft,2026-01-17,2026-01-17,34804.13,31703.55,Approved,13.0,False
CLM001503,POL881843,83,NJ,Renters,Property Damage,2025-10-16,2025-10-18,10750.29,8008.25,Approved,10.0,False
CLM001504,POL782384,19,OH,Auto,Glass Damage,2026-01-03,2026-01-08,12973.72,10300.6,Approved,7.0,False
CLM001505,POL322226,49,MI,Life,Life Benefit,2026-09-08,2026-09-13,39299.32,36709.08,Approved,29.0,False
CLM001506,POL373372,57,VA,Home,Property Damage,2026-07-22,2026-07-23,24273.44,21702.03,Approved,27.0,False
CLM001507,POL592887,29,NY,Renters,Property Damage,2026-08-25,2026-08-27,44235.34,38661.88,Approved,6.0,False
CLM001508,POL216528,56,OH,Auto,Theft,2026-04-22,2026-04-25,36758.01,0.0,Denied,11.0,False
CLM001509,POL498677,25,NY,Auto,Collision,2025-10-07,2025-10-13,12099.76,0.0,Denied,39.0,False
CLM001510,POL518590,23,VA,Renters,Water Damage,2026-06-13,2026-06-18,33003.76,23181.09,Approved,2.0,False
CLM001511,POL772613,39,MA,Renters,Property Damage,2025-10-21,2025-10-21,11400.16,9502.3,Approved,13.0,False
CLM001512,POL484481,73,MA,Life,Life Benefit,2026-05-31,2026-06-07,18622.48,14468.24,Approved,19.0,False
CLM001513,POL182531,41,NY,Life,Life Benefit,2026-01-12,2026-01-17,27863.54,22627.63,Approved,21.0,False
CLM001514,POL257081,54,PA,Renters,Fire,2026-07-30,2026-08-06,9845.17,7722.61,Approved,19.0,False
CLM001515,POL663737,83,MD,Home,Theft,2026-09-05,2026-09-05,27032.31,25116.75,Approved,23.0,False
CLM001516,POL423879,40,OH,Life,Life Benefit,2026-09-05,2026-09-05,47963.27,0.0,Denied,3.0,False
CLM001517,POL286195,49,MI,Home,Theft,2025-09-28,2025-10-04,6430.38,0.0,Denied,40.0,False
CLM001518,POL477050,51,MA,Auto,Weather Damage,2026-07-23,2026-07-29,26603.39,0.0,Denied,15.0,False
CLM001519,POL626093,39,NJ,Life,Life Benefit,2026-02-01,2026-02-03,19012.99,16116.63,Approved,18.0,False
CLM001520,POL884492,46,MD,Home,Theft,2026-06-21,2026-06-27,10834.78,8674.8,Approved,14.0,False
CLM001521,POL168445,85,CT,Renters,Theft,2026-07-14,2026-07-15,19088.16,16393.96,Approved,14.0,False
CLM001522,POL661160,81,NY,Auto,Theft,2025-09-17,2025-09-24,3072.38,0.0,Denied,23.0,False
CLM001523,POL174959,61,OH,Life,Life Benefit,2026-08-05,2026-08-11,5334.41,0.0,Denied,20.0,False
CLM001524,POL564356,29,CT,Life,Life Benefit,2026-06-17,2026-06-23,40783.31,34921.14,Approved,4.0,False
CLM001525,POL497556,26,NY,Auto,Collision,2026-03-31,2026-04-01,13425.28,9814.59,Approved,17.0,False
CLM001526,POL275451,59,NJ,Life,Life Benefit,2025-11-22,2025-11-23,47640.93,40028.51,Approved,25.0,False
CLM001527,POL195098,34,VA,Home,Fire,2025-10-03,2025-10-03,40739.29,0.0,Denied,3.0,False
CLM001528,POL230207,31,IL,Auto,Glass Damage,2026-06-10,2026-06-15,24327.73,18215.83,Approved,25.0,False
CLM001529,POL145184,51,MI,Life,Life Benefit,2025-10-01,2025-10-03,5178.35,4070.12,Approved,5.0,False
CLM001530,POL644563,30,NJ,Renters,Fire,2026-06-08,2026-06-13,34543.9,32513.57,Approved,20.0,False
CLM001531,POL531216,62,VA,Home,Water Damage,2026-03-09,2026-03-16,12750.88,11121.67,Approved,23.0,False
CLM001532,POL351690,20,NY,Home,Water Damage,2025-12-22,2025-12-27,27537.59,0.0,Pending,,False
CLM001533,POL963229,50,VA,Life,Life Benefit,2026-07-28,2026-07-28,47764.25,39084.08,Approved,2.0,False
CLM001534,POL684193,65,CT,Home,Fire,2026-04-03,2026-04-06,11403.15,8027.36,Approved,17.0,False
CLM001535,POL746108,46,IL,Renters,Water Damage,2025-10-02,2025-10-04,36194.11,31456.99,Approved,29.0,False
CLM001536,POL148454,20,MA,Auto,Collision,2026-08-01,2026-08-05,25285.33,24023.36,Approved,24.0,False
CLM001537,POL292453,31,MI,Life,Life Benefit,2026-04-18,2026-04-19,6456.31,0.0,Denied,11.0,False
CLM001538,POL106289,73,OH,Renters,Theft,2026-01-20,2026-01-26,45035.88,0.0,Denied,29.0,False
CLM001539,POL764613,71,NJ,Home,Fire,2026-06-22,2026-06-27,33249.7,24055.76,Approved,20.0,False
CLM001540,POL683914,40,IL,Renters,Fire,2025-10-20,2025-10-25,28252.28,0.0,Denied,10.0,False
CLM001541,POL607064,49,VA,Renters,Fire,2026-01-08,2026-01-08,39628.15,0.0,Denied,18.0,False
CLM001542,POL994813,43,PA,Life,Life Benefit,2026-07-28,2026-08-04,48695.6,0.0,Pending,,False
CLM001543,POL320829,57,CT,Life,Life Benefit,2026-06-19,2026-06-25,30992.7,22039.69,Approved,17.0,False
CLM001544,POL664130,35,OH,Auto,Collision,2025-12-07,2025-12-08,45538.56,42165.95,Approved,17.0,False
CLM001545,POL770131,20,NY,Renters,Fire,2026-02-04,2026-02-04,35595.8,28336.06,Approved,28.0,False
CLM001546,POL770392,27,PA,Auto,Glass Damage,2025-10-03,2025-10-08,13367.89,9837.73,Approved,18.0,False
CLM001547,POL889962,43,CT,Auto,Theft,2026-04-11,2026-04-14,15205.92,0.0,Pending,,False
CLM001548,POL562135,80,MI,Life,Life Benefit,2026-05-10,2026-05-17,11455.82,8164.96,Approved,15.0,False
CLM001549,POL910679,83,MD,Auto,Collision,2025-12-04,2025-12-04,27305.06,24614.52,Approved,24.0,False
CLM001550,POL446869,49,MD,Life,Life Benefit,2026-03-08,2026-03-08,24989.01,24174.91,Approved,22.0,False
CLM001551,POL127796,31,PA,Auto,Glass Damage,2026-08-24,2026-08-25,28274.05,26141.59,Approved,17.0,False
CLM001552,POL539954,68,MA,Life,Life Benefit,2026-07-11,2026-07-13,17082.44,16613.9,Approved,25.0,False
CLM001553,POL689260,84,CT,Auto,Collision,2025-12-13,2025-12-18,19807.05,18182.34,Approved,24.0,False
CLM001554,POL890409,69,VA,Life,Life Benefit,2026-05-05,2026-05-08,2493.98,2174.02,Approved,13.0,False
CLM001555,POL199528,40,MA,Renters,Theft,2025-11-04,2025-11-10,30273.98,0.0,Pending,,False
CLM001556,POL693818,80,CT,Auto,Theft,2026-01-11,2026-01-13,2223.84,1946.78,Approved,16.0,False
CLM001557,POL265030,81,MA,Auto,Theft,2025-09-30,2025-10-01,33269.9,30257.02,Approved,18.0,False
CLM001558,POL494994,42,PA,Renters,Fire,2026-06-29,2026-06-29,38771.79,28230.4,Approved,4.0,False
CLM001559,POL956678,68,IL,Renters,Property Damage,2025-11-05,2025-11-11,41244.7,36725.0,Approved,28.0,False
CLM001560,POL473488,67,MI,Life,Life Benefit,2026-02-04,2026-02-07,49354.64,49145.88,Approved,26.0,True
CLM001561,POL756219,83,PA,Auto,Theft,2026-07-20,2026-07-26,18929.39,15830.02,Approved,19.0,False
CLM001562,POL853264,66,NY,Renters,Fire,2026-09-08,2026-09-11,3337.91,3204.45,Approved,17.0,False
CLM001563,POL475691,74,NJ,Auto,Theft,2026-03-03,2026-03-10,44639.23,0.0,Denied,39.0,False
CLM001564,POL915313,70,NJ,Renters,Theft,2026-04-12,2026-04-12,47499.56,0.0,Denied,23.0,True
CLM001565,POL155394,56,NY,Auto,Collision,2026-08-04,2026-08-05,19868.09,15259.71,Approved,23.0,False
CLM001566,POL888952,55,CT,Life,Life Benefit,2025-09-17,2025-09-23,35122.07,33950.73,Approved,19.0,False
CLM001567,POL467445,65,MA,Renters,Property Damage,2025-12-25,2025-12-26,44816.77,0.0,Denied,32.0,False
CLM001568,POL463098,49,OH,Renters,Fire,2026-03-28,2026-03-31,14821.14,12641.85,Approved,5.0,False
CLM001569,POL307857,50,PA,Home,Fire,2026-04-04,2026-04-06,1040.81,751.84,Approved,14.0,False
CLM001570,POL976637,70,OH,Home,Water Damage,2026-01-02,2026-01-03,23780.81,17289.55,Approved,12.0,False
CLM001571,POL636226,56,OH,Auto,Theft,2026-02-25,2026-02-25,39053.48,0.0,Denied,24.0,False
CLM001572,POL599412,84,NJ,Home,Water Damage,2026-02-16,2026-02-19,20857.34,16564.39,Approved,24.0,False
CLM001573,POL189360,67,NJ,Life,Life Benefit,2026-08-17,2026-08-23,29186.15,20825.77,Approved,11.0,False
CLM001574,POL287946,65,MA,Life,Life Benefit,2026-04-05,2026-04-08,36151.79,0.0,Denied,41.0,False
CLM001575,POL286653,73,MA,Auto,Glass Damage,2026-02-17,2026-02-24,28751.74,20765.06,Approved,15.0,False
CLM001576,POL212445,68,CT,Life,Life Benefit,2026-01-12,2026-01-16,25400.51,24608.72,Approved,9.0,False
CLM001577,POL671022,43,MD,Home,Water Damage,2025-09-16,2025-09-20,3850.33,3309.62,Approved,20.0,False
CLM001578,POL467764,74,MI,Auto,Collision,2026-05-22,2026-05-24,47718.55,0.0,Pending,,False
CLM001579,POL949961,24,CT,Home,Property Damage,2025-12-11,2025-12-11,40968.74,0.0,Denied,39.0,False
CLM001580,POL637980,48,OH,Auto,Weather Damage,2026-07-18,2026-07-18,9564.97,9082.77,Approved,29.0,False
CLM001581,POL922977,32,NJ,Auto,Glass Damage,2026-08-08,2026-08-14,27311.83,21173.93,Approved,27.0,False
CLM001582,POL142499,85,MA,Home,Fire,2025-11-19,2025-11-19,16959.68,16763.26,Approved,25.0,False
CLM001583,POL493730,67,PA,Renters,Property Damage,2026-09-04,2026-09-07,28920.16,27929.23,Approved,21.0,False
CLM001584,POL368424,31,MA,Life,Life Benefit,2026-08-13,2026-08-17,48901.09,0.0,Pending,,False
CLM001585,POL453980,38,OH,Renters,Theft,2026-01-11,2026-01-16,28056.16,0.0,Denied,15.0,False
CLM001586,POL827676,48,VA,Life,Life Benefit,2026-03-08,2026-03-10,48849.12,46566.22,Approved,28.0,False
CLM001587,POL478127,55,MA,Auto,Theft,2025-12-29,2026-01-05,26132.63,23995.61,Approved,15.0,False
CLM001588,POL251012,58,IL,Life,Life Benefit,2026-03-22,2026-03-28,20094.18,0.0,Pending,,False
CLM001589,POL354101,40,MD,Home,Water Damage,2026-06-28,2026-07-03,41016.23,30864.1,Approved,20.0,True
CLM001590,POL167663,52,MA,Auto,Glass Damage,2026-05-28,2026-06-04,29815.8,26499.01,Approved,20.0,False
CLM001591,POL493165,30,CT,Life,Life Benefit,2025-10-26,2025-10-28,3720.74,0.0,Denied,39.0,False
CLM001592,POL391898,45,VA,Home,Property Damage,2026-08-24,2026-08-31,7774.13,0.0,Denied,6.0,False
CLM001593,POL387388,79,MI,Renters,Water Damage,2026-07-15,2026-07-19,48623.65,0.0,Pending,,False
CLM001594,POL951248,69,OH,Auto,Weather Damage,2025-10-01,2025-10-03,42968.8,39617.66,Approved,7.0,False
CLM001595,POL305810,56,CT,Renters,Property Damage,2026-04-20,2026-04-24,17128.82,14544.75,Approved,14.0,False
CLM001596,POL623247,32,MD,Auto,Theft,2026-07-07,2026-07-12,43888.84,0.0,Denied,16.0,False
CLM001597,POL714194,62,NJ,Life,Life Benefit,2025-11-20,2025-11-22,20160.31,0.0,Denied,45.0,False
CLM001598,POL414461,58,MD,Renters,Water Damage,2025-11-06,2025-11-10,20415.47,17058.25,Approved,20.0,False
CLM001599,POL360247,80,VA,Auto,Weather Damage,2025-12-11,2025-12-11,25012.59,0.0,Denied,36.0,False
CLM001600,POL360626,21,MI,Home,Theft,2026-08-14,2026-08-15,43311.18,40634.42,Approved,3.0,False
CLM001601,POL133630,61,NY,Auto,Collision,2026-02-10,2026-02-12,38059.36,36887.59,Approved,5.0,False
CLM001602,POL616077,61,OH,Renters,Property Damage,2026-07-20,2026-07-23,43398.91,39218.42,Approved,16.0,False
CLM001603,POL985252,67,IL,Home,Property Damage,2026-01-01,2026-01-06,21506.68,0.0,Pending,,False
CLM001604,POL713388,52,PA,Home,Theft,2026-04-23,2026-04-26,38167.18,34915.0,Approved,8.0,False
CLM001605,POL249834,39,MD,Renters,Theft,2025-12-07,2025-12-11,47213.51,33660.57,Approved,30.0,False
CLM001606,POL279123,26,NJ,Home,Property Damage,2025-11-25,2025-11-30,35166.2,28015.2,Approved,8.0,True
CLM001607,POL204570,78,PA,Auto,Glass Damage,2026-05-04,2026-05-06,49767.43,0.0,Denied,15.0,False
CLM001608,POL307835,57,VA,Life,Life Benefit,2025-12-17,2025-12-22,20848.79,0.0,Denied,26.0,False
CLM001609,POL268728,46,MI,Home,Property Damage,2026-09-03,2026-09-03,45614.13,0.0,Denied,9.0,False
CLM001610,POL996047,44,MD,Renters,Water Damage,2026-03-05,2026-03-07,45658.45,40379.83,Approved,23.0,False
CLM001611,POL182695,42,PA,Renters,Water Damage,2026-02-07,2026-02-13,18689.69,17088.92,Approved,21.0,False
CLM001612,POL160426,45,OH,Home,Property Damage,2026-09-02,2026-09-07,26370.8,0.0,Pending,,False
CLM001613,POL205349,77,CT,Home,Fire,2026-03-03,2026-03-10,47735.71,0.0,Pending,,False
CLM001614,POL134607,69,OH,Life,Life Benefit,2026-04-22,2026-04-22,25050.96,17968.58,Approved,4.0,False
CLM001615,POL559536,75,MI,Life,Life Benefit,2026-08-12,2026-08-16,40230.45,0.0,Pending,,False
CLM001616,POL800906,25,MI,Life,Life Benefit,2025-12-15,2025-12-19,6965.54,6359.1,Approved,25.0,False
CLM001617,POL882295,70,OH,Home,Theft,2026-06-02,2026-06-02,27744.78,0.0,Pending,,False
CLM001618,POL491972,26,IL,Auto,Glass Damage,2026-07-26,2026-07-28,12492.0,0.0,Pending,,True
CLM001619,POL385778,80,PA,Life,Life Benefit,2026-05-12,2026-05-14,1184.01,0.0,Denied,16.0,False
CLM001620,POL986388,72,IL,Home,Fire,2026-09-06,2026-09-13,20088.75,15610.43,Approved,28.0,False
CLM001621,POL567294,39,OH,Auto,Collision,2026-05-22,2026-05-25,46556.28,33409.24,Approved,15.0,False
CLM001622,POL564433,28,MA,Renters,Property Damage,2026-07-03,2026-07-10,16006.72,15205.51,Approved,9.0,False
CLM001623,POL283448,20,NY,Renters,Water Damage,2025-11-11,2025-11-12,4445.21,3931.09,Approved,17.0,False
CLM001624,POL319917,49,NJ,Life,Life Benefit,2026-07-14,2026-07-18,47674.21,46286.18,Approved,23.0,False
CLM001625,POL460299,61,PA,Renters,Fire,2026-02-26,2026-02-26,41952.05,30736.24,Approved,21.0,False
CLM001626,POL588992,29,PA,Life,Life Benefit,2025-10-09,2025-10-14,42394.23,0.0,Denied,34.0,False
CLM001627,POL989487,55,MI,Auto,Collision,2026-04-02,2026-04-08,25187.32,22652.15,Approved,10.0,False
CLM001628,POL118130,75,MI,Renters,Theft,2025-10-02,2025-10-02,32614.87,32169.47,Approved,23.0,False
CLM001629,POL254924,46,MD,Auto,Weather Damage,2025-12-08,2025-12-12,31644.7,25293.77,Approved,25.0,True
CLM001630,POL111023,30,MA,Auto,Weather Damage,2025-09-29,2025-10-03,5826.77,5336.3,Approved,15.0,False
CLM001631,POL982434,79,MA,Home,Property Damage,2025-11-20,2025-11-22,7424.68,5615.21,Approved,25.0,False
CLM001632,POL652786,80,MI,Home,Fire,2026-06-09,2026-06-14,45380.36,43425.29,Approved,7.0,False
CLM001633,POL362030,37,VA,Auto,Collision,2026-09-08,2026-09-12,47903.18,0.0,Denied,42.0,False
CLM001634,POL566411,58,CT,Renters,Water Damage,2025-11-01,2025-11-05,10964.29,8034.54,Approved,18.0,False
CLM001635,POL638921,69,VA,Auto,Glass Damage,2026-03-09,2026-03-16,11217.52,10078.3,Approved,18.0,False
CLM001636,POL699188,67,NJ,Home,Theft,2026-01-05,2026-01-05,28578.75,24534.89,Approved,7.0,False
CLM001637,POL365235,82,NJ,Home,Water Damage,2025-11-14,2025-11-18,18894.5,0.0,Denied,5.0,False
CLM001638,POL567299,72,IL,Renters,Fire,2026-09-04,2026-09-10,23160.84,17082.66,Approved,4.0,False
CLM001639,POL511916,69,PA,Home,Theft,2026-06-10,2026-06-12,41743.02,31098.83,Approved,8.0,False
CLM001640,POL573139,29,OH,Life,Life Benefit,2026-02-01,2026-02-02,9214.89,7383.07,Approved,5.0,False
CLM001641,POL556153,67,NJ,Life,Life Benefit,2025-10-27,2025-10-27,15510.02,0.0,Pending,,False
CLM001642,POL645960,45,MD,Life,Life Benefit,2026-03-07,2026-03-13,42345.03,29912.54,Approved,20.0,False
CLM001643,POL333121,85,PA,Life,Life Benefit,2026-08-23,2026-08-24,31249.2,24613.62,Approved,23.0,False
CLM001644,POL268872,58,MD,Life,Life Benefit,2026-01-27,2026-01-31,47554.06,0.0,Denied,20.0,False
CLM001645,POL315549,73,MI,Renters,Theft,2026-08-17,2026-08-22,27601.59,25838.51,Approved,10.0,False
CLM001646,POL202868,72,MA,Life,Life Benefit,2025-10-23,2025-10-25,40372.2,34546.96,Approved,19.0,True
CLM001647,POL912645,22,OH,Life,Life Benefit,2025-10-28,2025-11-03,22192.91,0.0,Pending,,False
CLM001648,POL142503,59,CT,Life,Life Benefit,2026-01-14,2026-01-21,39772.67,37186.49,Approved,6.0,True
CLM001649,POL320269,30,VA,Life,Life Benefit,2025-10-03,2025-10-09,24635.65,22287.92,Approved,26.0,False
CLM001650,POL253100,70,CT,Home,Water Damage,2026-07-25,2026-07-25,17677.89,16592.44,Approved,27.0,False
CLM001651,POL330193,20,MA,Life,Life Benefit,2026-02-11,2026-02-14,1783.44,0.0,Denied,25.0,False
CLM001652,POL141030,60,VA,Home,Theft,2026-03-15,2026-03-19,26731.68,24858.0,Approved,22.0,False
CLM001653,POL534346,69,NY,Auto,Collision,2025-11-03,2025-11-09,4662.63,0.0,Denied,37.0,False
CLM001654,POL510250,22,OH,Auto,Weather Damage,2026-01-05,2026-01-11,10337.54,9377.03,Approved,16.0,False
CLM001655,POL138111,40,MD,Life,Life Benefit,2026-07-29,2026-08-02,17925.7,0.0,Denied,38.0,False
CLM001656,POL849474,63,PA,Life,Life Benefit,2025-12-24,2025-12-31,41488.96,32759.86,Approved,9.0,False
CLM001657,POL659965,49,MI,Auto,Weather Damage,2026-06-13,2026-06-13,19386.73,0.0,Denied,18.0,False
CLM001658,POL104172,73,NY,Life,Life Benefit,2026-02-01,2026-02-02,21669.18,16696.77,Approved,9.0,False
CLM001659,POL769977,65,MI,Home,Property Damage,2025-11-28,2025-12-04,31881.52,0.0,Pending,,False
CLM001660,POL562516,36,IL,Auto,Collision,2025-09-15,2025-09-17,14713.72,11575.48,Approved,6.0,False
CLM001661,POL254402,26,OH,Renters,Property Damage,2026-07-06,2026-07-08,42711.33,34094.54,Approved,21.0,False
CLM001662,POL768314,25,MA,Renters,Property Damage,2026-05-06,2026-05-07,16516.24,14819.26,Approved,3.0,False
CLM001663,POL360449,76,CT,Auto,Glass Damage,2026-09-01,2026-09-03,48099.55,44051.28,Approved,16.0,False
CLM001664,POL194044,74,VA,Auto,Weather Damage,2026-08-03,2026-08-05,1421.42,0.0,Pending,,False
CLM001665,POL625665,30,MI,Life,Life Benefit,2026-05-26,2026-05-26,42207.73,0.0,Denied,42.0,False
CLM001666,POL528110,31,MD,Auto,Weather Damage,2025-10-22,2025-10-25,13165.28,9823.62,Approved,21.0,False
CLM001667,POL243411,45,MA,Auto,Theft,2025-11-09,2025-11-11,47558.92,34868.89,Approved,5.0,False
CLM001668,POL168316,73,PA,Home,Fire,2026-08-14,2026-08-14,7763.32,6763.27,Approved,2.0,False
CLM001669,POL701957,20,MA,Renters,Property Damage,2026-06-28,2026-07-02,12511.28,0.0,Pending,,False
CLM001670,POL306783,62,MI,Renters,Theft,2026-06-21,2026-06-23,2694.51,2498.1,Approved,11.0,False
CLM001671,POL726514,82,MD,Renters,Fire,2026-04-22,2026-04-27,13016.06,0.0,Denied,41.0,False
CLM001672,POL475273,60,MI,Auto,Weather Damage,2026-04-05,2026-04-08,27646.74,27295.73,Approved,15.0,False
CLM001673,POL668349,64,NJ,Auto,Glass Damage,2026-04-11,2026-04-16,25944.06,0.0,Pending,,False
CLM001674,POL167168,84,IL,Home,Property Damage,2026-09-13,2026-09-14,29495.31,0.0,Pending,,True
CLM001675,POL733835,58,CT,Renters,Property Damage,2026-08-08,2026-08-11,38900.07,28547.61,Approved,27.0,False
CLM001676,POL613509,67,MA,Renters,Fire,2026-05-28,2026-06-02,26235.32,24600.98,Approved,28.0,False
CLM001677,POL981737,60,MA,Renters,Theft,2025-09-20,2025-09-24,49398.02,36826.28,Approved,26.0,False
CLM001678,POL391040,26,VA,Renters,Theft,2025-09-20,2025-09-20,19732.2,17338.25,Approved,23.0,False
CLM001679,POL732201,46,CT,Home,Water Damage,2026-04-30,2026-05-01,26786.96,24821.71,Approved,27.0,False
CLM001680,POL158276,56,MD,Life,Life Benefit,2026-04-15,2026-04-17,17172.45,14657.61,Approved,2.0,False
CLM001681,POL732734,35,PA,Auto,Weather Damage,2026-04-12,2026-04-13,31040.29,23599.66,Approved,24.0,False
CLM001682,POL899313,33,VA,Life,Life Benefit,2026-02-19,2026-02-24,6630.41,5709.78,Approved,22.0,True
CLM001683,POL195264,67,NJ,Renters,Water Damage,2026-07-09,2026-07-12,3151.81,2688.19,Approved,7.0,True
CLM001684,POL152316,19,CT,Auto,Weather Damage,2025-11-15,2025-11-16,34920.16,28789.89,Approved,16.0,False
CLM001685,POL188709,67,MD,Renters,Theft,2025-12-07,2025-12-09,19442.37,19064.28,Approved,10.0,False
CLM001686,POL660406,44,MA,Life,Life Benefit,2025-10-14,2025-10-21,37476.19,0.0,Denied,27.0,False
CLM001687,POL243571,19,IL,Renters,Fire,2025-10-21,2025-10-22,37641.23,32891.04,Approved,16.0,False
CLM001688,POL551068,43,IL,Home,Water Damage,2026-06-23,2026-06-29,18000.5,16510.51,Approved,3.0,False
CLM001689,POL134915,35,CT,Home,Theft,2026-08-11,2026-08-16,14524.89,12798.52,Approved,16.0,False
CLM001690,POL489179,67,IL,Life,Life Benefit,2026-02-27,2026-03-05,11239.23,9464.01,Approved,24.0,False
CLM001691,POL106227,66,OH,Home,Theft,2025-09-21,2025-09-25,18537.38,17383.01,Approved,27.0,True
CLM001692,POL165078,41,NJ,Renters,Property Damage,2025-10-16,2025-10-16,11836.45,10516.86,Approved,6.0,False
CLM001693,POL155643,67,CT,Renters,Property Damage,2026-04-29,2026-04-29,42831.32,42582.27,Approved,25.0,False
CLM001694,POL826292,21,VA,Home,Fire,2026-01-12,2026-01-18,36606.89,29602.16,Approved,10.0,False
CLM001695,POL459227,82,OH,Home,Water Damage,2026-04-19,2026-04-20,11589.52,10211.3,Approved,22.0,False
CLM001696,POL733484,43,IL,Renters,Water Damage,2026-03-17,2026-03-20,18121.07,0.0,Denied,33.0,False
CLM001697,POL754594,27,PA,Home,Theft,2026-06-24,2026-07-01,26151.61,23540.64,Approved,18.0,False
CLM001698,POL135967,84,CT,Home,Property Damage,2026-09-03,2026-09-10,47523.03,0.0,Denied,14.0,False
CLM001699,POL279386,19,MA,Life,Life Benefit,2026-01-24,2026-01-31,45451.68,37261.78,Approved,25.0,False
CLM001700,POL252615,32,MD,Home,Theft,2026-08-05,2026-08-10,7841.14,6919.95,Approved,14.0,False
CLM001701,POL130822,36,MI,Renters,Theft,2026-05-18,2026-05-18,13647.74,0.0,Denied,15.0,False
CLM001702,POL694435,32,IL,Auto,Weather Damage,2026-01-24,2026-01-28,48978.79,47848.3,Approved,17.0,False
CLM001703,POL180168,77,NJ,Life,Life Benefit,2026-04-28,2026-05-02,11099.9,0.0,Denied,36.0,False
CLM001704,POL810664,33,OH,Life,Life Benefit,2026-09-10,2026-09-15,2762.87,0.0,Denied,22.0,False
CLM001705,POL954008,44,IL,Auto,Weather Damage,2026-02-04,2026-02-09,20431.17,14584.29,Approved,27.0,False
CLM001706,POL379481,78,NJ,Renters,Property Damage,2025-12-15,2025-12-19,38961.94,30021.53,Approved,16.0,False
CLM001707,POL769102,27,NY,Home,Water Damage,2026-03-29,2026-04-04,2059.67,0.0,Denied,5.0,True
CLM001708,POL762496,50,MI,Home,Property Damage,2026-04-08,2026-04-14,45268.95,44253.11,Approved,21.0,False
CLM001709,POL869830,48,MI,Renters,Property Damage,2026-03-16,2026-03-16,22596.89,0.0,Denied,27.0,False
CLM001710,POL772715,62,OH,Auto,Weather Damage,2026-06-07,2026-06-08,30750.79,26431.25,Approved,8.0,False
CLM001711,POL283105,57,MA,Auto,Theft,2026-05-14,2026-05-20,8955.08,6992.93,Approved,25.0,False
CLM001712,POL626507,83,MA,Renters,Fire,2025-10-30,2025-11-03,19429.8,15741.08,Approved,24.0,False
CLM001713,POL604573,30,NY,Home,Theft,2026-02-21,2026-02-28,1726.52,1442.98,Approved,14.0,False
CLM001714,POL518563,40,IL,Home,Theft,2026-01-30,2026-02-04,29410.13,27586.23,Approved,3.0,False
CLM001715,POL430486,76,MA,Renters,Property Damage,2026-06-16,2026-06-20,40430.53,30489.13,Approved,8.0,False
CLM001716,POL610314,41,MI,Renters,Fire,2026-09-12,2026-09-14,39052.09,35490.01,Approved,8.0,False
CLM001717,POL108586,31,MA,Auto,Collision,2026-05-03,2026-05-05,23299.99,22393.45,Approved,5.0,True
CLM001718,POL329616,73,CT,Renters,Theft,2026-02-18,2026-02-25,28458.44,23968.45,Approved,11.0,False
CLM001719,POL501846,54,MA,Renters,Theft,2025-09-21,2025-09-22,2939.46,2476.86,Approved,29.0,False
CLM001720,POL826944,19,VA,Renters,Property Damage,2026-08-27,2026-08-28,44822.41,43791.42,Approved,28.0,False
CLM001721,POL126741,45,VA,Auto,Theft,2026-08-12,2026-08-14,13227.88,11073.75,Approved,18.0,False
CLM001722,POL756828,27,CT,Home,Water Damage,2026-05-11,2026-05-15,8640.0,0.0,Denied,20.0,False
CLM001723,POL978999,80,PA,Life,Life Benefit,2026-02-26,2026-03-02,25083.22,17789.92,Approved,20.0,False
CLM001724,POL455660,54,OH,Life,Life Benefit,2026-01-01,2026-01-04,43591.36,0.0,Pending,,False
CLM001725,POL852844,25,PA,Auto,Theft,2025-11-09,2025-11-11,29503.28,22074.83,Approved,17.0,False
CLM001726,POL826666,72,MI,Life,Life Benefit,2025-11-12,2025-11-18,43302.45,0.0,Denied,39.0,False
CLM001727,POL725796,35,CT,Life,Life Benefit,2026-04-23,2026-04-28,22302.54,0.0,Pending,,False
CLM001728,POL943068,78,IL,Auto,Weather Damage,2026-01-08,2026-01-10,13415.27,11588.72,Approved,14.0,False
CLM001729,POL447585,61,MA,Renters,Water Damage,2026-08-20,2026-08-25,9817.19,7252.62,Approved,13.0,False
CLM001730,POL148617,19,NJ,Home,Fire,2026-02-25,2026-03-02,23618.44,21296.56,Approved,15.0,False
CLM001731,POL419520,83,CT,Home,Theft,2026-05-23,2026-05-23,15004.38,0.0,Pending,,True
CLM001732,POL341443,66,MA,Renters,Water Damage,2026-08-02,2026-08-03,11096.36,9013.68,Approved,21.0,False
CLM001733,POL242335,79,OH,Life,Life Benefit,2025-09-22,2025-09-24,48426.63,43172.1,Approved,6.0,False
CLM001734,POL673422,62,PA,Life,Life Benefit,2025-11-22,2025-11-23,25988.68,22571.61,Approved,24.0,False
CLM001735,POL367465,70,MI,Life,Life Benefit,2026-01-12,2026-01-15,5280.5,0.0,Denied,33.0,False
CLM001736,POL245882,80,NJ,Auto,Collision,2026-07-08,2026-07-08,19307.84,0.0,Denied,31.0,False
CLM001737,POL476304,48,VA,Home,Property Damage,2026-06-27,2026-06-29,34538.36,26883.72,Approved,26.0,True
CLM001738,POL283391,29,IL,Auto,Weather Damage,2025-10-01,2025-10-02,7207.67,0.0,Denied,16.0,False
CLM001739,POL578119,55,OH,Home,Theft,2026-06-20,2026-06-22,49031.0,36161.76,Approved,28.0,False
CLM001740,POL525893,70,MA,Life,Life Benefit,2026-04-14,2026-04-18,11509.67,0.0,Pending,,False
CLM001741,POL583335,52,VA,Renters,Fire,2026-03-16,2026-03-16,43209.88,0.0,Denied,36.0,False
CLM001742,POL503181,60,MA,Auto,Glass Damage,2025-11-12,2025-11-14,10876.58,0.0,Pending,,False
CLM001743,POL680447,61,MD,Life,Life Benefit,2026-08-22,2026-08-23,36174.78,25708.01,Approved,19.0,False
CLM001744,POL528595,24,PA,Home,Theft,2026-06-28,2026-07-01,5166.2,0.0,Denied,27.0,False
CLM001745,POL111932,36,PA,Renters,Theft,2026-04-01,2026-04-05,18046.05,14075.79,Approved,2.0,False
CLM001746,POL814404,51,IL,Renters,Water Damage,2025-12-18,2025-12-25,3385.32,0.0,Pending,,True
CLM001747,POL902649,46,MI,Home,Fire,2026-08-28,2026-08-28,41473.39,32470.15,Approved,15.0,False
CLM001748,POL229920,59,VA,Home,Fire,2025-12-26,2025-12-28,16562.54,0.0,Pending,,False
CLM001749,POL801216,28,CT,Auto,Glass Damage,2026-05-01,2026-05-07,8025.13,7019.19,Approved,11.0,False
CLM001750,POL591228,53,PA,Auto,Theft,2026-02-15,2026-02-15,27784.05,0.0,Pending,,False
CLM001751,POL663420,72,MA,Life,Life Benefit,2025-12-11,2025-12-18,36462.04,0.0,Pending,,False
CLM001752,POL870296,61,MA,Renters,Fire,2026-01-02,2026-01-04,9222.34,6718.9,Approved,19.0,False
CLM001753,POL639426,79,IL,Renters,Fire,2026-04-09,2026-04-13,16457.02,13577.19,Approved,12.0,False
CLM001754,POL710727,37,VA,Auto,Weather Damage,2026-07-02,2026-07-06,36950.79,36276.96,Approved,15.0,False
CLM001755,POL244042,81,MD,Home,Property Damage,2025-11-22,2025-11-29,4945.89,0.0,Pending,,False
CLM001756,POL621368,51,PA,Renters,Property Damage,2025-11-19,2025-11-20,6154.86,4949.27,Approved,17.0,False
CLM001757,POL804229,75,VA,Home,Fire,2026-09-10,2026-09-15,25595.7,20971.14,Approved,2.0,False
CLM001758,POL188819,64,OH,Renters,Theft,2026-05-06,2026-05-06,9416.75,0.0,Pending,,False
CLM001759,POL966130,26,NY,Auto,Collision,2026-06-19,2026-06-22,42338.52,31248.81,Approved,19.0,False
CLM001760,POL808859,77,MI,Life,Life Benefit,2025-11-17,2025-11-19,22261.12,22130.23,Approved,3.0,False
CLM001761,POL164157,41,MA,Renters,Water Damage,2026-01-31,2026-02-05,11158.17,0.0,Denied,20.0,False
CLM001762,POL877298,82,IL,Auto,Weather Damage,2026-04-17,2026-04-18,38377.18,28791.33,Approved,8.0,False
CLM001763,POL129648,18,MA,Auto,Theft,2026-06-13,2026-06-19,38967.9,36571.8,Approved,15.0,False
CLM001764,POL598715,25,IL,Renters,Water Damage,2026-06-17,2026-06-23,14129.54,12203.48,Approved,24.0,False
CLM001765,POL318551,46,NJ,Home,Theft,2025-11-23,2025-11-28,7056.1,5725.57,Approved,3.0,False
CLM001766,POL186598,42,PA,Life,Life Benefit,2026-01-21,2026-01-28,16572.16,12624.75,Approved,20.0,False
CLM001767,POL870809,50,PA,Renters,Theft,2026-07-08,2026-07-15,8546.6,7630.99,Approved,25.0,False
CLM001768,POL116286,55,OH,Renters,Property Damage,2025-09-17,2025-09-21,17164.78,13973.12,Approved,7.0,False
CLM001769,POL276560,46,IL,Auto,Glass Damage,2025-12-28,2025-12-28,29747.59,24771.16,Approved,20.0,False
CLM001770,POL360682,33,OH,Renters,Property Damage,2025-11-03,2025-11-10,40141.01,30474.3,Approved,21.0,False
CLM001771,POL403383,83,NJ,Renters,Fire,2026-05-19,2026-05-22,26622.29,20467.21,Approved,21.0,False
CLM001772,POL241617,37,IL,Home,Theft,2026-04-29,2026-05-01,20310.74,15090.99,Approved,27.0,False
CLM001773,POL412300,63,MA,Life,Life Benefit,2025-09-28,2025-10-01,2539.15,0.0,Denied,32.0,False
CLM001774,POL509328,84,MD,Home,Property Damage,2025-09-18,2025-09-18,6306.6,5105.01,Approved,18.0,False
CLM001775,POL863985,61,NJ,Auto,Weather Damage,2025-10-30,2025-11-02,19055.16,15140.15,Approved,2.0,False
CLM001776,POL199517,79,VA,Renters,Water Damage,2026-05-16,2026-05-18,14189.13,10892.33,Approved,28.0,False
CLM001777,POL156852,23,PA,Renters,Theft,2026-01-04,2026-01-10,31243.97,0.0,Denied,22.0,False
CLM001778,POL378640,60,MD,Auto,Glass Damage,2025-10-03,2025-10-10,34909.45,25616.19,Approved,17.0,False
CLM001779,POL959826,59,NJ,Auto,Weather Damage,2026-08-25,2026-08-27,1440.24,1182.23,Approved,16.0,False
CLM001780,POL119773,81,IL,Renters,Theft,2025-12-21,2025-12-28,16185.94,12716.06,Approved,17.0,False
CLM001781,POL838195,41,OH,Auto,Weather Damage,2026-07-08,2026-07-13,15008.48,14548.98,Approved,6.0,False
CLM001782,POL533563,41,MD,Auto,Theft,2026-07-08,2026-07-10,38674.01,0.0,Pending,,False
CLM001783,POL584836,73,OH,Renters,Water Damage,2025-11-11,2025-11-14,47302.87,46534.0,Approved,22.0,False
CLM001784,POL744958,85,NY,Home,Fire,2025-12-02,2025-12-09,30163.41,0.0,Pending,,False
CLM001785,POL201997,20,MD,Life,Life Benefit,2026-08-25,2026-08-31,20478.99,14381.13,Approved,10.0,False
CLM001786,POL525852,80,OH,Life,Life Benefit,2026-09-08,2026-09-12,45979.23,33526.06,Approved,11.0,False
CLM001787,POL206309,40,OH,Auto,Theft,2026-03-23,2026-03-27,7280.54,0.0,Denied,14.0,False
CLM001788,POL328255,47,VA,Renters,Theft,2026-08-09,2026-08-16,17397.72,0.0,Pending,,False
CLM001789,POL900685,43,NJ,Renters,Water Damage,2026-04-04,2026-04-06,4733.81,4442.83,Approved,21.0,False
CLM001790,POL488069,77,MI,Home,Property Damage,2026-06-14,2026-06-15,29552.95,0.0,Denied,11.0,False
CLM001791,POL632219,32,MA,Home,Water Damage,2026-06-30,2026-06-30,24137.87,17542.82,Approved,15.0,False
CLM001792,POL569607,69,CT,Auto,Theft,2026-02-23,2026-02-28,34178.76,0.0,Denied,38.0,False
CLM001793,POL363939,63,MD,Home,Water Damage,2026-01-01,2026-01-07,20484.0,16931.19,Approved,24.0,False
CLM001794,POL272045,39,MI,Renters,Property Damage,2026-09-11,2026-09-13,11421.59,9159.65,Approved,25.0,False
CLM001795,POL433798,51,VA,Home,Theft,2026-09-02,2026-09-04,26987.15,0.0,Pending,,False
CLM001796,POL784169,55,CT,Life,Life Benefit,2026-04-03,2026-04-06,45415.8,36395.25,Approved,9.0,False
CLM001797,POL861070,73,OH,Life,Life Benefit,2026-06-27,2026-07-02,34205.89,0.0,Denied,14.0,False
CLM001798,POL212071,71,PA,Home,Theft,2026-08-24,2026-08-24,22888.69,0.0,Pending,,False
CLM001799,POL953525,48,MA,Life,Life Benefit,2025-11-13,2025-11-14,20578.79,14427.85,Approved,8.0,False
CLM001800,POL394570,18,OH,Life,Life Benefit,2026-07-29,2026-07-30,32553.91,30689.24,Approved,23.0,False
CLM001801,POL588602,18,PA,Auto,Collision,2026-04-08,2026-04-10,33542.95,0.0,Pending,,False
CLM001802,POL176759,31,NJ,Home,Property Damage,2026-03-07,2026-03-14,3872.53,0.0,Denied,42.0,False
CLM001803,POL365388,56,NJ,Renters,Fire,2025-12-23,2025-12-28,43565.1,30639.25,Approved,4.0,False
CLM001804,POL547502,81,MD,Life,Life Benefit,2025-11-29,2025-11-29,24727.16,0.0,Denied,39.0,False
CLM001805,POL692929,31,PA,Life,Life Benefit,2025-09-14,2025-09-19,27021.16,0.0,Denied,15.0,False
CLM001806,POL413337,72,VA,Home,Theft,2026-01-05,2026-01-10,13446.73,11772.93,Approved,14.0,False
CLM001807,POL636288,71,MI,Life,Life Benefit,2026-08-28,2026-08-28,34450.24,28684.42,Approved,10.0,False
CLM001808,POL105355,25,PA,Life,Life Benefit,2026-07-19,2026-07-20,46572.1,38886.0,Approved,24.0,False
CLM001809,POL164489,41,MD,Life,Life Benefit,2026-02-18,2026-02-25,31482.74,0.0,Denied,16.0,False
CLM001810,POL481379,38,NJ,Life,Life Benefit,2025-10-07,2025-10-10,43065.4,0.0,Denied,29.0,False
CLM001811,POL431741,20,CT,Life,Life Benefit,2026-07-18,2026-07-24,19950.15,0.0,Pending,,False
CLM001812,POL345583,74,MA,Life,Life Benefit,2026-05-20,2026-05-21,11267.78,0.0,Denied,31.0,True
CLM001813,POL660725,68,NY,Life,Life Benefit,2025-09-20,2025-09-26,11537.62,11115.96,Approved,13.0,False
CLM001814,POL994487,19,NJ,Auto,Collision,2025-10-18,2025-10-21,47865.13,0.0,Pending,,False
CLM001815,POL880758,78,MD,Life,Life Benefit,2025-09-24,2025-09-29,6586.66,0.0,Pending,,False
CLM001816,POL910162,42,MD,Home,Property Damage,2025-12-06,2025-12-11,28895.98,27173.89,Approved,19.0,False
CLM001817,POL977219,54,MI,Life,Life Benefit,2026-03-20,2026-03-27,17819.72,17419.36,Approved,22.0,False
CLM001818,POL543693,85,OH,Life,Life Benefit,2026-05-06,2026-05-13,42570.8,32894.49,Approved,5.0,False
CLM001819,POL220294,44,MA,Auto,Weather Damage,2026-08-21,2026-08-25,12689.55,10640.53,Approved,10.0,False
CLM001820,POL401121,64,MD,Auto,Glass Damage,2025-11-30,2025-12-01,14357.58,11974.0,Approved,4.0,False
CLM001821,POL362344,73,NJ,Life,Life Benefit,2025-12-08,2025-12-13,5075.89,3779.91,Approved,26.0,False
CLM001822,POL798698,44,MI,Life,Life Benefit,2026-07-13,2026-07-13,42759.45,0.0,Denied,22.0,False
CLM001823,POL153059,28,CT,Home,Water Damage,2025-11-12,2025-11-14,26436.74,18792.78,Approved,23.0,False
CLM001824,POL267708,46,MD,Life,Life Benefit,2026-01-27,2026-02-01,19182.99,17905.49,Approved,16.0,False
CLM001825,POL135939,47,VA,Auto,Weather Damage,2026-09-11,2026-09-18,34504.51,0.0,Denied,7.0,False
CLM001826,POL852862,68,MI,Auto,Theft,2026-02-26,2026-03-05,44916.78,39796.74,Approved,19.0,False
CLM001827,POL931074,73,NJ,Auto,Weather Damage,2026-09-06,2026-09-08,12974.49,0.0,Pending,,False
CLM001828,POL752051,66,MD,Life,Life Benefit,2026-06-06,2026-06-06,48333.98,45171.0,Approved,12.0,False
CLM001829,POL331952,56,MD,Auto,Weather Damage,2026-05-29,2026-05-31,1508.45,1220.7,Approved,14.0,False
CLM001830,POL173039,20,VA,Home,Property Damage,2026-02-19,2026-02-23,46572.31,0.0,Denied,35.0,False
CLM001831,POL375022,35,MA,Home,Water Damage,2026-03-15,2026-03-21,48153.97,45807.94,Approved,22.0,False
CLM001832,POL172848,34,OH,Life,Life Benefit,2026-03-04,2026-03-05,24440.84,0.0,Denied,17.0,False
CLM001833,POL637855,73,CT,Home,Fire,2026-05-22,2026-05-22,13500.35,0.0,Denied,39.0,False
CLM001834,POL973703,31,OH,Life,Life Benefit,2026-07-08,2026-07-08,49407.13,42148.85,Approved,30.0,False
CLM001835,POL275821,51,MA,Life,Life Benefit,2026-07-11,2026-07-11,12682.39,10378.83,Approved,5.0,True
CLM001836,POL335456,41,NJ,Renters,Property Damage,2026-09-01,2026-09-01,24776.22,0.0,Pending,,False
CLM001837,POL655591,77,MI,Home,Water Damage,2026-04-28,2026-05-01,28420.33,0.0,Denied,8.0,False
CLM001838,POL991806,31,NY,Renters,Fire,2026-08-09,2026-08-09,18679.93,17362.08,Approved,14.0,False
CLM001839,POL227500,28,NY,Auto,Glass Damage,2025-11-22,2025-11-29,20151.18,0.0,Denied,14.0,True
CLM001840,POL345289,67,PA,Life,Life Benefit,2026-02-08,2026-02-10,1542.65,1090.23,Approved,7.0,False
CLM001841,POL563749,43,NY,Life,Life Benefit,2026-06-12,2026-06-15,10251.29,0.0,Pending,,False
CLM001842,POL378523,44,CT,Life,Life Benefit,2026-01-24,2026-01-24,40144.2,0.0,Denied,42.0,False
CLM001843,POL374465,66,NJ,Life,Life Benefit,2026-09-07,2026-09-11,11677.88,8870.52,Approved,26.0,False
CLM001844,POL494575,65,MD,Home,Theft,2026-06-16,2026-06-16,40819.28,30334.44,Approved,26.0,False
CLM001845,POL703282,75,VA,Auto,Weather Damage,2026-03-14,2026-03-20,20253.5,16166.89,Approved,9.0,True
CLM001846,POL798621,24,CT,Renters,Property Damage,2026-05-09,2026-05-10,46910.63,0.0,Denied,37.0,False
CLM001847,POL585129,85,MA,Home,Fire,2025-10-21,2025-10-25,16900.52,15703.6,Approved,10.0,True
CLM001848,POL769804,45,NY,Auto,Glass Damage,2026-02-17,2026-02-18,45064.26,0.0,Denied,33.0,False
CLM001849,POL109760,33,VA,Auto,Weather Damage,2026-08-17,2026-08-22,38394.18,0.0,Denied,34.0,False
CLM001850,POL339361,22,OH,Renters,Theft,2026-01-22,2026-01-28,6932.79,0.0,Denied,39.0,False
CLM001851,POL853428,74,CT,Auto,Glass Damage,2026-08-31,2026-09-04,29007.52,22197.1,Approved,23.0,False
CLM001852,POL673201,35,PA,Life,Life Benefit,2026-02-12,2026-02-14,9186.97,0.0,Denied,15.0,False
CLM001853,POL647688,71,MI,Life,Life Benefit,2026-09-08,2026-09-12,47471.96,41434.23,Approved,2.0,False
CLM001854,POL961332,73,MD,Life,Life Benefit,2026-01-06,2026-01-13,7326.12,5827.21,Approved,13.0,False
CLM001855,POL337041,71,IL,Renters,Property Damage,2026-02-22,2026-02-24,23626.74,19896.21,Approved,29.0,False
CLM001856,POL777405,29,MA,Life,Life Benefit,2026-08-28,2026-09-01,11488.75,9405.12,Approved,19.0,False
CLM001857,POL354644,37,MA,Auto,Collision,2025-10-04,2025-10-08,21802.63,16421.18,Approved,18.0,True
CLM001858,POL352752,58,MD,Life,Life Benefit,2025-11-07,2025-11-09,35623.2,34852.03,Approved,20.0,False
CLM001859,POL786857,77,MI,Home,Property Damage,2026-03-13,2026-03-15,27159.52,23259.3,Approved,3.0,False
CLM001860,POL623395,70,VA,Auto,Theft,2026-02-07,2026-02-12,47226.74,40929.78,Approved,6.0,False
CLM001861,POL806628,68,MD,Life,Life Benefit,2026-04-03,2026-04-06,22111.36,0.0,Pending,,False
CLM001862,POL311773,80,NY,Auto,Weather Damage,2026-05-02,2026-05-07,33580.85,26247.06,Approved,27.0,False
CLM001863,POL936033,82,PA,Auto,Theft,2026-01-31,2026-02-02,34835.15,0.0,Pending,,False
CLM001864,POL463877,41,IL,Life,Life Benefit,2026-05-16,2026-05-23,24989.03,24886.27,Approved,15.0,True
CLM001865,POL992284,23,NY,Auto,Weather Damage,2026-08-04,2026-08-06,39716.25,38872.64,Approved,6.0,False
CLM001866,POL444804,77,CT,Life,Life Benefit,2026-05-19,2026-05-24,24214.57,21718.43,Approved,9.0,True
CLM001867,POL916485,81,IL,Life,Life Benefit,2026-04-05,2026-04-12,17495.48,0.0,Denied,5.0,False
CLM001868,POL481347,26,IL,Home,Property Damage,2026-06-08,2026-06-11,8507.36,7692.83,Approved,29.0,False
CLM001869,POL989307,29,MA,Renters,Fire,2026-03-10,2026-03-17,1672.93,1662.38,Approved,26.0,False
CLM001870,POL958919,79,OH,Auto,Collision,2026-01-11,2026-01-16,4264.86,3256.1,Approved,20.0,False
CLM001871,POL894895,21,MI,Life,Life Benefit,2025-10-30,2025-11-06,1145.66,948.36,Approved,21.0,False
CLM001872,POL634305,34,PA,Auto,Glass Damage,2026-08-07,2026-08-12,7660.21,0.0,Denied,35.0,False
CLM001873,POL120369,36,MA,Auto,Collision,2026-08-21,2026-08-27,7029.85,6906.15,Approved,16.0,False
CLM001874,POL484912,73,MI,Auto,Glass Damage,2026-04-23,2026-04-24,11388.33,0.0,Denied,22.0,False
CLM001875,POL132554,60,VA,Home,Property Damage,2026-07-14,2026-07-17,7543.35,7426.79,Approved,24.0,False
CLM001876,POL340175,21,IL,Auto,Weather Damage,2026-02-19,2026-02-22,32723.84,29450.55,Approved,22.0,False
CLM001877,POL131273,42,MA,Life,Life Benefit,2025-10-25,2025-10-26,49886.77,0.0,Pending,,False
CLM001878,POL920025,24,CT,Life,Life Benefit,2026-05-09,2026-05-13,7405.29,6531.84,Approved,7.0,False
CLM001879,POL968465,80,PA,Life,Life Benefit,2026-08-22,2026-08-25,13533.91,9900.76,Approved,16.0,False
CLM001880,POL514792,70,MD,Auto,Collision,2026-01-11,2026-01-12,22142.62,19180.02,Approved,6.0,True
CLM001881,POL341082,34,NJ,Life,Life Benefit,2026-05-24,2026-05-25,30337.48,27188.89,Approved,9.0,False
CLM001882,POL684712,55,MI,Renters,Fire,2026-04-16,2026-04-23,49875.4,45970.94,Approved,29.0,False
CLM001883,POL990022,70,MA,Renters,Fire,2025-12-02,2025-12-03,35605.05,0.0,Denied,38.0,False
CLM001884,POL339523,55,MD,Renters,Theft,2026-08-27,2026-08-27,12361.09,10408.48,Approved,21.0,False
CLM001885,POL991993,38,OH,Auto,Glass Damage,2026-05-09,2026-05-14,2417.42,2079.21,Approved,5.0,False
CLM001886,POL230965,49,CT,Life,Life Benefit,2026-07-12,2026-07-15,16269.76,11432.34,Approved,21.0,False
CLM001887,POL585692,29,MD,Auto,Glass Damage,2026-05-30,2026-06-02,15857.1,11712.24,Approved,28.0,False
CLM001888,POL503255,78,MD,Life,Life Benefit,2026-05-28,2026-05-28,37598.11,31972.18,Approved,27.0,False
CLM001889,POL338306,20,PA,Home,Water Damage,2026-02-21,2026-02-21,3775.06,0.0,Denied,44.0,False
CLM001890,POL214549,71,MI,Home,Water Damage,2026-03-13,2026-03-17,6106.76,5031.38,Approved,27.0,False
CLM001891,POL380828,70,OH,Life,Life Benefit,2026-07-26,2026-07-26,5547.46,4478.54,Approved,23.0,True
CLM001892,POL871761,35,PA,Life,Life Benefit,2026-06-26,2026-06-26,31836.48,28115.44,Approved,25.0,False
CLM001893,POL221463,56,MI,Home,Water Damage,2026-05-24,2026-05-26,26260.6,19132.25,Approved,26.0,False
CLM001894,POL285379,28,CT,Life,Life Benefit,2026-01-30,2026-02-06,8485.11,6300.56,Approved,4.0,False
CLM001895,POL747804,53,MA,Home,Property Damage,2026-02-18,2026-02-19,48255.06,41763.47,Approved,14.0,False
CLM001896,POL449914,76,CT,Renters,Property Damage,2026-08-07,2026-08-10,29222.08,20703.09,Approved,17.0,True
CLM001897,POL739538,84,NY,Life,Life Benefit,2026-04-11,2026-04-13,37057.74,35430.07,Approved,24.0,False
CLM001898,POL966987,36,NY,Auto,Glass Damage,2025-11-05,2025-11-07,34207.31,26972.98,Approved,19.0,False
CLM001899,POL952717,37,CT,Life,Life Benefit,2026-02-08,2026-02-12,23364.4,18991.02,Approved,12.0,False
CLM001900,POL775699,38,MD,Home,Property Damage,2026-01-14,2026-01-17,9505.22,0.0,Pending,,False
CLM001901,POL961567,81,MA,Home,Water Damage,2026-02-24,2026-02-25,34413.49,0.0,Denied,34.0,False
CLM001902,POL152050,72,OH,Renters,Fire,2026-05-24,2026-05-25,12153.4,9824.15,Approved,6.0,False
CLM001903,POL806772,27,NY,Home,Property Damage,2025-09-20,2025-09-21,18819.74,16703.95,Approved,3.0,True
CLM001904,POL541691,41,MD,Home,Theft,2026-01-22,2026-01-28,49986.2,0.0,Denied,8.0,False
CLM001905,POL317131,81,NJ,Home,Theft,2026-04-19,2026-04-19,17964.86,0.0,Pending,,False
CLM001906,POL325774,23,OH,Home,Theft,2025-12-19,2025-12-26,34137.7,25059.47,Approved,21.0,False
CLM001907,POL676603,25,VA,Life,Life Benefit,2026-02-18,2026-02-24,31270.33,0.0,Pending,,False
CLM001908,POL788765,23,MD,Auto,Glass Damage,2026-08-25,2026-08-26,3078.91,2809.0,Approved,13.0,False
CLM001909,POL531977,70,MA,Renters,Property Damage,2025-12-23,2025-12-25,3074.92,2425.61,Approved,21.0,False
CLM001910,POL385498,65,IL,Auto,Collision,2026-02-21,2026-02-28,2821.28,2419.94,Approved,4.0,False
CLM001911,POL617945,36,CT,Life,Life Benefit,2026-07-09,2026-07-12,9417.69,7634.95,Approved,7.0,True
CLM001912,POL234490,19,OH,Renters,Fire,2026-03-08,2026-03-14,4407.09,0.0,Pending,,False
CLM001913,POL904945,19,MD,Life,Life Benefit,2026-01-11,2026-01-17,36028.86,29198.92,Approved,23.0,False
CLM001914,POL561339,50,MI,Auto,Weather Damage,2026-04-30,2026-05-03,22780.59,0.0,Denied,36.0,False
CLM001915,POL690451,49,PA,Auto,Theft,2025-12-03,2025-12-06,18986.72,16209.17,Approved,13.0,True
CLM001916,POL103419,45,NY,Auto,Glass Damage,2025-10-15,2025-10-22,20501.55,14716.81,Approved,25.0,False
CLM001917,POL690944,52,OH,Auto,Collision,2026-02-28,2026-02-28,34170.29,0.0,Denied,6.0,False
CLM001918,POL708526,27,MA,Auto,Weather Damage,2026-01-19,2026-01-25,2869.54,2065.62,Approved,8.0,False
CLM001919,POL392898,54,NJ,Life,Life Benefit,2026-06-12,2026-06-15,5978.51,4941.18,Approved,8.0,False
CLM001920,POL106352,64,NY,Auto,Weather Damage,2026-04-25,2026-04-26,22304.23,16473.3,Approved,20.0,False
CLM001921,POL758587,60,IL,Auto,Collision,2026-02-15,2026-02-21,49941.08,36425.56,Approved,17.0,False
CLM001922,POL882461,37,NJ,Home,Water Damage,2026-05-08,2026-05-09,12293.31,11225.47,Approved,17.0,False
CLM001923,POL871522,28,CT,Auto,Weather Damage,2026-09-01,2026-09-01,27141.31,24460.31,Approved,21.0,False
CLM001924,POL978972,83,MD,Home,Property Damage,2026-09-07,2026-09-10,23426.9,19214.69,Approved,27.0,False
CLM001925,POL403644,26,CT,Auto,Collision,2025-11-02,2025-11-04,2161.76,0.0,Denied,31.0,False
CLM001926,POL916140,69,MD,Auto,Weather Damage,2026-05-11,2026-05-17,12327.23,9197.31,Approved,2.0,False
CLM001927,POL558269,59,PA,Life,Life Benefit,2026-07-06,2026-07-10,27229.59,20748.08,Approved,2.0,False
CLM001928,POL579568,76,NY,Life,Life Benefit,2026-04-14,2026-04-21,14556.95,13693.34,Approved,15.0,False
CLM001929,POL763218,54,IL,Renters,Theft,2026-05-12,2026-05-16,40288.83,29945.35,Approved,8.0,False
CLM001930,POL320970,28,OH,Renters,Fire,2025-10-29,2025-10-29,16566.57,12902.55,Approved,2.0,False
CLM001931,POL247544,36,MD,Auto,Collision,2026-08-30,2026-09-02,15508.97,13382.38,Approved,14.0,False
CLM001932,POL323055,32,CT,Renters,Water Damage,2026-05-29,2026-06-04,38214.14,0.0,Denied,26.0,False
CLM001933,POL919929,55,PA,Auto,Glass Damage,2026-09-07,2026-09-07,31819.6,28192.7,Approved,5.0,True
CLM001934,POL435438,56,IL,Life,Life Benefit,2025-11-13,2025-11-18,7327.16,5209.45,Approved,7.0,False
CLM001935,POL520687,49,CT,Renters,Fire,2026-04-25,2026-05-01,17225.92,16738.79,Approved,17.0,False
CLM001936,POL931171,31,PA,Renters,Fire,2026-01-23,2026-01-29,31316.77,26778.7,Approved,18.0,False
CLM001937,POL202182,44,NJ,Renters,Fire,2026-04-29,2026-05-05,43546.0,0.0,Pending,,False
CLM001938,POL823041,22,IL,Home,Property Damage,2025-10-22,2025-10-28,27817.82,27533.17,Approved,14.0,False
CLM001939,POL785625,83,MI,Home,Property Damage,2025-11-15,2025-11-15,33965.16,23995.96,Approved,29.0,False
CLM001940,POL778866,45,CT,Home,Fire,2026-01-08,2026-01-14,22871.53,0.0,Denied,36.0,False
CLM001941,POL142191,81,MA,Life,Life Benefit,2026-02-22,2026-02-26,14487.88,0.0,Denied,22.0,False
CLM001942,POL190006,49,CT,Life,Life Benefit,2025-12-19,2025-12-26,22004.61,20647.72,Approved,21.0,False
CLM001943,POL485981,27,VA,Renters,Fire,2026-09-10,2026-09-10,25723.02,24938.63,Approved,18.0,False
CLM001944,POL745475,60,MD,Auto,Theft,2026-06-13,2026-06-14,7543.69,6037.1,Approved,5.0,False
CLM001945,POL820795,67,IL,Home,Water Damage,2026-01-01,2026-01-05,39727.89,38936.21,Approved,21.0,False
CLM001946,POL376234,62,MD,Auto,Glass Damage,2026-04-23,2026-04-29,41070.29,31594.2,Approved,16.0,False
CLM001947,POL628390,54,NJ,Renters,Water Damage,2025-10-07,2025-10-14,49789.19,38863.61,Approved,28.0,False
CLM001948,POL590365,42,NJ,Home,Theft,2025-11-29,2025-12-06,34178.34,32328.58,Approved,27.0,False
CLM001949,POL771477,18,CT,Auto,Collision,2026-04-08,2026-04-10,3379.73,3348.55,Approved,6.0,False
CLM001950,POL637938,37,OH,Renters,Property Damage,2026-03-23,2026-03-29,595.01,0.0,Denied,18.0,False
CLM001951,POL561828,78,MD,Home,Property Damage,2026-08-24,2026-08-28,44710.15,35215.43,Approved,9.0,False
CLM001952,POL369499,60,PA,Life,Life Benefit,2026-03-09,2026-03-09,14940.0,14106.87,Approved,22.0,False
CLM001953,POL725633,66,VA,Renters,Theft,2025-11-25,2025-11-26,1419.56,1068.97,Approved,29.0,False
CLM001954,POL106474,48,VA,Home,Fire,2025-09-19,2025-09-20,27924.87,0.0,Pending,,False
CLM001955,POL718390,77,MD,Auto,Theft,2026-04-14,2026-04-14,25389.2,22547.0,Approved,27.0,False
CLM001956,POL334590,84,MD,Life,Life Benefit,2026-07-02,2026-07-04,29220.28,0.0,Pending,,False
CLM001957,POL602438,76,MA,Life,Life Benefit,2026-07-05,2026-07-08,34763.06,28435.8,Approved,27.0,False
CLM001958,POL947875,18,VA,Home,Fire,2026-03-20,2026-03-25,11459.59,10928.15,Approved,29.0,False
CLM001959,POL919351,37,VA,Auto,Theft,2026-03-30,2026-04-01,680.16,574.65,Approved,16.0,False
CLM001960,POL294134,31,MA,Home,Fire,2026-01-24,2026-01-30,10736.21,9796.17,Approved,27.0,False
CLM001961,POL600584,35,CT,Auto,Weather Damage,2026-02-13,2026-02-16,40183.9,34008.86,Approved,21.0,False
CLM001962,POL989137,60,CT,Home,Fire,2026-03-07,2026-03-08,11610.01,9114.56,Approved,26.0,False
CLM001963,POL842946,35,OH,Auto,Collision,2025-12-24,2025-12-30,25824.97,22165.04,Approved,17.0,False
CLM001964,POL248097,45,MD,Auto,Theft,2026-07-28,2026-08-03,6860.32,5757.3,Approved,18.0,False
CLM001965,POL725531,60,OH,Renters,Theft,2026-04-23,2026-04-24,5624.97,4610.92,Approved,20.0,False
CLM001966,POL123591,54,MI,Renters,Property Damage,2025-12-11,2025-12-15,32713.89,0.0,Pending,,False
CLM001967,POL405058,52,MA,Renters,Water Damage,2026-05-11,2026-05-14,28127.46,26056.69,Approved,5.0,False
CLM001968,POL842422,74,IL,Life,Life Benefit,2026-05-09,2026-05-13,44432.21,42887.38,Approved,26.0,False
CLM001969,POL329254,35,CT,Life,Life Benefit,2025-11-22,2025-11-24,34215.1,28846.5,Approved,22.0,False
CLM001970,POL502607,71,OH,Life,Life Benefit,2025-12-20,2025-12-25,30839.67,22043.97,Approved,23.0,False
CLM001971,POL147835,69,IL,Home,Theft,2025-09-22,2025-09-24,26633.86,24678.24,Approved,15.0,False
CLM001972,POL294256,49,MI,Auto,Collision,2025-10-19,2025-10-26,23024.13,20542.85,Approved,3.0,False
CLM001973,POL513628,28,MA,Life,Life Benefit,2026-04-09,2026-04-12,32931.73,32469.9,Approved,6.0,False
CLM001974,POL509297,66,OH,Life,Life Benefit,2025-10-19,2025-10-19,42783.56,40748.67,Approved,4.0,True
CLM001975,POL848125,26,NJ,Renters,Water Damage,2026-02-07,2026-02-13,41562.52,0.0,Denied,26.0,True
CLM001976,POL522041,34,MA,Auto,Weather Damage,2026-05-06,2026-05-10,30418.51,27542.57,Approved,9.0,True
CLM001977,POL204198,72,PA,Renters,Property Damage,2026-04-08,2026-04-13,3852.54,3018.09,Approved,21.0,False
CLM001978,POL157353,63,MD,Renters,Fire,2025-10-25,2025-10-30,2356.21,1802.63,Approved,10.0,False
CLM001979,POL836832,73,MD,Auto,Collision,2026-06-24,2026-06-28,9498.49,0.0,Denied,39.0,False
CLM001980,POL288891,24,OH,Renters,Water Damage,2026-02-28,2026-03-01,45068.11,43234.62,Approved,7.0,False
CLM001981,POL820625,62,OH,Home,Theft,2026-01-11,2026-01-11,28211.95,20330.07,Approved,7.0,False
CLM001982,POL375371,75,MA,Auto,Glass Damage,2026-04-01,2026-04-03,19623.97,0.0,Denied,11.0,True
CLM001983,POL570455,65,MI,Home,Water Damage,2026-06-15,2026-06-20,13393.52,0.0,Denied,11.0,False
CLM001984,POL635765,26,PA,Renters,Property Damage,2026-09-01,2026-09-06,44240.77,42997.39,Approved,30.0,False
CLM001985,POL488360,66,OH,Life,Life Benefit,2026-07-11,2026-07-17,28797.47,25100.9,Approved,3.0,False
CLM001986,POL377976,78,NJ,Home,Property Damage,2025-12-26,2025-12-26,26512.28,22467.93,Approved,30.0,False
CLM001987,POL588438,60,MI,Renters,Property Damage,2026-08-16,2026-08-22,43456.85,36531.68,Approved,20.0,False
CLM001988,POL816613,40,CT,Life,Life Benefit,2026-06-05,2026-06-05,23042.74,18003.3,Approved,15.0,False
CLM001989,POL276194,34,MI,Life,Life Benefit,2026-05-06,2026-05-12,25391.22,0.0,Denied,3.0,False
CLM001990,POL146354,79,IL,Renters,Property Damage,2025-12-20,2025-12-25,10977.83,7807.67,Approved,22.0,False
CLM001991,POL167474,82,NJ,Life,Life Benefit,2026-07-22,2026-07-23,33965.73,25471.07,Approved,4.0,False
CLM001992,POL120434,42,MI,Auto,Collision,2025-11-20,2025-11-21,43637.3,32291.44,Approved,11.0,False
CLM001993,POL987232,69,NJ,Life,Life Benefit,2025-10-29,2025-11-04,11308.71,8347.8,Approved,26.0,False
CLM001994,POL130556,21,CT,Auto,Collision,2025-11-06,2025-11-11,1156.13,882.23,Approved,10.0,False
CLM001995,POL449035,61,OH,Home,Water Damage,2025-12-21,2025-12-21,16826.11,0.0,Denied,14.0,False
CLM001996,POL198810,58,PA,Home,Water Damage,2026-02-07,2026-02-10,13733.03,11300.82,Approved,5.0,False
CLM001997,POL223690,41,PA,Home,Fire,2026-07-31,2026-07-31,26317.06,0.0,Denied,26.0,True
CLM001998,POL315053,58,MA,Life,Life Benefit,2025-10-17,2025-10-22,45306.03,32802.87,Approved,10.0,False
CLM001999,POL871154,82,MI,Auto,Theft,2026-07-09,2026-07-09,19984.32,15302.82,Approved,28.0,False
CLM002000,POL826642,40,NJ,Auto,Weather Damage,2026-05-04,2026-05-05,47313.64,44740.58,Approved,3.0,False
CLM002001,POL435431,79,PA,Renters,Property Damage,2026-01-29,2026-02-03,5560.62,5171.1,Approved,21.0,False
CLM002002,POL476518,39,OH,Life,Life Benefit,2026-06-15,2026-06-15,43284.67,39868.15,Approved,28.0,False
CLM002003,POL610032,31,NY,Auto,Theft,2025-09-21,2025-09-26,3000.94,0.0,Pending,,False
CLM002004,POL492643,39,MD,Renters,Water Damage,2025-12-22,2025-12-26,3143.22,3006.96,Approved,7.0,False
CLM002005,POL784797,85,MD,Renters,Water Damage,2026-08-30,2026-08-30,36082.62,28891.34,Approved,29.0,False
CLM002006,POL900897,44,MI,Auto,Collision,2026-09-04,2026-09-04,45302.53,0.0,Denied,15.0,False
CLM002007,POL521989,81,IL,Life,Life Benefit,2026-01-06,2026-01-07,22315.79,18135.25,Approved,13.0,False
CLM002008,POL317634,44,MA,Auto,Collision,2026-08-30,2026-09-02,47698.68,0.0,Pending,,False
CLM002009,POL225157,48,PA,Life,Life Benefit,2026-02-06,2026-02-10,38963.69,36690.63,Approved,10.0,False
CLM002010,POL920683,36,IL,Auto,Weather Damage,2026-06-24,2026-06-27,7057.27,6276.59,Approved,11.0,False
CLM002011,POL641232,45,MI,Renters,Water Damage,2026-06-16,2026-06-20,45383.22,34081.42,Approved,14.0,False
CLM002012,POL166365,64,CT,Home,Theft,2026-06-19,2026-06-25,30137.27,29901.37,Approved,8.0,False
CLM002013,POL448647,68,OH,Renters,Theft,2025-12-01,2025-12-03,42889.13,35514.78,Approved,6.0,True
CLM002014,POL442353,67,MI,Home,Fire,2025-12-26,2025-12-29,3218.74,2829.05,Approved,18.0,False
CLM002015,POL765461,66,OH,Renters,Water Damage,2026-06-11,2026-06-12,26730.48,23378.23,Approved,5.0,False
CLM002016,POL597946,58,MD,Life,Life Benefit,2026-08-11,2026-08-16,30749.72,26236.28,Approved,15.0,False
CLM002017,POL679674,33,IL,Life,Life Benefit,2025-12-17,2025-12-22,36134.24,30699.96,Approved,27.0,False
CLM002018,POL320292,68,NJ,Renters,Water Damage,2026-02-04,2026-02-11,24120.35,21418.85,Approved,24.0,False
CLM002019,POL271856,56,MD,Home,Theft,2026-06-26,2026-06-30,33002.85,0.0,Denied,25.0,False
CLM002020,POL970884,48,NJ,Renters,Water Damage,2025-11-05,2025-11-07,4911.79,0.0,Pending,,False
CLM002021,POL552162,79,OH,Auto,Weather Damage,2026-03-18,2026-03-25,40305.39,33423.47,Approved,3.0,True
CLM002022,POL359981,31,OH,Auto,Collision,2026-03-04,2026-03-10,45864.01,39940.52,Approved,16.0,False
CLM002023,POL518894,21,MD,Renters,Property Damage,2026-05-06,2026-05-07,24863.33,18811.87,Approved,15.0,False
CLM002024,POL561711,53,VA,Home,Water Damage,2026-03-03,2026-03-06,30309.55,0.0,Pending,,False
CLM002025,POL856773,79,IL,Life,Life Benefit,2025-11-18,2025-11-23,18595.12,15934.16,Approved,17.0,False
CLM002026,POL209755,83,MI,Renters,Fire,2025-10-04,2025-10-05,31407.5,24312.51,Approved,5.0,False
CLM002027,POL302401,34,NY,Life,Life Benefit,2026-09-02,2026-09-04,47124.91,0.0,Denied,19.0,False
CLM002028,POL932119,60,NY,Auto,Weather Damage,2025-12-06,2025-12-09,44143.36,42235.54,Approved,5.0,False
CLM002029,POL111618,28,PA,Life,Life Benefit,2026-08-17,2026-08-22,49905.38,42407.29,Approved,19.0,False
CLM002030,POL372631,68,MD,Renters,Theft,2026-08-06,2026-08-12,46200.89,37230.68,Approved,18.0,False
CLM002031,POL509843,35,IL,Renters,Theft,2025-11-04,2025-11-04,11186.27,0.0,Denied,36.0,False
CLM002032,POL623054,29,VA,Life,Life Benefit,2026-08-31,2026-09-05,28787.07,0.0,Pending,,False
CLM002033,POL183915,77,NJ,Renters,Theft,2026-05-19,2026-05-20,19928.84,18466.51,Approved,24.0,False
CLM002034,POL342658,76,PA,Auto,Glass Damage,2025-09-22,2025-09-29,46702.02,33676.62,Approved,3.0,False
CLM002035,POL176570,54,MI,Life,Life Benefit,2026-02-23,2026-02-23,27212.71,0.0,Denied,16.0,False
CLM002036,POL674401,45,OH,Home,Theft,2026-06-24,2026-07-01,4202.32,3909.31,Approved,3.0,False
CLM002037,POL723103,47,MI,Home,Property Damage,2026-08-17,2026-08-23,46350.66,37956.7,Approved,3.0,False
CLM002038,POL792946,26,PA,Life,Life Benefit,2026-04-21,2026-04-23,45921.16,41822.2,Approved,24.0,False
CLM002039,POL624241,43,PA,Renters,Water Damage,2026-02-13,2026-02-17,33522.87,0.0,Denied,31.0,False
CLM002040,POL245542,73,NY,Life,Life Benefit,2026-09-05,2026-09-06,44243.46,0.0,Denied,16.0,False
CLM002041,POL108364,79,MA,Auto,Collision,2026-07-08,2026-07-14,730.6,0.0,Pending,,False
CLM002042,POL183421,21,MA,Life,Life Benefit,2026-05-20,2026-05-24,41003.82,39817.74,Approved,11.0,False
CLM002043,POL719087,30,NJ,Home,Fire,2026-08-31,2026-09-06,40131.15,28822.29,Approved,5.0,False
CLM002044,POL388578,79,NY,Home,Fire,2026-02-20,2026-02-22,15500.24,0.0,Pending,,False
CLM002045,POL515360,36,MA,Life,Life Benefit,2025-12-07,2025-12-08,34092.01,29721.96,Approved,29.0,False
CLM002046,POL397030,66,MD,Renters,Theft,2026-02-12,2026-02-16,39649.71,28541.44,Approved,11.0,False
CLM002047,POL550841,57,VA,Life,Life Benefit,2026-07-10,2026-07-15,26807.31,26476.26,Approved,30.0,False
CLM002048,POL958598,76,CT,Auto,Weather Damage,2025-12-25,2025-12-27,7046.12,0.0,Denied,36.0,False
CLM002049,POL274956,73,MD,Home,Fire,2025-10-31,2025-11-06,28810.14,20318.6,Approved,2.0,False
CLM002050,POL311678,71,MD,Life,Life Benefit,2026-03-26,2026-04-02,36343.75,27517.67,Approved,14.0,False
CLM002051,POL666757,18,MI,Auto,Weather Damage,2026-02-24,2026-03-01,43225.36,41503.04,Approved,6.0,False
CLM002052,POL905681,81,VA,Renters,Property Damage,2026-06-29,2026-07-04,3100.6,2490.54,Approved,19.0,False
CLM002053,POL564469,75,OH,Auto,Glass Damage,2026-04-03,2026-04-09,4762.56,0.0,Denied,11.0,False
CLM002054,POL984906,70,OH,Renters,Water Damage,2026-05-19,2026-05-19,24451.23,0.0,Denied,35.0,True
CLM002055,POL513500,43,PA,Auto,Weather Damage,2025-10-04,2025-10-11,20583.54,0.0,Pending,,False
CLM002056,POL863094,34,NJ,Renters,Water Damage,2026-03-10,2026-03-17,34673.42,32549.28,Approved,9.0,False
CLM002057,POL456089,19,CT,Life,Life Benefit,2026-06-13,2026-06-17,25661.17,0.0,Denied,5.0,False
CLM002058,POL505601,48,MI,Auto,Theft,2026-08-09,2026-08-15,29015.94,26015.82,Approved,10.0,False
CLM002059,POL294807,48,NJ,Auto,Weather Damage,2025-10-17,2025-10-24,25187.25,24766.42,Approved,24.0,False
CLM002060,POL151268,81,CT,Auto,Collision,2026-03-16,2026-03-16,38837.99,0.0,Pending,,False
CLM002061,POL203291,71,CT,Auto,Glass Damage,2026-04-18,2026-04-23,40259.08,0.0,Pending,,False
CLM002062,POL609061,35,PA,Renters,Property Damage,2025-10-16,2025-10-18,49352.14,0.0,Denied,23.0,False
CLM002063,POL958457,67,NY,Life,Life Benefit,2025-11-27,2025-12-01,11808.76,10786.78,Approved,26.0,False
CLM002064,POL699967,34,MD,Home,Water Damage,2026-03-10,2026-03-14,4346.96,4086.8,Approved,17.0,False
CLM002065,POL238897,77,OH,Life,Life Benefit,2025-09-23,2025-09-24,39234.76,0.0,Denied,16.0,False
CLM002066,POL221591,37,MD,Renters,Property Damage,2026-06-05,2026-06-08,25849.17,23130.73,Approved,22.0,False
CLM002067,POL660312,57,MI,Home,Property Damage,2026-05-31,2026-06-05,21516.03,20881.88,Approved,24.0,False
CLM002068,POL550045,73,NJ,Auto,Weather Damage,2026-06-24,2026-06-24,14272.77,0.0,Denied,14.0,True
CLM002069,POL428961,55,NY,Home,Water Damage,2026-04-09,2026-04-11,3696.15,0.0,Pending,,False
CLM002070,POL742469,73,IL,Home,Property Damage,2026-08-07,2026-08-08,49539.96,38662.67,Approved,28.0,False
CLM002071,POL993717,36,MA,Home,Fire,2026-04-29,2026-05-06,31296.69,22961.64,Approved,7.0,False
CLM002072,POL670694,66,MA,Home,Theft,2026-07-01,2026-07-01,28510.42,25160.14,Approved,15.0,False
CLM002073,POL747347,57,IL,Renters,Fire,2026-05-03,2026-05-03,673.34,0.0,Denied,27.0,False
CLM002074,POL694204,83,MA,Auto,Weather Damage,2025-12-02,2025-12-04,35507.68,35010.38,Approved,20.0,False
CLM002075,POL591907,24,NJ,Life,Life Benefit,2025-09-19,2025-09-22,10132.95,8102.74,Approved,4.0,False
CLM002076,POL850786,83,MD,Home,Water Damage,2025-11-30,2025-12-01,2471.73,1772.59,Approved,13.0,False
CLM002077,POL493065,70,OH,Renters,Fire,2025-12-03,2025-12-05,12371.35,0.0,Pending,,False
CLM002078,POL835348,54,MI,Renters,Theft,2026-02-16,2026-02-18,35104.68,31343.64,Approved,7.0,False
CLM002079,POL505670,85,VA,Home,Fire,2025-09-26,2025-10-02,33120.21,30465.99,Approved,20.0,False
CLM002080,POL729546,78,NJ,Auto,Glass Damage,2026-09-02,2026-09-09,2622.44,2508.88,Approved,20.0,False
CLM002081,POL600626,43,OH,Life,Life Benefit,2026-02-03,2026-02-04,30695.98,27285.23,Approved,13.0,False
CLM002082,POL372674,39,VA,Home,Fire,2025-12-09,2025-12-09,11839.96,8482.65,Approved,13.0,False
CLM002083,POL306617,61,IL,Renters,Property Damage,2026-08-19,2026-08-23,45555.63,32830.42,Approved,3.0,False
CLM002084,POL141608,26,NY,Life,Life Benefit,2026-06-28,2026-06-30,48751.92,47876.36,Approved,20.0,False
CLM002085,POL104471,18,CT,Renters,Theft,2026-06-09,2026-06-16,23804.93,0.0,Denied,27.0,True
CLM002086,POL665932,30,PA,Renters,Water Damage,2026-07-03,2026-07-08,25345.58,0.0,Denied,43.0,False
CLM002087,POL591311,54,IL,Life,Life Benefit,2026-07-12,2026-07-12,20222.73,17795.42,Approved,18.0,False
CLM002088,POL391648,28,MI,Auto,Collision,2026-03-24,2026-03-29,42656.31,35025.82,Approved,12.0,False
CLM002089,POL910341,20,VA,Home,Fire,2026-07-11,2026-07-15,12647.9,9860.65,Approved,10.0,False
CLM002090,POL204773,68,IL,Life,Life Benefit,2025-10-29,2025-11-05,5220.89,4094.56,Approved,19.0,False
CLM002091,POL659702,77,OH,Renters,Fire,2026-05-14,2026-05-19,23779.75,19870.7,Approved,5.0,False
CLM002092,POL727417,30,PA,Auto,Theft,2026-03-13,2026-03-17,22965.31,0.0,Denied,30.0,False
CLM002093,POL391657,26,MD,Renters,Theft,2025-12-24,2025-12-26,42200.68,0.0,Denied,43.0,False
CLM002094,POL924839,37,NJ,Home,Theft,2026-06-22,2026-06-28,38969.35,27309.76,Approved,13.0,False
CLM002095,POL854670,21,IL,Renters,Water Damage,2025-11-23,2025-11-28,6620.46,4649.93,Approved,29.0,False
CLM002096,POL649699,80,IL,Renters,Water Damage,2026-02-03,2026-02-04,4169.38,3101.4,Approved,16.0,False
CLM002097,POL909852,80,MD,Auto,Weather Damage,2025-11-30,2025-11-30,22924.93,0.0,Denied,16.0,False
CLM002098,POL918588,34,NY,Home,Water Damage,2026-02-16,2026-02-22,20044.49,15767.58,Approved,19.0,False
CLM002099,POL924880,41,CT,Renters,Property Damage,2026-04-23,2026-04-23,16109.39,12579.2,Approved,27.0,True
CLM002100,POL413471,42,VA,Life,Life Benefit,2025-12-19,2025-12-19,24781.21,0.0,Denied,27.0,False
CLM002101,POL874637,45,MD,Auto,Collision,2026-06-19,2026-06-25,35314.22,30867.71,Approved,28.0,True
CLM002102,POL541886,57,NJ,Life,Life Benefit,2025-09-16,2025-09-16,42101.26,0.0,Pending,,False
CLM002103,POL741247,29,NJ,Renters,Property Damage,2026-04-15,2026-04-17,45895.94,45781.11,Approved,15.0,False
CLM002104,POL305895,55,NY,Renters,Property Damage,2026-02-15,2026-02-22,9755.77,7163.66,Approved,19.0,False
CLM002105,POL688940,55,OH,Life,Life Benefit,2026-01-24,2026-01-24,40763.91,33187.39,Approved,22.0,False
CLM002106,POL961268,27,NJ,Life,Life Benefit,2026-02-09,2026-02-11,32362.34,31517.66,Approved,26.0,False
CLM002107,POL246923,69,MI,Home,Theft,2026-05-23,2026-05-29,14510.48,13758.63,Approved,18.0,False
CLM002108,POL570015,35,NY,Auto,Weather Damage,2026-04-01,2026-04-01,12449.65,0.0,Denied,41.0,False
CLM002109,POL702277,29,NJ,Home,Water Damage,2025-12-24,2025-12-30,17443.87,16766.37,Approved,13.0,False
CLM002110,POL564397,34,NY,Home,Water Damage,2026-01-23,2026-01-28,13032.98,10200.81,Approved,8.0,False
CLM002111,POL716510,72,IL,Renters,Theft,2025-11-25,2025-12-02,43382.69,39855.24,Approved,24.0,False
CLM002112,POL582274,18,OH,Auto,Theft,2026-02-18,2026-02-24,32933.53,29500.62,Approved,26.0,False
CLM002113,POL812687,44,NJ,Life,Life Benefit,2026-03-08,2026-03-15,46305.91,40315.13,Approved,4.0,True
CLM002114,POL883135,62,MD,Life,Life Benefit,2025-09-16,2025-09-18,15667.73,13706.03,Approved,24.0,False
CLM002115,POL539937,72,MA,Auto,Weather Damage,2025-10-07,2025-10-12,25730.81,23343.08,Approved,21.0,False
CLM002116,POL416835,19,MD,Auto,Glass Damage,2026-06-18,2026-06-23,40843.51,32949.54,Approved,2.0,False
CLM002117,POL685687,73,OH,Life,Life Benefit,2026-01-01,2026-01-02,2867.45,2583.02,Approved,20.0,False
CLM002118,POL608412,35,IL,Renters,Property Damage,2026-09-02,2026-09-07,12054.11,10912.22,Approved,26.0,False
CLM002119,POL604345,73,OH,Auto,Weather Damage,2026-01-27,2026-01-30,47480.35,45069.44,Approved,24.0,False
CLM002120,POL424102,54,NY,Renters,Water Damage,2026-03-29,2026-04-05,39649.21,0.0,Denied,25.0,False
CLM002121,POL336546,22,NY,Auto,Glass Damage,2026-06-18,2026-06-18,624.94,561.72,Approved,8.0,False
CLM002122,POL233734,60,CT,Home,Fire,2026-03-31,2026-04-04,17537.73,0.0,Denied,11.0,False
CLM002123,POL550409,70,CT,Renters,Theft,2026-04-21,2026-04-25,19693.04,15689.33,Approved,14.0,False
CLM002124,POL111926,78,PA,Renters,Water Damage,2026-06-22,2026-06-28,3554.21,3270.03,Approved,15.0,False
CLM002125,POL731492,41,MI,Home,Property Damage,2026-06-12,2026-06-18,6839.52,0.0,Denied,43.0,False
CLM002126,POL777438,24,PA,Renters,Fire,2026-06-18,2026-06-20,3059.27,2448.17,Approved,18.0,False
CLM002127,POL925763,21,NJ,Auto,Theft,2025-10-17,2025-10-20,1447.54,1247.04,Approved,29.0,False
CLM002128,POL142607,20,MD,Home,Theft,2026-06-24,2026-06-25,40761.97,0.0,Pending,,False
CLM002129,POL393170,64,IL,Life,Life Benefit,2026-05-05,2026-05-12,26934.43,0.0,Denied,6.0,False
CLM002130,POL190393,53,PA,Auto,Weather Damage,2026-02-25,2026-03-04,31664.11,0.0,Denied,16.0,True
CLM002131,POL846171,26,IL,Auto,Collision,2026-02-09,2026-02-10,17708.54,13302.3,Approved,30.0,False
CLM002132,POL934922,70,MI,Auto,Theft,2026-09-12,2026-09-16,8784.8,0.0,Denied,30.0,False
CLM002133,POL828839,56,IL,Renters,Water Damage,2025-12-14,2025-12-19,29500.8,20727.95,Approved,28.0,False
CLM002134,POL389257,30,MI,Life,Life Benefit,2026-01-03,2026-01-07,9384.92,0.0,Denied,36.0,False
CLM002135,POL919318,37,NJ,Home,Water Damage,2025-11-19,2025-11-23,34378.47,0.0,Denied,21.0,False
CLM002136,POL481251,18,VA,Auto,Collision,2026-04-30,2026-05-05,40143.43,28920.69,Approved,28.0,False
CLM002137,POL504870,80,NY,Home,Fire,2025-12-30,2026-01-02,43099.95,32430.45,Approved,21.0,False
CLM002138,POL938364,32,PA,Renters,Property Damage,2026-04-15,2026-04-18,39772.91,28148.84,Approved,15.0,False
CLM002139,POL417317,81,PA,Auto,Collision,2025-10-29,2025-11-03,44302.41,31878.66,Approved,15.0,False
CLM002140,POL515254,40,MD,Auto,Theft,2026-04-21,2026-04-28,17203.04,13504.89,Approved,28.0,False
CLM002141,POL127848,28,PA,Renters,Theft,2026-03-27,2026-03-31,21885.97,16190.59,Approved,26.0,False
CLM002142,POL900010,51,OH,Auto,Theft,2025-09-23,2025-09-26,29513.33,25257.48,Approved,25.0,False
CLM002143,POL210586,32,MD,Home,Theft,2025-11-21,2025-11-23,27814.12,19902.34,Approved,16.0,False
CLM002144,POL496006,48,MA,Renters,Property Damage,2026-03-13,2026-03-13,9479.9,9424.18,Approved,2.0,False
CLM002145,POL610007,62,VA,Home,Water Damage,2026-02-19,2026-02-19,34821.46,27591.22,Approved,23.0,False
CLM002146,POL145266,72,CT,Life,Life Benefit,2026-01-25,2026-01-31,44956.08,37342.34,Approved,4.0,False
CLM002147,POL506899,56,MA,Life,Life Benefit,2025-10-08,2025-10-08,43526.74,0.0,Denied,41.0,False
CLM002148,POL436060,32,VA,Home,Water Damage,2026-08-07,2026-08-12,39296.37,0.0,Denied,27.0,False
CLM002149,POL173561,44,MD,Life,Life Benefit,2025-10-28,2025-10-28,4684.06,3384.3,Approved,27.0,False
CLM002150,POL177815,42,IL,Home,Fire,2026-01-12,2026-01-16,5523.46,0.0,Denied,32.0,False
CLM002151,POL267871,49,CT,Home,Property Damage,2026-01-21,2026-01-26,28271.63,0.0,Denied,7.0,False
CLM002152,POL897649,83,NY,Auto,Weather Damage,2026-08-15,2026-08-21,17880.65,15044.02,Approved,20.0,False
CLM002153,POL957611,58,VA,Auto,Collision,2026-05-14,2026-05-14,4578.7,3694.24,Approved,16.0,True
CLM002154,POL381772,79,IL,Auto,Weather Damage,2026-06-11,2026-06-15,40938.92,39188.68,Approved,23.0,False
CLM002155,POL292245,68,NJ,Life,Life Benefit,2026-04-26,2026-04-29,47638.7,0.0,Pending,,False
CLM002156,POL582464,70,PA,Auto,Collision,2025-09-16,2025-09-23,4475.34,3282.18,Approved,28.0,False
CLM002157,POL606155,51,CT,Renters,Theft,2026-07-23,2026-07-25,8899.32,6403.78,Approved,10.0,False
CLM002158,POL847853,25,NY,Auto,Weather Damage,2026-01-24,2026-01-31,12586.16,10653.34,Approved,27.0,False
CLM002159,POL122357,56,NY,Renters,Fire,2026-07-24,2026-07-24,15885.85,14730.3,Approved,11.0,False
CLM002160,POL426553,72,VA,Home,Water Damage,2026-03-16,2026-03-17,788.38,552.13,Approved,9.0,False
CLM002161,POL896029,39,CT,Renters,Property Damage,2025-09-25,2025-09-28,7852.13,0.0,Denied,8.0,False
CLM002162,POL694100,79,IL,Life,Life Benefit,2026-07-22,2026-07-22,15367.76,11992.44,Approved,20.0,False
CLM002163,POL461127,58,IL,Renters,Property Damage,2025-09-28,2025-10-04,14178.29,0.0,Denied,32.0,False
CLM002164,POL677231,30,MA,Life,Life Benefit,2025-12-28,2025-12-29,42824.65,37972.48,Approved,24.0,False
CLM002165,POL913417,19,MI,Life,Life Benefit,2025-09-24,2025-09-29,19943.88,0.0,Denied,44.0,False
CLM002166,POL255985,73,CT,Auto,Weather Damage,2026-03-09,2026-03-10,2623.94,2202.19,Approved,9.0,False
CLM002167,POL514434,48,MD,Home,Fire,2026-04-11,2026-04-14,5242.8,3697.07,Approved,11.0,False
CLM002168,POL401815,55,NY,Life,Life Benefit,2026-05-16,2026-05-18,24719.36,0.0,Denied,6.0,False
CLM002169,POL617647,28,NY,Life,Life Benefit,2026-02-16,2026-02-18,9865.52,0.0,Denied,27.0,False
CLM002170,POL942441,25,MD,Home,Theft,2025-12-29,2026-01-04,6247.94,5235.96,Approved,15.0,False
CLM002171,POL623920,23,MI,Auto,Weather Damage,2025-12-02,2025-12-08,39176.74,35306.85,Approved,18.0,False
CLM002172,POL525976,23,VA,Home,Fire,2026-04-08,2026-04-11,3396.92,3024.89,Approved,16.0,False
CLM002173,POL785700,74,OH,Auto,Glass Damage,2026-04-28,2026-05-02,12293.45,0.0,Denied,26.0,False
CLM002174,POL563932,79,IL,Life,Life Benefit,2026-01-28,2026-01-31,48180.68,0.0,Pending,,False
CLM002175,POL802190,72,MI,Life,Life Benefit,2026-04-21,2026-04-27,2116.73,0.0,Denied,25.0,False
CLM002176,POL406987,60,PA,Home,Property Damage,2026-07-17,2026-07-24,8699.8,7142.64,Approved,13.0,False
CLM002177,POL914344,18,NY,Auto,Weather Damage,2026-01-22,2026-01-27,15187.58,12604.34,Approved,12.0,False
CLM002178,POL583839,46,PA,Renters,Water Damage,2026-05-11,2026-05-14,48317.43,44167.22,Approved,20.0,False
CLM002179,POL266831,58,PA,Life,Life Benefit,2025-12-15,2025-12-15,32419.37,0.0,Denied,34.0,False
CLM002180,POL930404,58,NJ,Home,Theft,2025-11-19,2025-11-25,15060.5,13288.12,Approved,19.0,False
CLM002181,POL841720,25,MD,Renters,Theft,2026-03-08,2026-03-08,26931.41,22806.39,Approved,23.0,True
CLM002182,POL655593,24,MA,Auto,Collision,2025-10-24,2025-10-28,34294.73,33235.29,Approved,6.0,False
CLM002183,POL742529,29,OH,Renters,Fire,2026-04-02,2026-04-09,39825.85,33393.1,Approved,23.0,False
CLM002184,POL230790,61,MD,Renters,Property Damage,2026-03-11,2026-03-18,5362.27,0.0,Pending,,False
CLM002185,POL563596,35,MI,Home,Property Damage,2026-03-31,2026-04-01,35569.2,0.0,Denied,5.0,False
CLM002186,POL653166,80,NJ,Home,Property Damage,2026-02-02,2026-02-06,22391.83,18121.51,Approved,15.0,True
CLM002187,POL430534,60,MA,Life,Life Benefit,2026-05-23,2026-05-29,39317.51,0.0,Denied,23.0,False
CLM002188,POL686238,46,PA,Life,Life Benefit,2026-09-13,2026-09-14,8227.92,7438.0,Approved,3.0,False
CLM002189,POL384529,48,CT,Home,Property Damage,2026-08-24,2026-08-27,26546.65,19036.9,Approved,17.0,False
CLM002190,POL755282,48,NY,Life,Life Benefit,2025-11-29,2025-12-01,44334.28,0.0,Pending,,False
CLM002191,POL416794,58,NJ,Life,Life Benefit,2026-02-27,2026-02-28,27441.85,20651.21,Approved,7.0,True
CLM002192,POL993463,60,MI,Life,Life Benefit,2025-11-16,2025-11-23,13700.16,11423.1,Approved,11.0,False
CLM002193,POL972084,48,VA,Renters,Theft,2026-09-07,2026-09-07,19970.9,0.0,Pending,,False
CLM002194,POL917179,68,VA,Home,Property Damage,2026-03-14,2026-03-14,10915.06,8361.1,Approved,28.0,True
CLM002195,POL361921,23,MA,Home,Fire,2026-07-21,2026-07-25,25686.44,0.0,Denied,5.0,False
CLM002196,POL817412,21,NJ,Life,Life Benefit,2026-06-15,2026-06-20,24800.71,17762.42,Approved,30.0,False
CLM002197,POL254774,26,CT,Auto,Collision,2026-02-28,2026-03-05,40923.19,38464.39,Approved,29.0,False
CLM002198,POL593037,31,OH,Life,Life Benefit,2026-05-22,2026-05-28,29296.33,24934.33,Approved,18.0,False
CLM002199,POL577694,67,MD,Auto,Theft,2026-08-28,2026-08-28,9803.81,8567.97,Approved,11.0,False
CLM002200,POL654459,34,OH,Home,Property Damage,2026-02-11,2026-02-16,28481.03,0.0,Pending,,False
CLM002201,POL675943,40,IL,Home,Fire,2026-06-11,2026-06-16,3056.63,2972.57,Approved,25.0,False
CLM002202,POL919376,68,MI,Life,Life Benefit,2026-03-13,2026-03-14,20607.19,0.0,Pending,,False
CLM002203,POL542634,34,MI,Life,Life Benefit,2025-12-26,2025-12-30,20582.28,18206.57,Approved,15.0,False
CLM002204,POL752428,77,CT,Home,Property Damage,2026-01-24,2026-01-31,32890.61,0.0,Denied,28.0,False
CLM002205,POL913556,57,VA,Renters,Theft,2026-01-16,2026-01-17,536.49,512.93,Approved,3.0,False
CLM002206,POL846587,67,NY,Home,Theft,2025-10-03,2025-10-04,41350.15,39126.47,Approved,21.0,False
CLM002207,POL834869,19,IL,Home,Property Damage,2026-02-26,2026-03-03,46929.2,33950.46,Approved,20.0,False
CLM002208,POL675160,59,CT,Renters,Fire,2025-09-14,2025-09-18,8811.51,6195.0,Approved,3.0,True
CLM002209,POL567944,37,MA,Auto,Weather Damage,2026-02-19,2026-02-23,34811.53,0.0,Denied,27.0,False
CLM002210,POL870273,23,PA,Auto,Collision,2026-09-10,2026-09-10,14724.36,14396.32,Approved,9.0,False
CLM002211,POL198074,32,MD,Home,Property Damage,2025-12-16,2025-12-20,17185.6,13559.84,Approved,16.0,False
CLM002212,POL844638,21,NJ,Home,Water Damage,2026-03-25,2026-04-01,27773.7,20195.99,Approved,22.0,False
CLM002213,POL709386,31,MD,Life,Life Benefit,2026-06-05,2026-06-12,21872.97,16220.22,Approved,7.0,False
CLM002214,POL178005,20,PA,Life,Life Benefit,2026-04-14,2026-04-21,33773.42,0.0,Pending,,False
CLM002215,POL116334,39,MI,Auto,Collision,2026-06-28,2026-07-03,22000.21,16534.14,Approved,8.0,False
CLM002216,POL151208,64,PA,Renters,Fire,2026-07-17,2026-07-17,40455.07,33518.69,Approved,5.0,False
CLM002217,POL932649,23,VA,Home,Water Damage,2025-11-24,2025-11-29,28179.84,0.0,Denied,28.0,False
CLM002218,POL357990,34,MD,Home,Property Damage,2026-04-29,2026-04-29,48894.78,38688.82,Approved,7.0,False
CLM002219,POL460873,49,PA,Auto,Weather Damage,2026-01-28,2026-01-31,35821.41,0.0,Pending,,False
CLM002220,POL924967,83,VA,Home,Fire,2025-10-17,2025-10-21,30914.76,30633.98,Approved,12.0,False
CLM002221,POL334443,18,NJ,Home,Theft,2025-10-22,2025-10-23,43404.41,30488.71,Approved,28.0,False
CLM002222,POL871504,77,NY,Renters,Theft,2026-03-05,2026-03-11,36937.75,0.0,Pending,,False
CLM002223,POL520699,26,MA,Auto,Glass Damage,2025-11-14,2025-11-19,26043.42,22925.5,Approved,19.0,False
CLM002224,POL684947,20,IL,Renters,Fire,2026-07-30,2026-08-05,22491.72,0.0,Denied,18.0,False
CLM002225,POL356347,79,MD,Home,Fire,2026-03-05,2026-03-10,7806.01,0.0,Denied,15.0,False
CLM002226,POL422092,70,NY,Renters,Water Damage,2026-03-23,2026-03-28,37732.92,0.0,Denied,33.0,False
CLM002227,POL400412,58,MD,Renters,Property Damage,2026-02-26,2026-03-05,2173.23,0.0,Denied,25.0,False
CLM002228,POL627958,19,OH,Life,Life Benefit,2026-01-04,2026-01-04,25489.67,24514.69,Approved,11.0,False
CLM002229,POL693821,40,VA,Life,Life Benefit,2025-11-09,2025-11-09,24614.98,24320.58,Approved,29.0,False
CLM002230,POL495028,25,MD,Home,Property Damage,2025-11-21,2025-11-22,21955.62,19130.35,Approved,9.0,False
CLM002231,POL124086,55,VA,Home,Theft,2025-11-30,2025-12-07,4053.96,3132.4,Approved,3.0,False
CLM002232,POL959161,73,MI,Life,Life Benefit,2025-11-29,2025-12-02,47241.19,45230.07,Approved,16.0,False
CLM002233,POL591150,64,VA,Auto,Theft,2026-04-17,2026-04-18,36342.75,36265.8,Approved,3.0,False
CLM002234,POL395208,76,VA,Life,Life Benefit,2026-06-21,2026-06-25,49874.68,48683.23,Approved,20.0,False
CLM002235,POL989931,29,MA,Auto,Collision,2025-09-29,2025-10-05,10417.95,7685.4,Approved,19.0,False
CLM002236,POL210969,31,MD,Home,Property Damage,2026-03-12,2026-03-12,42559.45,38616.17,Approved,14.0,False
CLM002237,POL457623,73,NJ,Auto,Collision,2026-07-27,2026-07-29,26179.69,25804.48,Approved,6.0,False
CLM002238,POL121744,73,MI,Auto,Weather Damage,2025-09-25,2025-09-26,43994.3,0.0,Pending,,False
CLM002239,POL555313,32,NJ,Life,Life Benefit,2026-08-03,2026-08-03,29506.98,0.0,Denied,18.0,True
CLM002240,POL911802,51,IL,Life,Life Benefit,2025-12-06,2025-12-08,15113.02,0.0,Denied,3.0,False
CLM002241,POL902152,49,OH,Auto,Glass Damage,2025-12-17,2025-12-19,37380.48,0.0,Pending,,False
CLM002242,POL320217,76,PA,Home,Water Damage,2025-09-14,2025-09-20,48895.93,48821.09,Approved,27.0,False
CLM002243,POL946867,24,NJ,Renters,Property Damage,2025-12-08,2025-12-08,26224.25,0.0,Denied,38.0,False
CLM002244,POL386862,46,MI,Home,Property Damage,2025-10-23,2025-10-27,43135.2,33964.79,Approved,18.0,False
CLM002245,POL366526,73,PA,Home,Theft,2025-10-30,2025-11-01,24988.82,19466.56,Approved,21.0,False
CLM002246,POL728551,79,IL,Renters,Theft,2026-05-24,2026-05-24,15351.05,14523.32,Approved,21.0,False
CLM002247,POL713569,33,MD,Home,Fire,2026-04-12,2026-04-14,14230.73,10425.82,Approved,14.0,False
CLM002248,POL779997,26,MA,Home,Fire,2026-04-12,2026-04-12,24345.05,21242.2,Approved,6.0,True
CLM002249,POL636717,49,IL,Life,Life Benefit,2026-05-06,2026-05-06,24346.66,24318.51,Approved,2.0,False
CLM002250,POL257175,26,NJ,Auto,Collision,2025-09-17,2025-09-17,29956.5,24605.79,Approved,5.0,False
CLM002251,POL628201,35,CT,Home,Property Damage,2026-03-06,2026-03-12,1464.84,0.0,Denied,40.0,False
CLM002252,POL657595,74,CT,Life,Life Benefit,2026-06-25,2026-07-02,4297.34,3831.39,Approved,16.0,False
CLM002253,POL200154,24,IL,Auto,Weather Damage,2026-02-12,2026-02-18,43028.7,31144.29,Approved,20.0,True
CLM002254,POL169311,76,PA,Life,Life Benefit,2025-10-30,2025-11-05,5102.41,5039.01,Approved,11.0,False
CLM002255,POL251302,63,OH,Life,Life Benefit,2026-08-08,2026-08-08,33281.18,24202.65,Approved,3.0,False
CLM002256,POL694522,36,OH,Home,Theft,2026-07-22,2026-07-29,2392.93,0.0,Denied,42.0,False
CLM002257,POL682221,48,MA,Auto,Collision,2025-12-10,2025-12-11,6287.17,6126.12,Approved,25.0,True
CLM002258,POL932697,37,NJ,Life,Life Benefit,2026-02-18,2026-02-24,13990.2,11346.33,Approved,12.0,False
CLM002259,POL175100,26,NY,Auto,Weather Damage,2025-12-22,2025-12-27,48968.48,0.0,Pending,,False
CLM002260,POL257122,76,CT,Renters,Fire,2025-10-10,2025-10-11,25669.13,20646.62,Approved,6.0,False
CLM002261,POL473330,63,NJ,Auto,Weather Damage,2025-11-09,2025-11-12,48925.35,0.0,Pending,,False
CLM002262,POL265680,67,MD,Life,Life Benefit,2026-02-26,2026-03-05,36455.2,33607.25,Approved,14.0,False
CLM002263,POL279498,69,MA,Home,Fire,2026-08-07,2026-08-11,40544.59,31363.24,Approved,13.0,False
CLM002264,POL690784,51,IL,Life,Life Benefit,2026-01-02,2026-01-06,37419.21,34580.09,Approved,19.0,False
CLM002265,POL283443,83,MI,Life,Life Benefit,2025-10-29,2025-10-31,31853.7,25412.11,Approved,5.0,False
CLM002266,POL706284,22,MI,Home,Fire,2026-03-27,2026-03-30,43451.18,32041.65,Approved,15.0,False
CLM002267,POL274679,56,NJ,Home,Fire,2026-08-10,2026-08-16,21396.88,17466.41,Approved,29.0,False
CLM002268,POL671549,33,OH,Life,Life Benefit,2026-07-04,2026-07-08,28273.55,20147.94,Approved,20.0,False
CLM002269,POL296777,49,MA,Renters,Theft,2026-02-12,2026-02-15,36447.39,0.0,Denied,13.0,False
CLM002270,POL358551,83,NY,Renters,Water Damage,2025-10-25,2025-10-30,19895.02,0.0,Denied,21.0,False
CLM002271,POL977550,45,MA,Renters,Water Damage,2025-11-13,2025-11-19,46607.35,43548.6,Approved,12.0,False
CLM002272,POL396870,23,MI,Home,Fire,2026-06-15,2026-06-20,10176.98,8968.15,Approved,20.0,False
CLM002273,POL545746,67,MI,Life,Life Benefit,2026-04-15,2026-04-18,8910.83,0.0,Denied,17.0,False
CLM002274,POL807189,43,NY,Auto,Glass Damage,2025-12-16,2025-12-20,3963.52,3317.29,Approved,29.0,False
CLM002275,POL791052,48,NJ,Home,Water Damage,2026-06-22,2026-06-27,46706.98,0.0,Denied,11.0,False
CLM002276,POL428864,76,OH,Home,Property Damage,2026-05-11,2026-05-11,10941.25,9119.3,Approved,19.0,False
CLM002277,POL351169,63,MA,Life,Life Benefit,2026-04-26,2026-05-02,14551.89,14406.95,Approved,28.0,False
CLM002278,POL586842,54,MD,Life,Life Benefit,2026-05-11,2026-05-15,10534.04,9790.49,Approved,18.0,False
CLM002279,POL679105,35,NJ,Life,Life Benefit,2026-04-04,2026-04-10,31167.49,25527.68,Approved,7.0,False
CLM002280,POL358963,30,OH,Life,Life Benefit,2026-04-29,2026-04-29,35540.04,29096.7,Approved,21.0,False
CLM002281,POL264869,69,NY,Auto,Glass Damage,2025-12-15,2025-12-15,29896.31,21876.14,Approved,11.0,False
CLM002282,POL870460,21,CT,Auto,Glass Damage,2026-06-15,2026-06-17,39565.17,0.0,Pending,,False
CLM002283,POL946668,76,PA,Auto,Collision,2026-03-07,2026-03-12,12040.74,10579.13,Approved,14.0,False
CLM002284,POL771346,75,NY,Renters,Property Damage,2026-04-27,2026-04-27,5141.55,4171.36,Approved,21.0,False
CLM002285,POL419410,36,VA,Home,Theft,2026-05-15,2026-05-19,20985.5,16554.64,Approved,3.0,False
CLM002286,POL399994,47,MI,Auto,Theft,2026-03-12,2026-03-18,2134.01,1659.7,Approved,12.0,False
CLM002287,POL912734,46,VA,Life,Life Benefit,2026-05-10,2026-05-11,27625.81,22334.53,Approved,27.0,False
CLM002288,POL552082,34,MI,Renters,Property Damage,2025-09-19,2025-09-21,7416.37,5395.76,Approved,12.0,False
CLM002289,POL935316,48,MI,Auto,Collision,2026-05-14,2026-05-21,34533.76,34139.51,Approved,5.0,False
CLM002290,POL129798,43,MA,Renters,Water Damage,2025-12-28,2025-12-29,18204.61,13650.79,Approved,23.0,False
CLM002291,POL585044,68,MI,Life,Life Benefit,2026-06-15,2026-06-16,35019.16,33646.36,Approved,15.0,False
CLM002292,POL885298,35,MI,Renters,Fire,2025-12-04,2025-12-11,4712.4,3959.45,Approved,10.0,True
CLM002293,POL405366,71,NJ,Home,Property Damage,2025-12-14,2025-12-18,534.05,0.0,Denied,43.0,False
CLM002294,POL924391,66,IL,Auto,Collision,2026-02-14,2026-02-19,46779.66,42003.95,Approved,10.0,False
CLM002295,POL982288,52,VA,Home,Property Damage,2026-02-26,2026-02-28,34138.09,26331.62,Approved,20.0,False
CLM002296,POL198268,52,MA,Home,Theft,2026-05-31,2026-05-31,25830.91,25567.59,Approved,28.0,False
CLM002297,POL538799,30,VA,Home,Theft,2026-03-13,2026-03-15,18134.56,13622.82,Approved,24.0,False
CLM002298,POL445592,24,PA,Home,Property Damage,2026-01-05,2026-01-06,14451.18,0.0,Denied,19.0,False
CLM002299,POL796044,50,CT,Auto,Glass Damage,2026-04-03,2026-04-04,47378.83,43537.73,Approved,27.0,False
CLM002300,POL186321,54,CT,Life,Life Benefit,2026-03-03,2026-03-10,47181.0,0.0,Denied,25.0,False
CLM002301,POL961158,56,CT,Renters,Water Damage,2026-08-14,2026-08-15,46775.87,35348.64,Approved,12.0,False
CLM002302,POL695023,32,MA,Life,Life Benefit,2025-11-20,2025-11-24,1728.1,1588.07,Approved,13.0,False
CLM002303,POL611716,49,MA,Life,Life Benefit,2026-04-10,2026-04-11,41319.8,40987.58,Approved,10.0,False
CLM002304,POL488756,24,PA,Renters,Water Damage,2026-03-17,2026-03-22,5552.64,0.0,Denied,37.0,False
CLM002305,POL969323,51,IL,Auto,Weather Damage,2026-03-26,2026-04-02,8449.06,6901.79,Approved,12.0,False
CLM002306,POL959173,22,IL,Life,Life Benefit,2026-08-13,2026-08-18,15362.34,12375.8,Approved,17.0,False
CLM002307,POL369818,40,CT,Renters,Water Damage,2026-09-12,2026-09-18,19061.6,0.0,Pending,,False
CLM002308,POL404497,28,PA,Auto,Collision,2026-08-03,2026-08-03,18849.48,18240.94,Approved,29.0,True
CLM002309,POL749783,63,MA,Home,Water Damage,2026-07-09,2026-07-14,43232.94,36362.92,Approved,4.0,False
CLM002310,POL502258,18,IL,Renters,Theft,2026-05-05,2026-05-06,9090.44,6960.8,Approved,17.0,False
CLM002311,POL236915,70,NJ,Home,Theft,2025-10-20,2025-10-27,47651.84,38148.18,Approved,25.0,False
CLM002312,POL104320,25,CT,Auto,Glass Damage,2026-08-22,2026-08-23,15218.63,13883.82,Approved,6.0,False
CLM002313,POL242546,34,NJ,Renters,Fire,2025-11-04,2025-11-07,32840.46,28159.1,Approved,29.0,False
CLM002314,POL681224,41,IL,Renters,Property Damage,2026-08-18,2026-08-24,14014.04,0.0,Denied,22.0,False
CLM002315,POL825110,34,VA,Home,Theft,2025-09-27,2025-10-03,47901.32,44557.68,Approved,2.0,False
CLM002316,POL124485,68,VA,Renters,Property Damage,2025-12-09,2025-12-09,45440.45,37183.65,Approved,17.0,False
CLM002317,POL954438,36,OH,Home,Fire,2025-10-15,2025-10-19,27396.57,0.0,Denied,23.0,False
CLM002318,POL740754,41,MD,Home,Property Damage,2025-10-24,2025-10-27,45421.88,34940.79,Approved,9.0,True
CLM002319,POL189940,53,MD,Home,Water Damage,2026-06-27,2026-06-30,46731.05,45853.82,Approved,19.0,False
CLM002320,POL186195,43,CT,Life,Life Benefit,2026-06-14,2026-06-17,32621.56,28360.64,Approved,29.0,False
CLM002321,POL134241,54,NY,Life,Life Benefit,2026-05-04,2026-05-06,12260.43,9564.25,Approved,23.0,False
CLM002322,POL698688,37,NJ,Home,Fire,2026-04-07,2026-04-08,29553.8,0.0,Pending,,True
CLM002323,POL411884,22,NJ,Auto,Collision,2026-04-19,2026-04-22,18723.33,15900.11,Approved,9.0,False
CLM002324,POL624983,61,MI,Life,Life Benefit,2026-01-05,2026-01-11,2534.8,0.0,Denied,26.0,False
CLM002325,POL627434,54,MD,Renters,Theft,2025-11-11,2025-11-15,49342.75,0.0,Pending,,True
CLM002326,POL793215,55,NY,Life,Life Benefit,2026-06-26,2026-07-01,13596.45,10449.89,Approved,23.0,False
CLM002327,POL942620,83,NJ,Home,Water Damage,2026-05-22,2026-05-22,3890.91,3727.81,Approved,2.0,False
CLM002328,POL781648,32,PA,Auto,Collision,2026-06-29,2026-07-03,24990.19,22906.35,Approved,28.0,False
CLM002329,POL891440,66,MA,Auto,Theft,2026-05-20,2026-05-23,45550.8,0.0,Pending,,False
CLM002330,POL688386,78,IL,Life,Life Benefit,2026-08-13,2026-08-17,40126.26,28654.5,Approved,23.0,False
CLM002331,POL506707,56,IL,Life,Life Benefit,2026-02-09,2026-02-13,29584.23,29319.37,Approved,2.0,False
CLM002332,POL244279,29,IL,Renters,Property Damage,2026-08-30,2026-09-04,12338.48,0.0,Pending,,False
CLM002333,POL664348,47,IL,Life,Life Benefit,2025-11-29,2025-11-29,34798.97,24802.37,Approved,29.0,False
CLM002334,POL400977,42,NJ,Renters,Theft,2026-03-12,2026-03-12,49319.03,49067.51,Approved,12.0,False
CLM002335,POL582770,19,CT,Life,Life Benefit,2025-09-22,2025-09-24,959.92,878.23,Approved,27.0,True
CLM002336,POL155149,68,OH,Life,Life Benefit,2026-04-19,2026-04-20,7094.0,6498.64,Approved,20.0,False
CLM002337,POL321463,43,OH,Auto,Weather Damage,2025-11-05,2025-11-05,40810.7,0.0,Denied,36.0,False
CLM002338,POL786009,67,MA,Life,Life Benefit,2026-02-08,2026-02-13,17871.22,17579.74,Approved,26.0,False
CLM002339,POL884143,62,MA,Renters,Water Damage,2025-11-13,2025-11-18,26938.8,0.0,Denied,23.0,True
CLM002340,POL714800,36,PA,Life,Life Benefit,2026-01-09,2026-01-13,41608.09,40602.81,Approved,16.0,False
CLM002341,POL573229,69,VA,Home,Theft,2025-10-31,2025-11-01,14278.29,0.0,Denied,28.0,False
CLM002342,POL455082,21,MD,Renters,Theft,2026-05-26,2026-05-28,47498.27,37308.01,Approved,21.0,False
CLM002343,POL645934,68,MD,Life,Life Benefit,2025-11-20,2025-11-26,25083.02,24303.86,Approved,15.0,False
CLM002344,POL103857,48,PA,Auto,Glass Damage,2026-04-23,2026-04-28,39112.9,36972.74,Approved,18.0,False
CLM002345,POL449731,70,MD,Renters,Property Damage,2025-10-05,2025-10-10,29015.43,0.0,Pending,,True
CLM002346,POL443882,39,NJ,Renters,Fire,2026-09-01,2026-09-03,21462.21,0.0,Pending,,False
CLM002347,POL478640,18,OH,Life,Life Benefit,2026-08-18,2026-08-25,35361.23,30099.21,Approved,24.0,False
CLM002348,POL726473,75,MA,Auto,Weather Damage,2025-12-07,2025-12-08,46780.43,0.0,Pending,,False
CLM002349,POL875880,72,CT,Home,Property Damage,2026-02-07,2026-02-11,13256.12,0.0,Denied,19.0,False
CLM002350,POL152612,67,CT,Life,Life Benefit,2026-06-21,2026-06-22,29051.61,28280.08,Approved,11.0,False
CLM002351,POL204159,82,MD,Auto,Glass Damage,2025-11-01,2025-11-02,47498.93,0.0,Pending,,False
CLM002352,POL313565,80,NY,Life,Life Benefit,2026-06-14,2026-06-14,38637.06,37533.47,Approved,30.0,False
CLM002353,POL608498,35,OH,Life,Life Benefit,2025-10-23,2025-10-26,29402.11,23454.27,Approved,21.0,False
CLM002354,POL979196,38,VA,Auto,Glass Damage,2025-11-27,2025-11-27,13245.31,9896.56,Approved,17.0,False
CLM002355,POL150714,25,NJ,Home,Water Damage,2026-07-07,2026-07-12,38061.43,37278.34,Approved,27.0,False
CLM002356,POL345667,55,NJ,Home,Theft,2026-07-16,2026-07-20,10988.41,10796.68,Approved,16.0,False
CLM002357,POL473073,65,PA,Renters,Theft,2025-12-14,2025-12-20,39166.41,36277.7,Approved,9.0,False
CLM002358,POL389569,27,MD,Renters,Water Damage,2025-10-17,2025-10-18,41679.09,40148.52,Approved,7.0,False
CLM002359,POL534513,83,MI,Home,Theft,2025-12-24,2025-12-26,49210.62,35741.71,Approved,9.0,False
CLM002360,POL667056,52,NY,Life,Life Benefit,2026-01-03,2026-01-04,18488.59,15599.6,Approved,12.0,False
CLM002361,POL143763,18,NY,Renters,Property Damage,2025-11-11,2025-11-16,7202.96,5259.9,Approved,9.0,False
CLM002362,POL258451,75,NJ,Renters,Theft,2026-06-30,2026-07-05,1116.81,0.0,Denied,23.0,False
CLM002363,POL905505,78,MI,Renters,Theft,2026-07-04,2026-07-09,7363.66,0.0,Pending,,False
CLM002364,POL163272,77,PA,Home,Water Damage,2025-11-20,2025-11-25,39257.26,0.0,Denied,40.0,False
CLM002365,POL338182,42,MA,Life,Life Benefit,2025-12-20,2025-12-27,6371.37,5273.77,Approved,17.0,False
CLM002366,POL579830,78,CT,Home,Fire,2026-03-21,2026-03-23,21281.86,18064.73,Approved,23.0,False
CLM002367,POL307928,26,MI,Renters,Theft,2025-09-20,2025-09-26,29650.78,27160.93,Approved,4.0,False
CLM002368,POL903342,48,MA,Auto,Glass Damage,2026-08-30,2026-09-02,46179.73,36156.54,Approved,26.0,False
CLM002369,POL920569,82,PA,Home,Theft,2026-02-21,2026-02-21,48263.59,46083.66,Approved,10.0,False
CLM002370,POL824123,51,PA,Auto,Weather Damage,2026-08-13,2026-08-17,42006.95,32004.86,Approved,23.0,False
CLM002371,POL449628,84,IL,Life,Life Benefit,2026-07-25,2026-07-25,32784.69,28295.56,Approved,13.0,False
CLM002372,POL563297,60,MA,Life,Life Benefit,2026-02-16,2026-02-20,46856.72,42082.79,Approved,24.0,True
CLM002373,POL278323,76,PA,Life,Life Benefit,2026-06-03,2026-06-05,48307.3,44641.93,Approved,3.0,False
CLM002374,POL578845,78,NJ,Renters,Theft,2026-05-20,2026-05-23,26807.58,22945.59,Approved,9.0,False
CLM002375,POL638230,70,VA,Auto,Weather Damage,2026-06-05,2026-06-11,33324.15,0.0,Denied,20.0,False
CLM002376,POL658715,82,NJ,Renters,Theft,2026-06-23,2026-06-25,17248.47,14260.48,Approved,2.0,True
CLM002377,POL868367,24,MA,Life,Life Benefit,2026-06-26,2026-07-03,7575.9,0.0,Denied,31.0,False
CLM002378,POL160424,20,PA,Auto,Weather Damage,2026-06-24,2026-06-28,29223.86,21542.48,Approved,10.0,False
CLM002379,POL133729,71,PA,Renters,Water Damage,2025-09-30,2025-10-01,36294.77,27300.83,Approved,12.0,False
CLM002380,POL844280,20,MA,Auto,Theft,2025-10-25,2025-11-01,7110.13,5953.57,Approved,24.0,False
CLM002381,POL759616,72,NJ,Life,Life Benefit,2025-12-30,2026-01-04,26465.79,0.0,Denied,30.0,False
CLM002382,POL178919,61,NJ,Home,Water Damage,2026-03-17,2026-03-21,39146.22,0.0,Pending,,False
CLM002383,POL151574,78,PA,Home,Property Damage,2026-04-27,2026-05-02,37297.25,33407.65,Approved,22.0,False
CLM002384,POL487975,32,NJ,Renters,Water Damage,2026-08-27,2026-08-31,7526.95,0.0,Denied,28.0,False
CLM002385,POL809681,48,VA,Auto,Collision,2026-08-30,2026-09-01,4376.18,0.0,Denied,18.0,False
CLM002386,POL831749,41,MA,Life,Life Benefit,2026-02-17,2026-02-18,49437.04,0.0,Pending,,False
CLM002387,POL539119,38,VA,Renters,Theft,2025-12-09,2025-12-09,34209.19,26342.44,Approved,17.0,False
CLM002388,POL316451,37,VA,Renters,Fire,2026-02-01,2026-02-03,47558.6,41547.19,Approved,9.0,True
CLM002389,POL588192,23,NJ,Auto,Collision,2026-08-04,2026-08-05,30551.09,28979.06,Approved,4.0,False
CLM002390,POL326117,47,NJ,Life,Life Benefit,2026-06-16,2026-06-19,46199.17,0.0,Denied,8.0,False
CLM002391,POL308407,74,IL,Renters,Property Damage,2025-09-23,2025-09-23,19006.5,0.0,Denied,31.0,False
CLM002392,POL665471,49,OH,Home,Fire,2026-02-11,2026-02-17,46778.73,44457.35,Approved,13.0,True
CLM002393,POL261116,40,MD,Life,Life Benefit,2026-07-19,2026-07-25,29815.23,24623.32,Approved,7.0,True
CLM002394,POL805165,43,MD,Renters,Water Damage,2026-08-28,2026-08-31,5974.79,4410.19,Approved,28.0,False
CLM002395,POL844481,35,IL,Home,Property Damage,2026-01-14,2026-01-19,10682.7,0.0,Denied,4.0,False
CLM002396,POL233895,46,IL,Auto,Weather Damage,2026-07-06,2026-07-09,37938.66,37781.8,Approved,14.0,False
CLM002397,POL658687,33,CT,Auto,Glass Damage,2025-10-24,2025-10-29,8453.25,7787.8,Approved,2.0,False
CLM002398,POL558367,22,VA,Life,Life Benefit,2026-01-15,2026-01-15,14857.51,10718.95,Approved,14.0,False
CLM002399,POL745766,29,OH,Renters,Water Damage,2026-01-29,2026-02-05,1837.8,1773.42,Approved,25.0,False
CLM002400,POL648812,32,IL,Home,Theft,2026-05-20,2026-05-26,19338.85,17457.75,Approved,24.0,False
CLM002401,POL882121,26,OH,Home,Fire,2026-04-25,2026-04-30,18921.4,14441.24,Approved,10.0,False
CLM002402,POL434409,57,MD,Life,Life Benefit,2026-01-17,2026-01-22,34775.69,0.0,Pending,,False
CLM002403,POL863594,75,MA,Life,Life Benefit,2025-11-01,2025-11-04,24404.69,17724.94,Approved,28.0,True
CLM002404,POL649702,48,CT,Renters,Theft,2026-06-13,2026-06-13,12394.04,10886.35,Approved,3.0,False
CLM002405,POL127817,46,NY,Home,Property Damage,2026-07-18,2026-07-25,8277.33,6443.56,Approved,30.0,False
CLM002406,POL215846,85,VA,Renters,Property Damage,2025-11-28,2025-12-02,1181.61,0.0,Denied,27.0,False
CLM002407,POL336617,38,IL,Life,Life Benefit,2026-05-03,2026-05-03,2416.02,0.0,Pending,,False
CLM002408,POL884570,57,MA,Renters,Water Damage,2026-06-28,2026-07-01,26381.53,0.0,Pending,,False
CLM002409,POL308920,50,CT,Life,Life Benefit,2025-12-31,2025-12-31,16438.67,15325.78,Approved,26.0,False
CLM002410,POL374326,73,MI,Renters,Property Damage,2025-11-09,2025-11-11,916.66,0.0,Denied,23.0,False
CLM002411,POL947240,68,MI,Renters,Property Damage,2025-09-21,2025-09-27,7873.87,5676.29,Approved,15.0,False
CLM002412,POL543917,34,PA,Life,Life Benefit,2026-03-19,2026-03-20,1030.38,0.0,Denied,18.0,False
CLM002413,POL318114,29,MA,Life,Life Benefit,2026-04-20,2026-04-27,16095.18,0.0,Pending,,False
CLM002414,POL811544,74,MI,Auto,Collision,2026-06-07,2026-06-10,46170.56,33249.38,Approved,25.0,False
CLM002415,POL480364,37,MA,Auto,Weather Damage,2025-12-24,2025-12-31,18001.62,16222.38,Approved,16.0,False
CLM002416,POL826901,22,NJ,Renters,Fire,2026-01-30,2026-02-01,12282.7,8778.49,Approved,21.0,False
CLM002417,POL712892,67,CT,Renters,Property Damage,2026-05-09,2026-05-12,8081.7,0.0,Pending,,True
CLM002418,POL965628,36,PA,Life,Life Benefit,2026-04-18,2026-04-24,26963.4,22705.58,Approved,9.0,False
CLM002419,POL292445,37,MD,Auto,Glass Damage,2025-11-05,2025-11-05,49790.5,44736.32,Approved,16.0,True
CLM002420,POL456915,45,NJ,Renters,Fire,2025-12-23,2025-12-26,24293.6,0.0,Pending,,False
CLM002421,POL142996,47,MD,Auto,Weather Damage,2026-08-13,2026-08-17,30941.27,28286.47,Approved,21.0,False
CLM002422,POL505569,74,VA,Life,Life Benefit,2026-05-22,2026-05-25,540.09,0.0,Denied,32.0,True
CLM002423,POL111581,48,MI,Life,Life Benefit,2026-09-09,2026-09-14,12226.13,10662.09,Approved,20.0,False
CLM002424,POL367820,42,PA,Home,Water Damage,2026-01-16,2026-01-19,40498.03,37681.68,Approved,13.0,False
CLM002425,POL389798,24,MI,Renters,Theft,2025-12-07,2025-12-09,9694.6,8881.92,Approved,26.0,False
CLM002426,POL969114,48,CT,Home,Property Damage,2026-01-02,2026-01-03,36466.55,27759.08,Approved,6.0,False
CLM002427,POL804866,61,MI,Auto,Glass Damage,2026-09-05,2026-09-08,29477.07,29235.18,Approved,6.0,False
CLM002428,POL943693,46,NY,Life,Life Benefit,2026-01-27,2026-01-31,47890.2,47051.9,Approved,18.0,False
CLM002429,POL698476,20,MI,Renters,Property Damage,2026-02-24,2026-03-02,13970.94,11115.63,Approved,26.0,False
CLM002430,POL805547,32,IL,Home,Property Damage,2026-06-04,2026-06-04,1919.22,0.0,Denied,23.0,False
CLM002431,POL717562,50,PA,Life,Life Benefit,2026-04-20,2026-04-20,14366.13,10134.17,Approved,4.0,False
CLM002432,POL508214,56,PA,Home,Fire,2026-05-14,2026-05-18,21485.08,0.0,Pending,,False
CLM002433,POL459338,80,MA,Life,Life Benefit,2026-08-15,2026-08-18,22804.24,0.0,Pending,,False
CLM002434,POL325870,26,OH,Home,Fire,2025-12-07,2025-12-14,1392.45,1028.61,Approved,27.0,False
CLM002435,POL555438,80,MA,Life,Life Benefit,2026-01-16,2026-01-17,37531.41,27248.35,Approved,6.0,False
CLM002436,POL728619,48,PA,Renters,Property Damage,2025-09-30,2025-10-02,49934.34,0.0,Denied,21.0,False
CLM002437,POL999593,59,OH,Home,Property Damage,2025-10-06,2025-10-12,36451.82,0.0,Pending,,False
CLM002438,POL873114,27,MD,Auto,Collision,2026-06-06,2026-06-06,9137.08,7506.57,Approved,16.0,False
CLM002439,POL251484,78,MI,Home,Water Damage,2026-07-23,2026-07-23,19325.44,0.0,Denied,7.0,False
CLM002440,POL541902,60,VA,Auto,Weather Damage,2025-10-16,2025-10-21,4894.45,3657.78,Approved,15.0,False
CLM002441,POL638532,77,NY,Renters,Theft,2026-01-24,2026-01-25,11322.22,8505.45,Approved,7.0,False
CLM002442,POL817302,49,VA,Auto,Weather Damage,2026-09-12,2026-09-17,43419.02,0.0,Denied,8.0,False
CLM002443,POL334087,40,MD,Renters,Fire,2025-11-29,2025-12-03,28180.4,24229.18,Approved,13.0,False
CLM002444,POL765235,79,NJ,Home,Water Damage,2026-09-03,2026-09-06,32000.27,0.0,Pending,,False
CLM002445,POL457921,58,MA,Auto,Glass Damage,2026-06-10,2026-06-10,17180.92,14641.49,Approved,29.0,True
CLM002446,POL138679,81,CT,Life,Life Benefit,2025-09-27,2025-09-29,7490.56,6113.86,Approved,5.0,False
CLM002447,POL332283,62,PA,Home,Property Damage,2026-07-23,2026-07-29,43003.81,36841.19,Approved,19.0,False
CLM002448,POL220743,68,NY,Renters,Water Damage,2026-05-30,2026-05-31,16681.8,0.0,Denied,24.0,False
CLM002449,POL748490,83,PA,Life,Life Benefit,2026-07-11,2026-07-13,25125.88,0.0,Denied,44.0,False
CLM002450,POL693355,44,NY,Home,Fire,2025-10-13,2025-10-18,25484.67,0.0,Denied,44.0,False
CLM002451,POL163495,61,IL,Life,Life Benefit,2026-06-13,2026-06-14,45834.17,37411.68,Approved,30.0,False
CLM002452,POL553725,66,OH,Home,Theft,2025-12-23,2025-12-24,5542.34,3880.55,Approved,7.0,False
CLM002453,POL941543,44,NY,Renters,Fire,2026-07-10,2026-07-15,36696.73,30967.51,Approved,6.0,True
CLM002454,POL708928,41,MI,Renters,Fire,2026-02-12,2026-02-18,46548.63,0.0,Pending,,False
CLM002455,POL588156,85,NJ,Auto,Theft,2026-07-03,2026-07-07,46246.54,41214.33,Approved,13.0,False
CLM002456,POL699403,24,MA,Renters,Water Damage,2026-01-03,2026-01-10,48801.96,45401.48,Approved,19.0,False
CLM002457,POL760240,58,MA,Renters,Water Damage,2025-09-26,2025-09-29,26033.29,20094.11,Approved,21.0,False
CLM002458,POL328605,57,MD,Life,Life Benefit,2025-10-30,2025-10-31,25940.22,0.0,Denied,10.0,False
CLM002459,POL385834,66,NY,Renters,Property Damage,2026-07-14,2026-07-20,25601.11,0.0,Denied,35.0,False
CLM002460,POL774888,43,MA,Auto,Glass Damage,2026-06-12,2026-06-12,9680.25,0.0,Denied,13.0,False
CLM002461,POL103005,85,MI,Home,Theft,2026-09-03,2026-09-05,37693.79,28053.48,Approved,18.0,False
CLM002462,POL812867,45,MA,Auto,Weather Damage,2026-05-18,2026-05-20,47046.88,42040.41,Approved,20.0,False
CLM002463,POL921900,76,VA,Renters,Water Damage,2025-10-06,2025-10-06,38942.65,32265.89,Approved,9.0,False
CLM002464,POL732544,26,OH,Auto,Collision,2026-05-02,2026-05-05,5652.99,5247.56,Approved,5.0,False
CLM002465,POL640930,54,MA,Auto,Glass Damage,2026-06-22,2026-06-24,14657.48,0.0,Pending,,False
CLM002466,POL874624,42,OH,Life,Life Benefit,2025-10-19,2025-10-25,2325.01,2283.55,Approved,23.0,False
CLM002467,POL115819,66,CT,Auto,Glass Damage,2026-08-10,2026-08-13,13587.72,0.0,Denied,16.0,False
CLM002468,POL105322,61,OH,Renters,Water Damage,2025-12-02,2025-12-07,7570.01,0.0,Denied,32.0,False
CLM002469,POL183063,74,OH,Life,Life Benefit,2025-11-21,2025-11-24,32015.51,23389.54,Approved,27.0,False
CLM002470,POL391826,40,VA,Home,Theft,2025-11-22,2025-11-23,24467.02,23216.94,Approved,27.0,False
CLM002471,POL870765,47,MA,Life,Life Benefit,2025-11-16,2025-11-17,46697.02,37067.08,Approved,25.0,False
CLM002472,POL809708,62,CT,Renters,Fire,2026-05-08,2026-05-11,6157.0,5660.76,Approved,16.0,False
CLM002473,POL783693,64,NY,Renters,Theft,2026-06-06,2026-06-10,14301.19,13069.25,Approved,21.0,False
CLM002474,POL780655,29,IL,Home,Theft,2026-03-06,2026-03-06,25840.96,0.0,Pending,,False
CLM002475,POL796370,71,PA,Auto,Collision,2026-02-02,2026-02-03,39584.68,0.0,Denied,3.0,False
CLM002476,POL982498,44,VA,Renters,Water Damage,2026-01-14,2026-01-21,45353.84,42858.55,Approved,15.0,False
CLM002477,POL963003,60,NJ,Life,Life Benefit,2026-08-08,2026-08-10,3883.39,3591.75,Approved,23.0,False
CLM002478,POL395153,31,MA,Life,Life Benefit,2026-03-20,2026-03-23,30362.52,22516.12,Approved,30.0,False
CLM002479,POL249175,37,VA,Life,Life Benefit,2026-07-11,2026-07-17,29016.58,22270.29,Approved,4.0,False
CLM002480,POL201908,19,MA,Renters,Theft,2025-09-27,2025-10-01,41397.38,37314.29,Approved,28.0,False
CLM002481,POL539102,23,IL,Auto,Collision,2026-03-01,2026-03-01,19352.92,16696.99,Approved,20.0,False
CLM002482,POL612189,19,MD,Life,Life Benefit,2026-08-01,2026-08-02,11199.86,8250.6,Approved,10.0,False
CLM002483,POL188035,27,OH,Auto,Glass Damage,2026-05-06,2026-05-09,26362.89,0.0,Pending,,False
CLM002484,POL608630,66,OH,Auto,Glass Damage,2026-03-21,2026-03-23,8757.19,0.0,Denied,17.0,False
CLM002485,POL674562,34,MD,Home,Theft,2025-11-25,2025-12-01,35683.08,32595.78,Approved,4.0,False
CLM002486,POL104913,19,NJ,Auto,Glass Damage,2026-07-20,2026-07-22,45979.52,44891.4,Approved,17.0,False
CLM002487,POL461889,54,CT,Auto,Theft,2025-12-03,2025-12-03,9319.8,6782.7,Approved,3.0,False
CLM002488,POL225798,48,NY,Life,Life Benefit,2026-07-29,2026-07-31,31996.37,0.0,Pending,,False
CLM002489,POL904569,32,VA,Life,Life Benefit,2026-06-17,2026-06-20,25203.16,21541.41,Approved,7.0,False
CLM002490,POL235480,74,MA,Life,Life Benefit,2026-02-01,2026-02-05,33290.37,0.0,Denied,21.0,False
CLM002491,POL984207,36,VA,Auto,Theft,2026-06-21,2026-06-26,30952.06,30257.46,Approved,28.0,False
CLM002492,POL443558,34,CT,Renters,Property Damage,2025-09-25,2025-10-02,14882.87,10737.37,Approved,28.0,False
CLM002493,POL364371,22,NY,Life,Life Benefit,2026-04-04,2026-04-08,7306.12,6046.67,Approved,11.0,False
CLM002494,POL510099,37,MA,Home,Water Damage,2026-04-21,2026-04-23,4603.91,4198.32,Approved,25.0,False
CLM002495,POL621339,53,MI,Auto,Theft,2026-01-28,2026-01-30,21273.05,19696.06,Approved,22.0,False
CLM002496,POL473179,73,MA,Home,Fire,2026-07-24,2026-07-30,5869.68,4479.25,Approved,4.0,False
CLM002497,POL708847,50,VA,Life,Life Benefit,2026-01-26,2026-01-27,35849.87,34886.7,Approved,10.0,False
CLM002498,POL590311,58,PA,Auto,Collision,2026-01-30,2026-02-06,2800.73,2138.73,Approved,28.0,True
CLM002499,POL835885,65,PA,Life,Life Benefit,2026-02-06,2026-02-09,12144.11,11761.78,Approved,28.0,False
CLM002500,POL266330,30,NJ,Auto,Collision,2026-07-21,2026-07-27,4390.72,4070.67,Approved,16.0,False
CLM002501,POL723319,47,NY,Home,Property Damage,2026-07-03,2026-07-05,23432.5,0.0,Denied,23.0,False
CLM002502,POL480222,65,PA,Home,Fire,2026-01-05,2026-01-09,43471.41,0.0,Denied,43.0,False
CLM002503,POL846784,25,MA,Renters,Water Damage,2026-05-24,2026-05-27,20047.37,18632.27,Approved,13.0,False
CLM002504,POL411496,80,MD,Renters,Theft,2026-01-25,2026-01-25,46542.96,41638.17,Approved,26.0,False
CLM002505,POL489676,64,OH,Home,Fire,2025-12-28,2026-01-01,21110.74,20817.64,Approved,27.0,False
CLM002506,POL485817,37,OH,Renters,Water Damage,2026-02-05,2026-02-12,11446.42,0.0,Denied,39.0,False
CLM002507,POL267925,45,OH,Renters,Theft,2026-08-03,2026-08-06,24029.86,21132.08,Approved,21.0,False
CLM002508,POL492986,57,CT,Auto,Weather Damage,2026-01-02,2026-01-06,46015.98,42107.66,Approved,28.0,False
CLM002509,POL656426,71,MI,Life,Life Benefit,2025-11-01,2025-11-05,5941.99,0.0,Denied,38.0,False
CLM002510,POL220902,85,VA,Home,Water Damage,2026-05-19,2026-05-23,36401.11,34372.79,Approved,8.0,False
CLM002511,POL493564,47,NJ,Renters,Property Damage,2025-10-21,2025-10-26,546.67,0.0,Denied,43.0,False
CLM002512,POL890854,53,MI,Auto,Theft,2026-01-22,2026-01-29,31262.62,25408.29,Approved,27.0,False
CLM002513,POL884220,51,CT,Life,Life Benefit,2026-01-08,2026-01-09,12274.73,11222.01,Approved,17.0,False
CLM002514,POL610460,65,CT,Auto,Theft,2025-10-18,2025-10-21,43474.4,0.0,Denied,34.0,True
CLM002515,POL301918,74,MD,Renters,Fire,2025-10-21,2025-10-26,33397.13,30860.82,Approved,17.0,True
CLM002516,POL320387,21,OH,Home,Theft,2025-10-14,2025-10-21,6923.51,5258.33,Approved,26.0,True
CLM002517,POL657520,71,PA,Auto,Glass Damage,2025-10-03,2025-10-05,26614.63,0.0,Denied,40.0,False
CLM002518,POL348496,59,IL,Life,Life Benefit,2026-02-27,2026-03-04,33840.22,26689.72,Approved,30.0,False
CLM002519,POL802147,66,MD,Auto,Collision,2026-04-23,2026-04-24,8205.2,5876.74,Approved,24.0,False
CLM002520,POL998606,32,OH,Auto,Theft,2026-02-28,2026-03-02,40162.59,39742.9,Approved,4.0,False
CLM002521,POL598530,48,OH,Auto,Glass Damage,2026-02-24,2026-03-02,12053.23,0.0,Denied,22.0,False
CLM002522,POL417439,32,PA,Life,Life Benefit,2026-01-20,2026-01-23,12828.8,0.0,Pending,,False
CLM002523,POL911222,62,NJ,Auto,Collision,2025-12-29,2026-01-01,16701.33,16529.39,Approved,20.0,False
CLM002524,POL726929,22,PA,Life,Life Benefit,2025-11-20,2025-11-21,33518.45,32178.06,Approved,12.0,False
CLM002525,POL358906,80,VA,Home,Fire,2025-12-21,2025-12-25,46188.56,44848.03,Approved,21.0,True
CLM002526,POL296779,18,IL,Renters,Water Damage,2026-02-03,2026-02-04,23839.28,22928.21,Approved,10.0,False
CLM002527,POL745431,35,PA,Renters,Water Damage,2026-03-19,2026-03-26,25787.04,22647.38,Approved,22.0,False
CLM002528,POL998430,51,MA,Home,Property Damage,2026-07-31,2026-08-06,16173.5,0.0,Denied,39.0,False
CLM002529,POL172964,70,PA,Auto,Theft,2026-03-23,2026-03-29,5442.7,4119.72,Approved,21.0,True
CLM002530,POL451335,56,MI,Life,Life Benefit,2026-01-23,2026-01-27,47415.23,43927.37,Approved,29.0,True
CLM002531,POL430383,73,NY,Auto,Glass Damage,2025-12-11,2025-12-18,24265.47,0.0,Denied,39.0,False
CLM002532,POL519080,30,OH,Home,Water Damage,2026-07-16,2026-07-18,39409.83,36242.75,Approved,5.0,False
CLM002533,POL928325,25,NY,Auto,Weather Damage,2026-07-21,2026-07-27,28032.5,24112.33,Approved,22.0,False
CLM002534,POL928446,78,PA,Home,Theft,2026-03-18,2026-03-23,25454.7,0.0,Denied,3.0,False
CLM002535,POL712236,20,NY,Life,Life Benefit,2026-04-14,2026-04-14,21283.0,16318.84,Approved,27.0,True
CLM002536,POL130206,43,IL,Renters,Property Damage,2026-06-26,2026-06-28,34484.42,0.0,Denied,35.0,False
CLM002537,POL887179,61,OH,Life,Life Benefit,2026-03-27,2026-03-29,4381.06,0.0,Denied,34.0,False
CLM002538,POL783470,66,MA,Life,Life Benefit,2025-12-27,2026-01-02,6919.83,6274.86,Approved,16.0,False
CLM002539,POL505144,59,NJ,Renters,Fire,2026-08-05,2026-08-10,19891.87,14870.92,Approved,11.0,False
CLM002540,POL446893,53,VA,Renters,Theft,2026-02-06,2026-02-13,26338.3,24322.93,Approved,25.0,False
CLM002541,POL229740,42,PA,Life,Life Benefit,2025-09-15,2025-09-21,27526.09,22597.76,Approved,18.0,False
CLM002542,POL548459,84,NY,Life,Life Benefit,2026-08-11,2026-08-15,34929.48,0.0,Denied,26.0,False
CLM002543,POL647576,51,NY,Renters,Fire,2026-07-02,2026-07-07,7871.52,5764.5,Approved,24.0,True
CLM002544,POL743273,84,NY,Renters,Property Damage,2026-07-13,2026-07-14,22245.51,0.0,Denied,41.0,False
CLM002545,POL853333,78,IL,Home,Property Damage,2026-02-07,2026-02-14,1982.86,1962.37,Approved,29.0,False
CLM002546,POL799343,40,OH,Auto,Collision,2026-07-31,2026-08-02,18387.1,14343.39,Approved,8.0,False
CLM002547,POL911294,62,NY,Home,Theft,2026-06-16,2026-06-22,2456.67,2111.02,Approved,29.0,False
CLM002548,POL287368,19,IL,Life,Life Benefit,2025-12-03,2025-12-08,24821.89,21790.71,Approved,19.0,False
CLM002549,POL679190,57,NY,Home,Water Damage,2026-03-12,2026-03-13,22886.4,0.0,Denied,42.0,False
CLM002550,POL124956,45,NJ,Life,Life Benefit,2026-01-01,2026-01-03,39430.83,0.0,Denied,21.0,False
CLM002551,POL569996,83,NY,Home,Water Damage,2026-04-21,2026-04-23,16215.5,14525.15,Approved,18.0,False
CLM002552,POL534213,20,NY,Home,Water Damage,2026-07-03,2026-07-05,33075.81,29316.39,Approved,9.0,False
CLM002553,POL394014,20,CT,Renters,Water Damage,2026-06-02,2026-06-07,38362.28,35637.5,Approved,9.0,False
CLM002554,POL415217,55,VA,Life,Life Benefit,2025-09-27,2025-09-28,44956.56,39047.74,Approved,5.0,False
CLM002555,POL982360,29,MA,Home,Water Damage,2025-12-02,2025-12-04,11302.25,0.0,Pending,,False
CLM002556,POL732786,55,VA,Home,Fire,2025-10-09,2025-10-11,4160.39,3204.4,Approved,10.0,False
CLM002557,POL298451,43,PA,Auto,Glass Damage,2026-06-06,2026-06-09,7463.67,6603.97,Approved,25.0,False
CLM002558,POL941359,78,MI,Life,Life Benefit,2025-12-19,2025-12-26,2054.57,1946.69,Approved,17.0,False
CLM002559,POL958695,23,IL,Auto,Collision,2025-12-08,2025-12-09,41250.38,33127.27,Approved,4.0,False
CLM002560,POL979744,29,CT,Auto,Collision,2026-08-07,2026-08-08,28517.65,0.0,Denied,6.0,False
CLM002561,POL396810,72,NY,Home,Property Damage,2026-06-09,2026-06-11,36260.55,27818.36,Approved,7.0,False
CLM002562,POL670049,45,MI,Renters,Fire,2026-04-24,2026-04-24,26887.18,23931.72,Approved,21.0,True
CLM002563,POL532327,53,MA,Home,Water Damage,2026-05-04,2026-05-07,46612.26,40576.2,Approved,23.0,False
CLM002564,POL663169,70,VA,Life,Life Benefit,2026-04-11,2026-04-14,49765.32,45150.92,Approved,16.0,True
CLM002565,POL898064,73,OH,Renters,Fire,2026-03-01,2026-03-06,45438.75,0.0,Denied,18.0,False
CLM002566,POL787996,56,PA,Home,Theft,2026-03-14,2026-03-14,31394.79,30443.35,Approved,14.0,False
CLM002567,POL489432,27,IL,Life,Life Benefit,2026-06-01,2026-06-07,47705.96,0.0,Denied,33.0,False
CLM002568,POL337956,22,VA,Home,Property Damage,2025-10-14,2025-10-18,11964.76,11781.74,Approved,16.0,False
CLM002569,POL787644,83,PA,Renters,Fire,2026-04-04,2026-04-09,34881.82,33667.39,Approved,25.0,False
CLM002570,POL334772,56,NJ,Life,Life Benefit,2026-07-03,2026-07-08,8637.43,8439.21,Approved,7.0,True
CLM002571,POL750176,85,NY,Renters,Fire,2026-04-30,2026-05-01,7894.13,0.0,Pending,,False
CLM002572,POL176447,25,VA,Home,Theft,2026-08-07,2026-08-12,11898.39,9102.88,Approved,15.0,False
CLM002573,POL240400,31,PA,Auto,Glass Damage,2026-07-03,2026-07-09,19159.1,18894.27,Approved,11.0,False
CLM002574,POL964621,28,MI,Auto,Theft,2026-02-27,2026-03-02,16150.04,12493.27,Approved,17.0,False
CLM002575,POL646056,26,PA,Home,Water Damage,2026-08-22,2026-08-28,35418.95,0.0,Pending,,True
CLM002576,POL503565,69,PA,Life,Life Benefit,2026-07-12,2026-07-19,10897.71,8516.61,Approved,4.0,False
CLM002577,POL104793,65,MA,Life,Life Benefit,2026-02-07,2026-02-11,12317.41,0.0,Pending,,False
CLM002578,POL654229,82,MI,Auto,Weather Damage,2025-11-11,2025-11-18,42142.6,33854.06,Approved,29.0,False
CLM002579,POL657222,46,VA,Life,Life Benefit,2026-06-17,2026-06-22,39626.8,32252.6,Approved,26.0,False
CLM002580,POL769279,21,PA,Home,Property Damage,2025-11-06,2025-11-06,1889.15,0.0,Pending,,False
CLM002581,POL283554,81,CT,Renters,Fire,2025-11-02,2025-11-09,8241.65,7792.21,Approved,6.0,False
CLM002582,POL296826,35,MD,Life,Life Benefit,2025-11-12,2025-11-17,4371.85,3278.95,Approved,22.0,False
CLM002583,POL841289,46,IL,Renters,Property Damage,2026-02-28,2026-03-04,13258.71,11361.25,Approved,16.0,False
CLM002584,POL790815,83,MI,Renters,Fire,2026-01-23,2026-01-28,26556.38,19816.81,Approved,10.0,False
CLM002585,POL405336,52,IL,Home,Property Damage,2026-04-14,2026-04-20,35768.05,0.0,Denied,13.0,True
CLM002586,POL332446,59,MI,Auto,Glass Damage,2026-01-23,2026-01-30,1105.77,939.06,Approved,6.0,False
CLM002587,POL566221,70,NJ,Home,Water Damage,2026-01-28,2026-01-28,25042.91,20496.09,Approved,15.0,False
CLM002588,POL631735,29,MI,Auto,Collision,2026-05-17,2026-05-20,5179.99,3868.67,Approved,12.0,False
CLM002589,POL885273,69,NY,Life,Life Benefit,2025-10-25,2025-10-28,18985.28,17797.64,Approved,24.0,False
CLM002590,POL731312,42,NJ,Renters,Property Damage,2026-08-26,2026-08-29,998.18,0.0,Denied,24.0,False
CLM002591,POL934528,60,NJ,Home,Water Damage,2026-02-22,2026-02-23,37646.68,0.0,Denied,38.0,False
CLM002592,POL376757,32,MI,Home,Water Damage,2026-05-26,2026-06-02,32254.13,29879.84,Approved,17.0,False
CLM002593,POL952432,60,NJ,Renters,Property Damage,2026-05-09,2026-05-09,4584.55,0.0,Denied,14.0,False
CLM002594,POL846095,31,MI,Auto,Weather Damage,2025-12-21,2025-12-21,40449.82,38606.91,Approved,10.0,False
CLM002595,POL498166,49,NJ,Home,Property Damage,2025-10-14,2025-10-18,38538.68,27639.28,Approved,30.0,False
CLM002596,POL488358,42,MA,Life,Life Benefit,2025-10-02,2025-10-02,19619.49,15497.87,Approved,14.0,False
CLM002597,POL448673,78,CT,Life,Life Benefit,2025-12-12,2025-12-16,48219.95,45221.69,Approved,20.0,False
CLM002598,POL606122,50,VA,Life,Life Benefit,2025-09-24,2025-09-26,40485.08,0.0,Pending,,False
CLM002599,POL307629,43,MI,Life,Life Benefit,2026-07-30,2026-07-31,13528.45,11872.43,Approved,16.0,False
CLM002600,POL647908,41,MA,Auto,Glass Damage,2026-03-23,2026-03-24,20849.51,15780.92,Approved,25.0,False
CLM002601,POL264957,44,MA,Home,Theft,2026-07-10,2026-07-13,47001.73,40943.65,Approved,12.0,False
CLM002602,POL381421,43,MI,Home,Water Damage,2026-09-12,2026-09-17,32939.65,29620.07,Approved,29.0,False
CLM002603,POL271748,71,MD,Life,Life Benefit,2026-09-08,2026-09-08,17549.71,13641.25,Approved,6.0,False
CLM002604,POL685489,85,OH,Home,Property Damage,2026-03-01,2026-03-02,46826.48,35704.98,Approved,17.0,False
CLM002605,POL215133,66,NJ,Home,Fire,2025-09-23,2025-09-26,40707.3,36962.29,Approved,21.0,False
CLM002606,POL217497,19,OH,Life,Life Benefit,2026-05-01,2026-05-06,27263.4,0.0,Denied,29.0,False
CLM002607,POL920661,68,MD,Home,Fire,2026-09-04,2026-09-05,48694.42,0.0,Denied,30.0,False
CLM002608,POL261408,29,NJ,Life,Life Benefit,2026-07-30,2026-07-30,43623.88,0.0,Denied,28.0,False
CLM002609,POL301327,18,CT,Auto,Weather Damage,2026-05-17,2026-05-18,28375.99,25835.13,Approved,28.0,False
CLM002610,POL170291,51,IL,Renters,Water Damage,2026-06-26,2026-07-02,3955.45,3497.86,Approved,6.0,False
CLM002611,POL797963,64,NJ,Auto,Collision,2026-01-08,2026-01-08,45710.89,0.0,Denied,20.0,False
CLM002612,POL424163,34,NJ,Renters,Property Damage,2026-07-20,2026-07-20,1731.04,0.0,Denied,43.0,True
CLM002613,POL723303,45,CT,Renters,Theft,2026-02-09,2026-02-10,6771.56,5028.87,Approved,3.0,False
CLM002614,POL904928,69,IL,Renters,Fire,2026-08-08,2026-08-11,23917.57,0.0,Pending,,False
CLM002615,POL963579,56,MI,Auto,Glass Damage,2026-03-24,2026-03-28,43202.27,0.0,Denied,10.0,False
CLM002616,POL317042,76,IL,Life,Life Benefit,2026-06-21,2026-06-24,19886.44,18941.92,Approved,4.0,False
CLM002617,POL471289,67,MI,Auto,Theft,2026-01-26,2026-02-01,7383.52,0.0,Denied,17.0,False
CLM002618,POL495738,81,OH,Auto,Weather Damage,2026-04-09,2026-04-12,3028.22,2285.89,Approved,13.0,False
CLM002619,POL963357,28,PA,Life,Life Benefit,2025-10-30,2025-11-05,28001.07,24728.94,Approved,17.0,False
CLM002620,POL613372,31,NY,Life,Life Benefit,2026-04-29,2026-05-04,18149.17,0.0,Denied,45.0,False
CLM002621,POL727182,59,CT,Renters,Fire,2025-10-05,2025-10-05,48470.03,0.0,Denied,4.0,False
CLM002622,POL799818,60,PA,Home,Property Damage,2026-09-02,2026-09-04,21084.84,20377.31,Approved,9.0,False
CLM002623,POL275115,82,MI,Auto,Glass Damage,2025-09-16,2025-09-22,39820.81,29841.18,Approved,29.0,False
CLM002624,POL391567,77,OH,Home,Water Damage,2025-12-19,2025-12-19,3445.64,2719.57,Approved,24.0,True
CLM002625,POL983824,80,PA,Life,Life Benefit,2026-04-17,2026-04-21,46620.16,38911.65,Approved,17.0,False
CLM002626,POL485860,65,MD,Auto,Collision,2025-11-02,2025-11-08,31998.58,24762.81,Approved,23.0,False
CLM002627,POL962111,72,MA,Life,Life Benefit,2026-05-13,2026-05-16,34953.3,25510.28,Approved,8.0,False
CLM002628,POL788358,58,MD,Life,Life Benefit,2026-04-20,2026-04-27,28037.43,27208.85,Approved,11.0,True
CLM002629,POL254336,85,NJ,Auto,Weather Damage,2026-05-31,2026-06-01,22556.53,21961.3,Approved,11.0,False
CLM002630,POL205997,31,VA,Home,Theft,2026-06-22,2026-06-22,5095.12,0.0,Denied,23.0,False
CLM002631,POL270848,49,PA,Home,Water Damage,2025-12-28,2026-01-01,23535.46,22484.67,Approved,27.0,False
CLM002632,POL485912,84,MA,Home,Water Damage,2026-03-28,2026-04-03,37986.59,0.0,Denied,26.0,False
CLM002633,POL989605,34,NJ,Home,Theft,2026-01-23,2026-01-25,908.67,653.96,Approved,26.0,False
CLM002634,POL771055,30,VA,Renters,Fire,2026-05-24,2026-05-26,33043.61,23292.4,Approved,2.0,False
CLM002635,POL894803,59,MI,Renters,Property Damage,2025-12-06,2025-12-10,621.2,500.81,Approved,24.0,True
CLM002636,POL126944,35,OH,Home,Fire,2026-09-13,2026-09-17,29809.49,22890.97,Approved,2.0,True
CLM002637,POL209017,85,MA,Renters,Property Damage,2025-12-07,2025-12-07,29886.09,23517.74,Approved,10.0,False
CLM002638,POL718504,32,IL,Life,Life Benefit,2025-11-10,2025-11-16,18267.25,0.0,Denied,27.0,False
CLM002639,POL351405,85,MI,Renters,Theft,2025-12-25,2025-12-28,3780.1,3098.15,Approved,13.0,False
CLM002640,POL312470,22,IL,Home,Property Damage,2026-08-20,2026-08-20,7911.64,7846.93,Approved,25.0,False
CLM002641,POL975709,73,PA,Life,Life Benefit,2026-02-28,2026-03-03,3974.35,3286.11,Approved,14.0,False
CLM002642,POL891601,32,CT,Home,Theft,2026-08-20,2026-08-25,29577.01,23316.06,Approved,5.0,False
CLM002643,POL607384,41,MA,Renters,Property Damage,2026-08-06,2026-08-07,6485.64,5575.62,Approved,24.0,False
CLM002644,POL634446,84,MD,Home,Property Damage,2025-10-17,2025-10-18,12279.95,8861.3,Approved,9.0,False
CLM002645,POL152310,84,MA,Auto,Weather Damage,2026-06-29,2026-07-04,42298.77,41230.59,Approved,2.0,False
CLM002646,POL234103,59,IL,Home,Fire,2026-03-17,2026-03-19,4143.27,3117.26,Approved,25.0,False
CLM002647,POL707332,54,MA,Home,Water Damage,2025-09-20,2025-09-25,16443.41,15144.13,Approved,5.0,False
CLM002648,POL984858,77,VA,Home,Theft,2025-11-02,2025-11-07,8621.02,6960.14,Approved,21.0,False
CLM002649,POL826038,38,MA,Home,Fire,2026-08-19,2026-08-19,4593.19,4371.43,Approved,30.0,False
CLM002650,POL575721,50,MI,Auto,Collision,2026-03-25,2026-03-29,22808.15,16621.71,Approved,3.0,False
CLM002651,POL244718,72,MD,Renters,Property Damage,2025-12-17,2025-12-24,2289.51,0.0,Pending,,False
CLM002652,POL139086,81,PA,Auto,Weather Damage,2026-09-05,2026-09-09,18304.35,0.0,Denied,38.0,False
CLM002653,POL578909,48,NY,Auto,Theft,2026-07-21,2026-07-27,21656.35,19752.04,Approved,16.0,False
CLM002654,POL262558,44,MD,Renters,Fire,2026-02-19,2026-02-20,41406.31,38251.05,Approved,5.0,False
CLM002655,POL780834,52,NJ,Life,Life Benefit,2025-09-23,2025-09-26,8054.77,7471.49,Approved,11.0,True
CLM002656,POL614003,28,MA,Life,Life Benefit,2026-07-22,2026-07-24,42505.17,0.0,Denied,5.0,False
CLM002657,POL271541,38,CT,Auto,Weather Damage,2026-05-11,2026-05-17,41395.64,0.0,Pending,,False
CLM002658,POL714402,26,NY,Home,Water Damage,2026-03-19,2026-03-19,12052.61,9260.33,Approved,13.0,False
CLM002659,POL967514,64,PA,Auto,Theft,2026-04-29,2026-05-05,43340.83,39032.71,Approved,24.0,False
CLM002660,POL824030,19,NY,Auto,Theft,2026-01-26,2026-02-01,8926.65,6699.79,Approved,12.0,False
CLM002661,POL494496,53,MA,Home,Theft,2026-03-08,2026-03-08,30273.55,0.0,Denied,13.0,False
CLM002662,POL709699,63,MI,Auto,Glass Damage,2026-03-28,2026-03-30,30215.82,25968.21,Approved,22.0,False
CLM002663,POL665390,45,NJ,Home,Fire,2026-06-27,2026-07-03,15922.43,11817.63,Approved,6.0,True
CLM002664,POL998923,68,MA,Auto,Theft,2025-09-18,2025-09-22,38423.77,0.0,Pending,,False
CLM002665,POL618471,29,NJ,Life,Life Benefit,2025-11-17,2025-11-22,13429.15,9707.66,Approved,20.0,False
CLM002666,POL984035,50,IL,Renters,Property Damage,2026-01-03,2026-01-10,36901.8,34174.68,Approved,30.0,False
CLM002667,POL108271,29,OH,Life,Life Benefit,2026-02-26,2026-03-04,1999.98,1652.21,Approved,20.0,False
CLM002668,POL544218,79,PA,Auto,Weather Damage,2026-06-03,2026-06-03,23867.35,0.0,Pending,,False
CLM002669,POL749741,36,MD,Auto,Theft,2026-06-16,2026-06-18,31028.67,0.0,Denied,25.0,False
CLM002670,POL634633,78,IL,Life,Life Benefit,2026-03-23,2026-03-29,18814.55,17667.4,Approved,15.0,False
CLM002671,POL385964,65,CT,Renters,Water Damage,2026-05-19,2026-05-21,5004.3,0.0,Denied,43.0,False
CLM002672,POL655653,46,OH,Auto,Collision,2026-01-01,2026-01-01,12536.84,12050.07,Approved,28.0,False
CLM002673,POL981959,43,NJ,Renters,Water Damage,2026-03-26,2026-03-30,11011.64,0.0,Denied,24.0,False
CLM002674,POL995261,51,NJ,Home,Water Damage,2026-09-06,2026-09-12,13035.63,0.0,Denied,18.0,True
CLM002675,POL221956,57,MA,Life,Life Benefit,2026-02-19,2026-02-26,20753.43,0.0,Denied,24.0,False
CLM002676,POL215279,48,NJ,Life,Life Benefit,2025-11-02,2025-11-02,11562.01,8552.82,Approved,26.0,False
CLM002677,POL501988,54,MD,Renters,Property Damage,2025-10-25,2025-10-27,10884.43,0.0,Pending,,False
CLM002678,POL772999,63,MA,Life,Life Benefit,2026-04-21,2026-04-28,30052.21,22091.19,Approved,8.0,False
CLM002679,POL716773,85,OH,Renters,Fire,2025-11-26,2025-11-28,36207.45,30947.11,Approved,29.0,False
CLM002680,POL693152,63,IL,Auto,Theft,2026-04-11,2026-04-15,20912.55,0.0,Denied,34.0,False
CLM002681,POL208527,54,MA,Auto,Weather Damage,2026-07-22,2026-07-22,32340.26,0.0,Denied,23.0,False
CLM002682,POL116056,71,NJ,Auto,Theft,2026-02-15,2026-02-20,5246.41,4341.78,Approved,2.0,False
CLM002683,POL229215,63,CT,Renters,Water Damage,2026-06-28,2026-06-30,10513.58,10253.03,Approved,22.0,True
CLM002684,POL353182,64,MA,Auto,Collision,2026-08-18,2026-08-18,29276.71,21731.6,Approved,3.0,False
CLM002685,POL516737,19,CT,Renters,Theft,2026-03-16,2026-03-23,35303.68,27349.6,Approved,2.0,False
CLM002686,POL936392,37,CT,Renters,Water Damage,2025-09-22,2025-09-29,12935.4,10921.73,Approved,4.0,False
CLM002687,POL706250,55,OH,Auto,Theft,2025-10-02,2025-10-05,5107.27,3982.41,Approved,12.0,False
CLM002688,POL231941,36,MA,Auto,Collision,2025-11-21,2025-11-21,7279.29,6015.27,Approved,19.0,False
CLM002689,POL519250,19,IL,Home,Fire,2025-12-10,2025-12-10,13724.16,0.0,Denied,33.0,False
CLM002690,POL697725,35,OH,Auto,Collision,2026-05-06,2026-05-13,48276.99,47642.85,Approved,4.0,False
CLM002691,POL769107,75,OH,Home,Fire,2026-08-17,2026-08-17,31116.39,27607.08,Approved,19.0,False
CLM002692,POL781956,55,PA,Home,Water Damage,2025-09-21,2025-09-23,760.06,578.04,Approved,24.0,False
CLM002693,POL391983,58,NJ,Home,Fire,2026-07-04,2026-07-09,24487.19,21867.97,Approved,10.0,False
CLM002694,POL424774,84,PA,Home,Property Damage,2026-02-05,2026-02-07,16250.6,0.0,Denied,43.0,False
CLM002695,POL635473,73,NY,Life,Life Benefit,2026-03-18,2026-03-19,39149.09,0.0,Pending,,False
CLM002696,POL318892,41,MD,Life,Life Benefit,2026-04-26,2026-04-29,30468.9,28515.94,Approved,21.0,False
CLM002697,POL251906,28,CT,Life,Life Benefit,2025-12-15,2025-12-22,45820.49,41155.83,Approved,9.0,False
CLM002698,POL559159,67,MA,Renters,Water Damage,2026-06-06,2026-06-11,36417.68,30046.28,Approved,23.0,False
CLM002699,POL616728,27,OH,Life,Life Benefit,2026-07-02,2026-07-09,11747.81,0.0,Denied,28.0,False
CLM002700,POL614222,66,NJ,Renters,Fire,2026-03-10,2026-03-13,5081.51,0.0,Denied,6.0,False
CLM002701,POL232410,21,PA,Renters,Fire,2025-10-24,2025-10-25,28676.93,25967.44,Approved,23.0,False
CLM002702,POL782960,40,NJ,Renters,Fire,2026-02-19,2026-02-19,41841.09,41275.12,Approved,7.0,False
CLM002703,POL746006,76,VA,Auto,Theft,2025-10-12,2025-10-14,10433.34,0.0,Denied,26.0,False
CLM002704,POL644511,50,IL,Auto,Weather Damage,2026-02-18,2026-02-22,41758.92,0.0,Denied,11.0,False
CLM002705,POL769502,79,IL,Renters,Theft,2026-09-07,2026-09-09,40996.14,39257.92,Approved,24.0,False
CLM002706,POL122234,63,PA,Home,Water Damage,2025-11-23,2025-11-24,14026.54,10004.33,Approved,14.0,False
CLM002707,POL154013,56,MI,Auto,Collision,2026-05-28,2026-05-31,36007.69,28754.88,Approved,6.0,False
CLM002708,POL535713,68,OH,Home,Theft,2026-06-14,2026-06-21,41994.52,0.0,Pending,,False
CLM002709,POL440007,62,VA,Renters,Fire,2026-01-10,2026-01-12,19241.4,17517.52,Approved,20.0,False
CLM002710,POL758804,31,PA,Auto,Theft,2025-11-29,2025-12-03,33247.89,30137.2,Approved,13.0,False
CLM002711,POL735234,64,MI,Auto,Weather Damage,2026-06-21,2026-06-23,38587.02,37462.82,Approved,20.0,False
CLM002712,POL442881,41,NJ,Life,Life Benefit,2026-03-28,2026-03-28,6027.68,0.0,Pending,,False
CLM002713,POL976572,68,OH,Auto,Glass Damage,2026-08-06,2026-08-08,26226.94,23497.18,Approved,2.0,False
CLM002714,POL387044,69,NY,Auto,Weather Damage,2026-01-11,2026-01-13,48926.49,40065.92,Approved,19.0,False
CLM002715,POL156870,49,PA,Life,Life Benefit,2026-01-20,2026-01-27,38610.48,0.0,Denied,19.0,False
CLM002716,POL400185,48,OH,Renters,Theft,2026-04-14,2026-04-16,22305.7,22304.96,Approved,9.0,False
CLM002717,POL103853,44,MA,Renters,Theft,2026-02-13,2026-02-16,38223.24,28828.55,Approved,14.0,False
CLM002718,POL282230,18,MD,Renters,Property Damage,2026-01-16,2026-01-22,32983.64,0.0,Pending,,False
CLM002719,POL737922,85,PA,Auto,Weather Damage,2026-02-05,2026-02-12,20614.37,0.0,Denied,5.0,False
CLM002720,POL421878,66,MD,Auto,Theft,2026-03-19,2026-03-19,8096.27,0.0,Denied,3.0,False
CLM002721,POL928433,68,MA,Home,Property Damage,2026-06-07,2026-06-14,47541.39,0.0,Pending,,False
CLM002722,POL560183,51,PA,Home,Water Damage,2026-05-03,2026-05-03,49950.6,47962.97,Approved,4.0,True
CLM002723,POL876011,22,CT,Renters,Fire,2026-03-15,2026-03-22,43125.08,0.0,Pending,,False
CLM002724,POL568615,23,VA,Home,Theft,2026-09-11,2026-09-15,14163.44,10972.48,Approved,9.0,False
CLM002725,POL429259,56,VA,Renters,Fire,2026-03-03,2026-03-03,24028.83,22406.04,Approved,4.0,False
CLM002726,POL893364,69,OH,Home,Fire,2026-06-27,2026-06-27,18875.66,17366.4,Approved,17.0,False
CLM002727,POL308551,65,OH,Renters,Fire,2026-06-05,2026-06-12,45281.09,0.0,Pending,,False
CLM002728,POL685930,27,MD,Life,Life Benefit,2026-03-15,2026-03-16,7307.94,6823.8,Approved,22.0,False
CLM002729,POL386275,26,IL,Auto,Glass Damage,2026-05-20,2026-05-25,5530.99,5280.53,Approved,7.0,False
CLM002730,POL744240,18,PA,Home,Water Damage,2025-11-23,2025-11-27,33370.64,0.0,Pending,,False
CLM002731,POL204132,55,NJ,Life,Life Benefit,2026-04-28,2026-05-05,14349.12,0.0,Denied,27.0,False
CLM002732,POL178658,19,MI,Life,Life Benefit,2026-01-19,2026-01-23,35189.06,28174.16,Approved,30.0,False
CLM002733,POL334573,34,PA,Life,Life Benefit,2026-02-11,2026-02-16,32462.14,31359.09,Approved,21.0,True
CLM002734,POL523581,77,MA,Life,Life Benefit,2025-12-07,2025-12-09,40750.56,0.0,Denied,35.0,True
CLM002735,POL709384,79,CT,Life,Life Benefit,2026-08-30,2026-09-04,41880.38,30060.55,Approved,30.0,False
CLM002736,POL120873,83,MA,Home,Fire,2026-06-07,2026-06-09,7584.02,7439.37,Approved,21.0,False
CLM002737,POL997848,68,MA,Renters,Theft,2025-09-29,2025-10-04,44757.63,41741.12,Approved,19.0,True
CLM002738,POL895270,81,MD,Life,Life Benefit,2026-01-07,2026-01-12,31883.16,27557.56,Approved,19.0,False
CLM002739,POL756433,58,NJ,Auto,Theft,2026-08-23,2026-08-30,44957.55,36617.31,Approved,25.0,False
CLM002740,POL578631,48,PA,Life,Life Benefit,2025-12-19,2025-12-24,34014.99,29158.8,Approved,25.0,False
CLM002741,POL505171,18,IL,Renters,Water Damage,2026-03-24,2026-03-24,18736.29,0.0,Denied,28.0,False
CLM002742,POL207735,34,IL,Home,Theft,2026-02-04,2026-02-07,1953.85,1559.33,Approved,27.0,False
CLM002743,POL465620,20,CT,Life,Life Benefit,2026-01-07,2026-01-07,1715.48,1226.48,Approved,7.0,False
CLM002744,POL970401,40,NY,Home,Fire,2026-06-29,2026-07-03,31643.36,29492.57,Approved,13.0,False
CLM002745,POL193737,74,PA,Auto,Theft,2026-03-27,2026-04-01,42297.28,36450.81,Approved,21.0,False
CLM002746,POL309875,68,NY,Life,Life Benefit,2026-03-11,2026-03-11,9261.4,7419.87,Approved,19.0,False
CLM002747,POL972683,66,MD,Auto,Glass Damage,2025-09-28,2025-10-03,28848.2,27125.04,Approved,30.0,False
CLM002748,POL179797,62,MA,Renters,Fire,2026-05-09,2026-05-10,18796.46,0.0,Denied,43.0,False
CLM002749,POL378098,60,OH,Life,Life Benefit,2026-04-06,2026-04-07,25293.83,19174.92,Approved,29.0,False
CLM002750,POL521105,66,MD,Renters,Property Damage,2025-10-01,2025-10-02,18359.37,15035.62,Approved,21.0,False
CLM002751,POL154078,72,NY,Renters,Property Damage,2025-09-17,2025-09-24,43965.44,32002.96,Approved,2.0,False
CLM002752,POL381036,38,NY,Auto,Weather Damage,2025-12-02,2025-12-02,26344.85,19894.44,Approved,5.0,False
CLM002753,POL896444,50,MA,Renters,Water Damage,2026-04-24,2026-04-26,1663.51,1470.98,Approved,12.0,False
CLM002754,POL743838,56,VA,Home,Water Damage,2026-07-27,2026-08-03,33607.59,23877.22,Approved,2.0,False
CLM002755,POL840803,22,PA,Renters,Water Damage,2025-12-29,2026-01-05,11255.33,8544.61,Approved,21.0,False
CLM002756,POL217586,20,OH,Home,Theft,2025-10-29,2025-10-29,11984.25,0.0,Denied,32.0,False
CLM002757,POL646964,71,OH,Auto,Collision,2025-12-21,2025-12-28,4512.62,4410.45,Approved,18.0,False
CLM002758,POL502991,38,MI,Life,Life Benefit,2026-08-02,2026-08-07,27282.22,27170.26,Approved,21.0,False
CLM002759,POL531236,23,IL,Auto,Weather Damage,2026-08-09,2026-08-15,44741.78,43764.53,Approved,15.0,False
CLM002760,POL449858,84,MA,Home,Property Damage,2025-11-29,2025-11-29,25867.56,23925.08,Approved,20.0,False
CLM002761,POL382794,72,MA,Home,Property Damage,2026-06-11,2026-06-13,35838.89,32366.05,Approved,20.0,False
CLM002762,POL891790,22,NJ,Home,Theft,2025-09-23,2025-09-30,47628.04,39160.83,Approved,22.0,False
CLM002763,POL946005,31,NJ,Home,Theft,2025-11-10,2025-11-11,44006.35,40383.2,Approved,29.0,False
CLM002764,POL787698,29,OH,Auto,Theft,2026-03-02,2026-03-05,20697.69,16873.74,Approved,4.0,False
CLM002765,POL699213,56,IL,Renters,Theft,2026-04-24,2026-04-26,5718.12,5462.55,Approved,14.0,False
CLM002766,POL626638,51,CT,Auto,Glass Damage,2026-07-05,2026-07-07,5178.02,4756.32,Approved,28.0,False
CLM002767,POL211037,34,NY,Auto,Theft,2026-05-22,2026-05-27,6069.66,5598.3,Approved,5.0,False
CLM002768,POL290798,67,CT,Renters,Theft,2026-08-14,2026-08-14,4601.84,4089.59,Approved,16.0,False
CLM002769,POL565485,25,NJ,Renters,Property Damage,2026-09-05,2026-09-11,21415.93,17131.54,Approved,25.0,False
CLM002770,POL168091,31,IL,Life,Life Benefit,2026-01-19,2026-01-20,2702.03,2083.05,Approved,6.0,False
CLM002771,POL603633,55,NY,Life,Life Benefit,2026-02-02,2026-02-05,27631.92,0.0,Denied,28.0,False
CLM002772,POL108501,37,MD,Auto,Weather Damage,2026-03-01,2026-03-06,22026.92,20732.06,Approved,2.0,False
CLM002773,POL855636,59,VA,Renters,Fire,2026-07-23,2026-07-24,33012.47,0.0,Denied,5.0,False
CLM002774,POL588833,60,OH,Home,Property Damage,2025-11-15,2025-11-18,10164.75,9545.16,Approved,2.0,False
CLM002775,POL617177,32,NJ,Life,Life Benefit,2026-03-10,2026-03-16,15163.03,12337.84,Approved,10.0,False
CLM002776,POL594981,24,MD,Home,Fire,2026-01-04,2026-01-05,35496.05,0.0,Pending,,False
CLM002777,POL255214,77,VA,Auto,Weather Damage,2026-03-15,2026-03-21,37428.26,28150.25,Approved,30.0,True
CLM002778,POL250738,62,MA,Auto,Collision,2026-08-05,2026-08-10,47070.53,40111.9,Approved,4.0,False
CLM002779,POL524113,36,CT,Auto,Collision,2025-09-22,2025-09-26,29018.8,27521.0,Approved,8.0,False
CLM002780,POL722895,43,IL,Home,Property Damage,2026-03-18,2026-03-22,654.47,0.0,Denied,27.0,False
CLM002781,POL627834,22,MI,Renters,Property Damage,2026-03-28,2026-04-02,3340.8,3170.87,Approved,26.0,False
CLM002782,POL376878,26,VA,Home,Water Damage,2025-09-23,2025-09-26,29653.83,0.0,Denied,40.0,False
CLM002783,POL867991,37,CT,Renters,Property Damage,2026-07-16,2026-07-22,35150.93,0.0,Denied,43.0,False
CLM002784,POL377575,63,MI,Life,Life Benefit,2026-01-06,2026-01-13,3970.06,3380.31,Approved,3.0,False
CLM002785,POL360939,65,NY,Renters,Theft,2026-08-20,2026-08-21,13424.2,12261.73,Approved,10.0,True
CLM002786,POL310652,50,MI,Home,Theft,2026-07-08,2026-07-10,15166.98,0.0,Denied,5.0,False
CLM002787,POL492549,67,NY,Renters,Fire,2026-02-21,2026-02-23,31638.14,31096.98,Approved,13.0,False
CLM002788,POL240417,34,CT,Home,Water Damage,2025-10-06,2025-10-12,10703.53,8442.94,Approved,18.0,False
CLM002789,POL714541,55,OH,Life,Life Benefit,2025-11-03,2025-11-09,41887.93,36031.29,Approved,13.0,False
CLM002790,POL836479,47,MD,Auto,Weather Damage,2026-01-05,2026-01-07,2795.23,0.0,Denied,44.0,False
CLM002791,POL932368,31,IL,Auto,Collision,2026-08-05,2026-08-08,17994.11,16987.11,Approved,8.0,False
CLM002792,POL277994,42,MA,Renters,Fire,2025-10-09,2025-10-14,4970.5,4923.5,Approved,10.0,False
CLM002793,POL156377,78,MA,Home,Water Damage,2026-08-26,2026-09-01,46153.55,0.0,Pending,,False
CLM002794,POL405710,79,NJ,Home,Fire,2026-01-19,2026-01-22,32114.06,23594.31,Approved,28.0,False
CLM002795,POL623690,31,NJ,Home,Property Damage,2026-06-22,2026-06-27,40628.08,0.0,Pending,,False
CLM002796,POL125328,41,NJ,Home,Theft,2026-03-30,2026-04-04,32321.76,23027.86,Approved,29.0,False
CLM002797,POL309356,22,MA,Renters,Water Damage,2025-10-06,2025-10-11,39059.95,0.0,Pending,,True
CLM002798,POL648557,75,IL,Auto,Weather Damage,2025-12-16,2025-12-16,26847.59,23662.16,Approved,24.0,False
CLM002799,POL811263,73,NJ,Life,Life Benefit,2025-11-09,2025-11-14,48867.39,0.0,Denied,8.0,False
CLM002800,POL462806,37,CT,Life,Life Benefit,2026-02-02,2026-02-06,29876.6,0.0,Denied,44.0,False
CLM002801,POL820303,50,CT,Life,Life Benefit,2025-10-18,2025-10-19,45967.62,35336.01,Approved,19.0,False
CLM002802,POL286270,66,PA,Auto,Theft,2026-08-27,2026-08-28,24286.23,20767.99,Approved,14.0,False
CLM002803,POL270397,30,MI,Home,Property Damage,2026-05-16,2026-05-16,17886.6,0.0,Denied,4.0,False
CLM002804,POL623189,82,IL,Home,Property Damage,2026-09-04,2026-09-11,16293.9,14251.35,Approved,15.0,False
CLM002805,POL530207,29,CT,Auto,Glass Damage,2026-03-13,2026-03-16,23684.34,0.0,Denied,21.0,False
CLM002806,POL487048,76,NY,Home,Theft,2026-08-11,2026-08-18,39322.05,30907.12,Approved,9.0,False
CLM002807,POL574542,32,MI,Life,Life Benefit,2026-06-24,2026-06-29,48653.97,42782.51,Approved,15.0,False
CLM002808,POL651730,24,PA,Life,Life Benefit,2026-08-24,2026-08-31,22552.01,20426.5,Approved,24.0,False
CLM002809,POL895340,77,MA,Auto,Glass Damage,2025-10-14,2025-10-18,28270.4,22733.13,Approved,3.0,False
CLM002810,POL424764,81,MD,Life,Life Benefit,2025-12-10,2025-12-16,16870.99,14966.57,Approved,27.0,False
CLM002811,POL145725,49,IL,Home,Theft,2026-05-19,2026-05-24,18109.75,13512.97,Approved,10.0,True
CLM002812,POL858933,82,VA,Auto,Collision,2026-06-28,2026-06-29,14016.19,12933.86,Approved,23.0,False
CLM002813,POL264860,44,OH,Auto,Collision,2025-10-10,2025-10-15,30560.85,0.0,Pending,,False
CLM002814,POL882728,36,NJ,Renters,Water Damage,2026-06-06,2026-06-07,35829.23,0.0,Denied,30.0,False
CLM002815,POL454322,82,CT,Home,Water Damage,2025-11-28,2025-12-04,42021.72,0.0,Denied,31.0,False
CLM002816,POL318361,31,PA,Home,Theft,2025-09-28,2025-10-03,29136.15,0.0,Pending,,False
CLM002817,POL149438,56,MD,Auto,Theft,2025-12-07,2025-12-09,13129.95,0.0,Denied,16.0,False
CLM002818,POL156683,69,PA,Auto,Glass Damage,2025-11-06,2025-11-08,24365.96,19211.94,Approved,10.0,False
CLM002819,POL184122,71,CT,Home,Property Damage,2026-07-20,2026-07-27,12603.07,0.0,Denied,25.0,False
CLM002820,POL239791,45,VA,Renters,Theft,2026-01-26,2026-01-28,18628.91,0.0,Pending,,False
CLM002821,POL844490,61,PA,Home,Water Damage,2026-03-15,2026-03-16,11511.52,9903.71,Approved,20.0,False
CLM002822,POL558210,55,PA,Home,Theft,2026-01-23,2026-01-24,27924.44,26119.67,Approved,2.0,False
CLM002823,POL592862,50,NJ,Home,Theft,2026-01-26,2026-01-28,36699.72,26172.77,Approved,25.0,False
CLM002824,POL780246,53,MD,Renters,Property Damage,2026-04-10,2026-04-14,21059.87,18815.17,Approved,27.0,False
CLM002825,POL308547,47,PA,Home,Property Damage,2026-05-18,2026-05-25,27699.95,0.0,Denied,24.0,False
CLM002826,POL331208,80,VA,Home,Theft,2026-02-04,2026-02-09,39765.53,0.0,Denied,7.0,False
CLM002827,POL977759,71,MD,Renters,Theft,2025-09-26,2025-09-27,43784.02,0.0,Denied,6.0,False
CLM002828,POL560708,37,OH,Auto,Weather Damage,2026-06-21,2026-06-21,40592.43,0.0,Denied,23.0,False
CLM002829,POL153457,47,IL,Home,Water Damage,2026-03-07,2026-03-13,49319.53,37089.24,Approved,5.0,False
CLM002830,POL156813,55,MA,Renters,Fire,2025-12-21,2025-12-28,29379.36,21573.47,Approved,17.0,False
CLM002831,POL655178,42,CT,Renters,Water Damage,2026-04-28,2026-05-05,42474.86,41694.32,Approved,3.0,False
CLM002832,POL997129,75,PA,Renters,Theft,2025-10-02,2025-10-02,10600.49,10484.61,Approved,14.0,False
CLM002833,POL848379,21,MD,Life,Life Benefit,2025-09-26,2025-09-29,11316.32,10872.05,Approved,16.0,False
CLM002834,POL554328,24,CT,Home,Property Damage,2026-08-22,2026-08-27,1380.98,1357.74,Approved,25.0,False
CLM002835,POL235604,18,OH,Renters,Fire,2026-01-06,2026-01-10,21295.59,19656.55,Approved,6.0,False
CLM002836,POL367994,66,NJ,Home,Fire,2026-02-03,2026-02-07,36489.44,26874.6,Approved,9.0,False
CLM002837,POL375956,70,OH,Home,Fire,2026-04-22,2026-04-24,43839.47,42515.79,Approved,19.0,False
CLM002838,POL859969,76,CT,Auto,Theft,2025-11-23,2025-11-25,16448.77,14353.16,Approved,17.0,False
CLM002839,POL516458,38,OH,Auto,Collision,2025-11-13,2025-11-19,16917.05,15059.08,Approved,13.0,False
CLM002840,POL474518,51,NY,Renters,Theft,2026-02-09,2026-02-14,24484.23,21859.75,Approved,9.0,False
CLM002841,POL525153,65,IL,Renters,Water Damage,2025-10-06,2025-10-09,41144.08,40527.19,Approved,18.0,False
CLM002842,POL649558,28,NJ,Auto,Weather Damage,2026-06-28,2026-07-01,33460.34,0.0,Pending,,False
CLM002843,POL786749,55,PA,Renters,Property Damage,2025-09-30,2025-10-05,3280.47,2492.57,Approved,13.0,False
CLM002844,POL795241,55,CT,Auto,Collision,2026-06-26,2026-07-01,22658.77,21666.25,Approved,10.0,False
CLM002845,POL826091,44,MD,Life,Life Benefit,2026-01-12,2026-01-19,14546.78,0.0,Denied,28.0,False
CLM002846,POL845532,40,NJ,Renters,Fire,2026-04-21,2026-04-27,41372.14,33397.55,Approved,4.0,False
CLM002847,POL731844,20,MA,Life,Life Benefit,2026-05-01,2026-05-05,19395.43,17266.54,Approved,9.0,False
CLM002848,POL491526,72,OH,Home,Theft,2025-10-19,2025-10-26,38279.4,0.0,Denied,45.0,False
CLM002849,POL551462,51,PA,Renters,Fire,2026-07-19,2026-07-26,8947.55,7707.89,Approved,28.0,False
CLM002850,POL705112,27,PA,Renters,Theft,2026-08-14,2026-08-18,29188.38,27254.81,Approved,13.0,False
CLM002851,POL346450,62,VA,Renters,Property Damage,2025-09-30,2025-10-02,23503.71,20460.64,Approved,26.0,True
CLM002852,POL803586,82,NY,Renters,Water Damage,2025-09-16,2025-09-18,12513.56,0.0,Denied,15.0,False
CLM002853,POL215436,59,NY,Renters,Water Damage,2026-06-14,2026-06-21,38294.59,30748.11,Approved,7.0,False
CLM002854,POL439248,78,MD,Life,Life Benefit,2026-08-20,2026-08-23,38866.71,38774.53,Approved,7.0,False
CLM002855,POL734170,58,PA,Renters,Theft,2026-01-22,2026-01-23,41789.22,0.0,Denied,6.0,False
CLM002856,POL198112,72,MA,Renters,Property Damage,2025-11-17,2025-11-22,28794.88,0.0,Pending,,True
CLM002857,POL785557,32,MI,Renters,Property Damage,2025-12-05,2025-12-10,19171.28,0.0,Pending,,False
CLM002858,POL133596,28,NJ,Auto,Theft,2025-11-07,2025-11-08,22440.47,22195.34,Approved,21.0,True
CLM002859,POL378376,39,MD,Home,Water Damage,2025-10-21,2025-10-25,36133.37,33926.85,Approved,25.0,False
CLM002860,POL147407,42,MD,Renters,Property Damage,2026-07-21,2026-07-23,8645.53,8596.27,Approved,12.0,False
CLM002861,POL258330,33,NY,Home,Theft,2026-07-31,2026-08-04,28122.86,20143.59,Approved,3.0,False
CLM002862,POL965192,23,VA,Life,Life Benefit,2026-02-25,2026-02-27,42450.39,33451.87,Approved,20.0,False
CLM002863,POL824422,32,NY,Home,Fire,2026-09-08,2026-09-11,43204.86,33360.96,Approved,29.0,True
CLM002864,POL753521,64,MA,Renters,Theft,2026-07-24,2026-07-25,40861.51,37172.1,Approved,14.0,False
CLM002865,POL613997,39,NY,Home,Water Damage,2026-06-04,2026-06-07,30533.26,29223.17,Approved,19.0,False
CLM002866,POL996145,22,IL,Renters,Property Damage,2026-03-31,2026-04-07,19605.81,19343.21,Approved,26.0,False
CLM002867,POL367542,30,CT,Home,Fire,2026-08-16,2026-08-21,25022.12,18391.25,Approved,17.0,False
CLM002868,POL300242,80,VA,Life,Life Benefit,2026-08-28,2026-08-28,46563.8,0.0,Denied,19.0,False
CLM002869,POL438876,36,MA,Home,Water Damage,2025-11-02,2025-11-03,37163.16,0.0,Denied,21.0,False
CLM002870,POL632343,75,CT,Renters,Fire,2026-02-19,2026-02-24,23392.0,22361.97,Approved,15.0,False
CLM002871,POL987678,31,NJ,Auto,Collision,2026-09-05,2026-09-09,46212.89,33997.95,Approved,6.0,False
CLM002872,POL833396,74,MD,Life,Life Benefit,2026-05-15,2026-05-17,8677.53,6210.03,Approved,15.0,False
CLM002873,POL795237,44,PA,Renters,Water Damage,2026-09-12,2026-09-19,33667.77,0.0,Pending,,False
CLM002874,POL240539,30,CT,Life,Life Benefit,2026-02-12,2026-02-13,49037.7,0.0,Denied,5.0,False
CLM002875,POL900832,64,MD,Auto,Collision,2025-11-25,2025-11-25,27471.45,27428.14,Approved,28.0,False
CLM002876,POL515704,48,NJ,Auto,Weather Damage,2026-09-01,2026-09-07,11131.7,9103.71,Approved,27.0,False
CLM002877,POL300171,53,VA,Renters,Fire,2026-06-17,2026-06-22,39320.28,0.0,Denied,27.0,True
CLM002878,POL591945,40,MD,Auto,Theft,2026-04-03,2026-04-03,7852.84,7002.35,Approved,19.0,False
CLM002879,POL204530,45,MD,Auto,Glass Damage,2026-05-07,2026-05-09,24082.28,18948.54,Approved,5.0,False
CLM002880,POL304074,18,OH,Auto,Theft,2026-05-09,2026-05-12,2571.6,2534.12,Approved,25.0,False
CLM002881,POL739877,27,OH,Life,Life Benefit,2026-07-06,2026-07-13,25399.3,20874.36,Approved,19.0,False
CLM002882,POL974292,21,NY,Home,Fire,2026-04-27,2026-04-30,14828.62,10560.71,Approved,6.0,False
CLM002883,POL113499,84,MI,Home,Theft,2026-09-08,2026-09-14,30898.42,0.0,Denied,45.0,False
CLM002884,POL662435,48,OH,Life,Life Benefit,2026-05-18,2026-05-20,14751.12,11882.08,Approved,6.0,False
CLM002885,POL836241,62,VA,Renters,Theft,2025-12-09,2025-12-09,39048.01,0.0,Denied,12.0,False
CLM002886,POL565824,44,CT,Home,Water Damage,2026-05-25,2026-05-28,45145.88,36013.21,Approved,5.0,False
CLM002887,POL823991,35,VA,Renters,Water Damage,2026-01-03,2026-01-03,41014.71,35601.24,Approved,16.0,False
CLM002888,POL993539,68,CT,Home,Property Damage,2026-06-20,2026-06-24,44833.11,0.0,Pending,,False
CLM002889,POL849128,44,MA,Auto,Theft,2026-03-21,2026-03-26,21020.63,16280.52,Approved,25.0,False
CLM002890,POL361626,36,CT,Renters,Theft,2026-08-21,2026-08-24,21205.9,17709.2,Approved,4.0,False
CLM002891,POL165935,63,MA,Life,Life Benefit,2025-10-06,2025-10-09,11494.85,8961.96,Approved,30.0,False
CLM002892,POL524818,23,IL,Life,Life Benefit,2026-02-11,2026-02-16,2133.34,1656.18,Approved,21.0,False
CLM002893,POL463338,36,CT,Life,Life Benefit,2026-02-05,2026-02-07,17351.32,13239.56,Approved,20.0,False
CLM002894,POL249655,39,MD,Home,Property Damage,2026-08-24,2026-08-30,38787.73,33434.1,Approved,21.0,False
CLM002895,POL700367,52,NJ,Renters,Water Damage,2026-03-27,2026-03-27,18268.64,12916.94,Approved,24.0,False
CLM002896,POL303093,64,MD,Home,Theft,2026-01-29,2026-01-30,35466.26,25294.12,Approved,3.0,False
CLM002897,POL873368,51,CT,Life,Life Benefit,2026-03-01,2026-03-06,40845.94,0.0,Denied,7.0,False
CLM002898,POL367683,77,NY,Home,Fire,2026-03-05,2026-03-10,10424.46,8995.36,Approved,30.0,False
CLM002899,POL847350,23,CT,Home,Theft,2026-06-02,2026-06-07,11688.16,9024.65,Approved,23.0,True
CLM002900,POL222354,75,MD,Auto,Weather Damage,2026-05-24,2026-05-25,31097.06,22421.34,Approved,7.0,False
CLM002901,POL130118,77,VA,Life,Life Benefit,2026-05-25,2026-05-30,30121.85,25084.61,Approved,20.0,False
CLM002902,POL459184,64,OH,Renters,Theft,2026-05-30,2026-05-30,6672.25,0.0,Denied,9.0,False
CLM002903,POL231067,46,PA,Home,Fire,2025-10-18,2025-10-18,3130.69,2496.43,Approved,21.0,False
CLM002904,POL594046,30,OH,Home,Fire,2026-08-05,2026-08-12,18738.63,0.0,Denied,11.0,False
CLM002905,POL531736,48,VA,Home,Fire,2026-06-19,2026-06-20,29284.67,28828.77,Approved,22.0,False
CLM002906,POL764100,72,MA,Renters,Property Damage,2026-01-23,2026-01-25,23877.77,19404.83,Approved,17.0,False
CLM002907,POL869264,27,OH,Auto,Glass Damage,2026-02-01,2026-02-05,10726.38,8235.25,Approved,16.0,True
CLM002908,POL280932,72,PA,Renters,Property Damage,2026-05-21,2026-05-21,4509.3,3390.77,Approved,5.0,False
CLM002909,POL220943,48,IL,Auto,Glass Damage,2026-07-28,2026-07-30,24295.2,0.0,Pending,,False
CLM002910,POL979303,59,NY,Life,Life Benefit,2025-09-25,2025-09-26,21280.27,16330.95,Approved,20.0,False
CLM002911,POL601445,40,IL,Auto,Glass Damage,2026-09-08,2026-09-12,26463.85,0.0,Denied,15.0,False
CLM002912,POL567588,30,CT,Auto,Weather Damage,2026-03-19,2026-03-24,4796.85,4682.41,Approved,17.0,True
CLM002913,POL203976,33,MA,Life,Life Benefit,2026-01-25,2026-01-28,23553.17,17330.76,Approved,25.0,False
CLM002914,POL468287,79,IL,Auto,Weather Damage,2026-05-05,2026-05-08,23232.08,0.0,Denied,7.0,False
CLM002915,POL906135,21,NY,Auto,Weather Damage,2026-02-06,2026-02-11,30112.87,0.0,Pending,,False
CLM002916,POL227630,28,MA,Life,Life Benefit,2025-11-11,2025-11-15,4614.2,0.0,Denied,38.0,True
CLM002917,POL488272,27,VA,Home,Water Damage,2026-02-26,2026-02-28,15406.07,11174.49,Approved,15.0,False
CLM002918,POL372466,25,MD,Renters,Theft,2025-11-12,2025-11-19,31091.93,28882.99,Approved,19.0,False
CLM002919,POL314135,82,NJ,Renters,Fire,2026-01-18,2026-01-19,38682.52,29636.78,Approved,7.0,False
CLM002920,POL629290,68,VA,Auto,Theft,2025-09-26,2025-09-29,11830.01,9518.06,Approved,6.0,False
CLM002921,POL700525,25,VA,Life,Life Benefit,2025-12-24,2025-12-27,15471.95,0.0,Denied,23.0,False
CLM002922,POL480093,78,NY,Auto,Weather Damage,2026-06-13,2026-06-18,25612.35,18337.87,Approved,27.0,False
CLM002923,POL414621,39,NY,Auto,Weather Damage,2025-09-27,2025-09-27,46271.27,43595.2,Approved,2.0,False
CLM002924,POL257694,24,OH,Renters,Theft,2026-01-28,2026-02-02,1406.56,1240.4,Approved,18.0,False
CLM002925,POL693552,33,MI,Home,Fire,2025-10-10,2025-10-10,22613.54,18202.51,Approved,5.0,False
CLM002926,POL957194,84,NY,Life,Life Benefit,2026-01-21,2026-01-25,26844.75,25185.31,Approved,5.0,False
CLM002927,POL506250,66,OH,Renters,Property Damage,2026-02-11,2026-02-13,42778.75,33047.94,Approved,29.0,False
CLM002928,POL859255,58,VA,Life,Life Benefit,2026-01-09,2026-01-11,29734.57,0.0,Denied,28.0,False
CLM002929,POL296598,42,OH,Home,Water Damage,2026-06-13,2026-06-18,17682.82,0.0,Pending,,False
CLM002930,POL903802,35,VA,Home,Water Damage,2026-01-17,2026-01-19,15730.34,12987.83,Approved,23.0,False
CLM002931,POL401619,34,MI,Home,Property Damage,2026-03-09,2026-03-15,9120.65,8764.87,Approved,10.0,False
CLM002932,POL663993,33,NJ,Renters,Fire,2026-08-28,2026-09-04,33904.29,27964.61,Approved,27.0,False
CLM002933,POL467875,35,NJ,Life,Life Benefit,2026-03-12,2026-03-15,49860.29,36766.36,Approved,6.0,False
CLM002934,POL898467,31,VA,Renters,Theft,2026-05-04,2026-05-09,14316.97,11588.23,Approved,26.0,False
CLM002935,POL100469,30,MA,Home,Theft,2026-07-15,2026-07-19,6971.67,5718.46,Approved,8.0,False
CLM002936,POL222377,61,MA,Auto,Theft,2026-01-09,2026-01-09,21724.3,0.0,Pending,,False
CLM002937,POL980136,50,MA,Renters,Fire,2026-04-25,2026-05-02,38933.38,30367.37,Approved,15.0,False
CLM002938,POL584797,61,IL,Auto,Theft,2025-11-29,2025-12-01,2389.34,2373.95,Approved,8.0,False
CLM002939,POL562708,41,MD,Auto,Weather Damage,2026-06-23,2026-06-26,19239.89,14773.47,Approved,22.0,False
CLM002940,POL767942,25,NJ,Home,Water Damage,2026-01-06,2026-01-11,7157.49,6978.02,Approved,20.0,False
CLM002941,POL658957,49,VA,Renters,Water Damage,2026-02-28,2026-03-03,29229.96,25226.85,Approved,29.0,False
CLM002942,POL113945,60,NJ,Renters,Water Damage,2026-03-18,2026-03-23,39138.22,30981.31,Approved,2.0,False
CLM002943,POL242672,85,OH,Renters,Theft,2026-05-26,2026-06-01,24737.21,18248.61,Approved,20.0,False
CLM002944,POL881983,73,NY,Renters,Property Damage,2026-02-27,2026-03-02,42814.93,32721.15,Approved,9.0,False
CLM002945,POL411691,62,MI,Auto,Collision,2025-10-09,2025-10-15,15813.85,14021.91,Approved,3.0,False
CLM002946,POL776640,57,NJ,Home,Property Damage,2026-06-11,2026-06-17,803.52,0.0,Denied,34.0,False
CLM002947,POL138176,43,CT,Life,Life Benefit,2026-07-14,2026-07-16,22442.79,16295.66,Approved,12.0,False
CLM002948,POL928993,59,IL,Renters,Theft,2026-07-07,2026-07-09,41438.52,0.0,Denied,32.0,False
CLM002949,POL606407,62,NJ,Renters,Theft,2026-04-19,2026-04-26,44981.76,40220.75,Approved,28.0,False
CLM002950,POL819354,22,CT,Auto,Glass Damage,2026-06-28,2026-07-03,13211.18,11477.75,Approved,15.0,False
CLM002951,POL515235,40,MI,Home,Fire,2026-05-13,2026-05-13,27818.96,24604.89,Approved,25.0,False
CLM002952,POL707136,52,MI,Home,Theft,2026-02-07,2026-02-12,44668.96,31810.06,Approved,26.0,False
CLM002953,POL431089,37,MA,Life,Life Benefit,2026-02-06,2026-02-12,27697.31,26970.95,Approved,5.0,False
CLM002954,POL664050,28,OH,Renters,Property Damage,2025-12-25,2026-01-01,13661.65,13435.95,Approved,24.0,False
CLM002955,POL609002,53,MA,Home,Property Damage,2026-04-02,2026-04-09,44435.9,38149.54,Approved,6.0,False
CLM002956,POL240142,50,MI,Life,Life Benefit,2026-03-25,2026-03-31,5324.55,0.0,Denied,30.0,False
CLM002957,POL614501,76,MA,Auto,Weather Damage,2026-05-04,2026-05-10,25011.99,18076.69,Approved,25.0,False
CLM002958,POL420887,58,NJ,Renters,Fire,2026-08-25,2026-08-25,1761.53,1733.58,Approved,9.0,False
CLM002959,POL495599,79,OH,Renters,Water Damage,2026-02-05,2026-02-05,45197.63,40002.8,Approved,17.0,False
CLM002960,POL207337,47,OH,Life,Life Benefit,2026-09-03,2026-09-05,3061.16,2671.16,Approved,14.0,True
CLM002961,POL855521,46,MI,Life,Life Benefit,2026-01-13,2026-01-14,26739.68,23723.87,Approved,14.0,False
CLM002962,POL121276,25,OH,Life,Life Benefit,2026-04-08,2026-04-11,37809.47,0.0,Denied,13.0,False
CLM002963,POL668743,63,NJ,Life,Life Benefit,2026-05-29,2026-05-29,23372.85,21909.22,Approved,30.0,False
CLM002964,POL632813,53,CT,Auto,Weather Damage,2026-05-06,2026-05-07,13464.94,9547.57,Approved,23.0,False
CLM002965,POL376537,25,OH,Renters,Theft,2026-03-16,2026-03-23,11886.47,8694.14,Approved,4.0,True
CLM002966,POL987799,36,IL,Auto,Collision,2026-05-31,2026-06-04,22342.49,19509.01,Approved,15.0,False
CLM002967,POL170014,72,MD,Auto,Glass Damage,2026-01-09,2026-01-13,25989.18,25148.88,Approved,12.0,False
CLM002968,POL227707,26,CT,Life,Life Benefit,2026-04-02,2026-04-07,2964.08,2816.5,Approved,6.0,False
CLM002969,POL654220,34,PA,Life,Life Benefit,2025-10-27,2025-10-31,47274.12,42225.21,Approved,27.0,False
CLM002970,POL806191,71,MI,Home,Theft,2026-04-21,2026-04-21,24713.79,0.0,Denied,43.0,False
CLM002971,POL455655,50,OH,Life,Life Benefit,2026-02-27,2026-03-05,26541.14,0.0,Denied,10.0,False
CLM002972,POL255200,78,IL,Home,Water Damage,2026-04-28,2026-04-30,45451.69,0.0,Denied,35.0,False
CLM002973,POL687940,38,OH,Auto,Theft,2026-08-20,2026-08-20,32921.32,30786.54,Approved,10.0,False
CLM002974,POL502426,41,CT,Life,Life Benefit,2026-07-21,2026-07-26,34579.77,0.0,Pending,,False
CLM002975,POL664820,63,CT,Home,Water Damage,2026-01-07,2026-01-09,6975.24,5512.81,Approved,11.0,False
CLM002976,POL252565,62,NJ,Life,Life Benefit,2026-06-19,2026-06-23,22836.38,18254.98,Approved,8.0,False
CLM002977,POL140804,80,VA,Auto,Glass Damage,2026-07-02,2026-07-02,40743.74,36011.53,Approved,14.0,False
CLM002978,POL599111,34,PA,Renters,Property Damage,2026-01-26,2026-01-30,34462.96,31672.83,Approved,26.0,False
CLM002979,POL116234,58,MI,Auto,Collision,2026-03-16,2026-03-21,46294.05,0.0,Denied,20.0,False
CLM002980,POL651997,37,OH,Life,Life Benefit,2026-05-12,2026-05-18,30948.52,22655.41,Approved,20.0,False
CLM002981,POL998969,81,MI,Auto,Collision,2025-11-27,2025-12-03,27769.65,23705.31,Approved,5.0,False
CLM002982,POL401606,54,PA,Life,Life Benefit,2026-04-03,2026-04-09,6314.8,0.0,Denied,22.0,False
CLM002983,POL577903,26,OH,Home,Fire,2025-09-24,2025-09-25,46142.82,45807.76,Approved,11.0,True
CLM002984,POL873978,80,VA,Home,Property Damage,2025-09-29,2025-09-29,49748.25,43891.43,Approved,27.0,False
CLM002985,POL888147,65,MI,Auto,Theft,2026-01-09,2026-01-14,15319.32,11400.69,Approved,14.0,False
CLM002986,POL301005,51,MI,Home,Water Damage,2026-05-15,2026-05-17,45499.53,38541.96,Approved,8.0,False
CLM002987,POL484981,55,PA,Home,Water Damage,2026-03-29,2026-03-29,26238.19,23764.26,Approved,23.0,False
CLM002988,POL950474,44,IL,Home,Fire,2026-05-13,2026-05-18,5777.37,5244.11,Approved,16.0,False
CLM002989,POL984477,43,CT,Home,Theft,2026-01-23,2026-01-26,36113.56,0.0,Denied,34.0,False
CLM002990,POL890357,19,IL,Auto,Glass Damage,2025-10-10,2025-10-13,6676.7,5506.95,Approved,5.0,False
CLM002991,POL316258,72,PA,Auto,Glass Damage,2026-06-09,2026-06-12,30348.07,0.0,Denied,29.0,False
CLM002992,POL912494,35,MA,Renters,Theft,2025-12-23,2025-12-23,18326.1,15415.29,Approved,22.0,False
CLM002993,POL749888,66,NY,Life,Life Benefit,2025-11-18,2025-11-21,21930.09,18819.27,Approved,2.0,False
CLM002994,POL954023,82,OH,Renters,Water Damage,2026-09-02,2026-09-06,25184.6,19572.64,Approved,19.0,False
CLM002995,POL296722,63,OH,Auto,Theft,2025-09-14,2025-09-18,21512.06,0.0,Pending,,False
CLM002996,POL146483,78,MD,Home,Property Damage,2026-07-09,2026-07-09,48626.32,36981.2,Approved,4.0,False
CLM002997,POL379708,67,NY,Home,Theft,2025-10-04,2025-10-11,1390.07,1039.65,Approved,14.0,False
CLM002998,POL879708,20,VA,Auto,Weather Damage,2026-05-05,2026-05-05,33352.59,24390.81,Approved,21.0,False
CLM002999,POL575976,28,NJ,Renters,Theft,2026-02-05,2026-02-08,43183.77,42691.77,Approved,20.0,False
CLM003000,POL508142,68,OH,Renters,Water Damage,2025-10-25,2025-10-26,7351.57,0.0,Denied,20.0,False
CLM003001,POL599847,54,VA,Home,Fire,2025-11-24,2025-11-28,46650.79,0.0,Denied,44.0,False
CLM003002,POL818446,45,MI,Life,Life Benefit,2026-02-19,2026-02-26,33110.14,0.0,Denied,29.0,False
CLM003003,POL605164,84,PA,Life,Life Benefit,2026-06-15,2026-06-20,16737.34,15542.65,Approved,24.0,False
CLM003004,POL633499,67,IL,Home,Property Damage,2026-08-18,2026-08-20,21380.56,20781.59,Approved,24.0,False
CLM003005,POL525027,65,MD,Renters,Theft,2026-08-23,2026-08-25,6023.85,5638.64,Approved,4.0,False
CLM003006,POL479685,85,MD,Life,Life Benefit,2026-09-04,2026-09-06,29695.48,28621.01,Approved,25.0,False
CLM003007,POL345485,46,MI,Auto,Glass Damage,2026-08-04,2026-08-04,37586.37,31587.94,Approved,15.0,False
CLM003008,POL330992,81,PA,Renters,Theft,2026-09-01,2026-09-08,16417.1,15396.38,Approved,9.0,False
CLM003009,POL212172,64,NJ,Renters,Theft,2025-12-09,2025-12-16,34109.01,24481.42,Approved,29.0,False
CLM003010,POL426643,48,MI,Auto,Weather Damage,2025-10-30,2025-11-06,12305.09,11336.81,Approved,10.0,False
CLM003011,POL897648,23,PA,Auto,Theft,2026-02-07,2026-02-10,38681.66,0.0,Denied,26.0,False
CLM003012,POL261932,64,NJ,Life,Life Benefit,2026-03-22,2026-03-22,37283.14,0.0,Pending,,False
CLM003013,POL154621,38,MD,Life,Life Benefit,2026-03-28,2026-04-01,13662.27,0.0,Denied,34.0,False
CLM003014,POL537104,44,MA,Home,Property Damage,2025-10-12,2025-10-17,7681.25,0.0,Denied,29.0,False
CLM003015,POL630540,59,VA,Auto,Theft,2026-04-06,2026-04-07,34201.02,28422.17,Approved,21.0,False
CLM003016,POL822231,24,MD,Home,Fire,2025-12-20,2025-12-25,26905.37,21153.28,Approved,14.0,False
CLM003017,POL352300,43,IL,Life,Life Benefit,2026-02-28,2026-03-04,30014.07,29869.94,Approved,9.0,False
CLM003018,POL925652,56,IL,Home,Fire,2026-03-13,2026-03-16,23847.09,21821.2,Approved,13.0,False
CLM003019,POL802709,27,MA,Home,Property Damage,2026-08-20,2026-08-23,5271.63,4731.78,Approved,24.0,False
CLM003020,POL454930,33,CT,Life,Life Benefit,2026-03-24,2026-03-30,41563.04,0.0,Denied,12.0,False
CLM003021,POL294809,69,MA,Home,Fire,2025-10-21,2025-10-22,17007.19,14218.26,Approved,23.0,False
CLM003022,POL395906,59,VA,Life,Life Benefit,2026-03-24,2026-03-24,41245.25,37079.32,Approved,4.0,True
CLM003023,POL163308,20,MA,Life,Life Benefit,2025-11-13,2025-11-14,9161.41,8150.12,Approved,4.0,False
CLM003024,POL310257,30,MI,Home,Fire,2025-10-12,2025-10-19,21514.8,0.0,Denied,28.0,False
CLM003025,POL148055,85,MA,Life,Life Benefit,2026-06-11,2026-06-17,8232.96,0.0,Denied,21.0,False
CLM003026,POL625738,31,MI,Life,Life Benefit,2026-02-07,2026-02-11,48214.05,0.0,Pending,,True
CLM003027,POL254303,68,VA,Home,Water Damage,2026-05-07,2026-05-13,15367.09,0.0,Denied,21.0,False
CLM003028,POL254513,85,IL,Renters,Water Damage,2025-09-25,2025-10-02,41763.69,33934.64,Approved,25.0,False
CLM003029,POL891604,76,NJ,Home,Property Damage,2026-06-17,2026-06-17,30393.88,0.0,Pending,,False
CLM003030,POL309669,63,OH,Auto,Glass Damage,2026-03-13,2026-03-17,41054.01,38104.37,Approved,3.0,False
CLM003031,POL624391,70,OH,Auto,Collision,2025-11-27,2025-11-27,38822.85,31365.71,Approved,20.0,True
CLM003032,POL618873,34,MI,Auto,Collision,2026-01-18,2026-01-20,23983.24,0.0,Pending,,False
CLM003033,POL597388,26,NJ,Auto,Glass Damage,2025-11-18,2025-11-19,12629.89,0.0,Denied,27.0,True
CLM003034,POL824941,62,MI,Life,Life Benefit,2025-09-19,2025-09-20,14966.67,12151.71,Approved,13.0,False
CLM003035,POL609426,26,MI,Auto,Collision,2026-01-15,2026-01-15,48464.56,38402.86,Approved,14.0,False
CLM003036,POL751095,38,MI,Home,Water Damage,2026-09-01,2026-09-03,20335.75,20186.27,Approved,2.0,False
CLM003037,POL632195,85,MD,Life,Life Benefit,2026-07-05,2026-07-06,40871.64,0.0,Pending,,False
CLM003038,POL702856,84,OH,Renters,Water Damage,2025-10-19,2025-10-21,20393.94,0.0,Pending,,False
CLM003039,POL662362,42,VA,Renters,Theft,2025-10-15,2025-10-20,3162.92,0.0,Denied,28.0,False
CLM003040,POL438793,73,NY,Renters,Theft,2026-02-13,2026-02-20,22136.67,16934.99,Approved,2.0,False
CLM003041,POL121222,77,PA,Home,Theft,2026-01-18,2026-01-20,20525.8,0.0,Denied,30.0,False
CLM003042,POL679801,36,MD,Renters,Theft,2026-05-15,2026-05-15,33104.72,0.0,Denied,18.0,False
CLM003043,POL718572,39,MI,Life,Life Benefit,2026-01-31,2026-02-06,35713.49,29436.03,Approved,8.0,False
CLM003044,POL560710,66,MA,Auto,Collision,2025-11-21,2025-11-22,35769.3,31118.13,Approved,8.0,False
CLM003045,POL220698,58,NY,Auto,Theft,2026-02-16,2026-02-20,36421.84,0.0,Pending,,False
CLM003046,POL570413,72,VA,Life,Life Benefit,2026-07-14,2026-07-18,521.39,407.31,Approved,6.0,False
CLM003047,POL544495,67,NJ,Auto,Glass Damage,2026-07-02,2026-07-08,35713.04,28898.96,Approved,10.0,True
CLM003048,POL925830,81,MA,Life,Life Benefit,2026-07-04,2026-07-09,19710.05,14665.22,Approved,21.0,False
CLM003049,POL769191,55,PA,Renters,Theft,2026-09-05,2026-09-10,2863.16,0.0,Pending,,False
CLM003050,POL588129,56,MA,Home,Fire,2025-11-25,2025-11-25,15400.98,13358.38,Approved,12.0,False
CLM003051,POL234214,70,OH,Life,Life Benefit,2026-09-09,2026-09-10,19096.02,17890.51,Approved,30.0,True
CLM003052,POL613839,54,NY,Auto,Weather Damage,2025-10-11,2025-10-18,5038.04,3860.88,Approved,30.0,False
CLM003053,POL100441,78,CT,Home,Fire,2026-03-09,2026-03-11,24855.97,0.0,Pending,,True
CLM003054,POL677322,46,IL,Auto,Glass Damage,2026-04-12,2026-04-16,18789.91,0.0,Denied,18.0,False
CLM003055,POL517301,19,PA,Life,Life Benefit,2025-12-11,2025-12-16,46861.36,38495.79,Approved,24.0,False
CLM003056,POL250839,54,MD,Auto,Collision,2025-11-08,2025-11-09,11867.88,11279.83,Approved,18.0,False
CLM003057,POL513073,23,OH,Home,Theft,2026-07-15,2026-07-15,33507.18,25352.23,Approved,24.0,False
CLM003058,POL860804,63,MI,Renters,Property Damage,2025-10-05,2025-10-07,23598.71,0.0,Pending,,False
CLM003059,POL533582,27,MA,Life,Life Benefit,2026-06-22,2026-06-22,41531.61,0.0,Denied,21.0,False
CLM003060,POL466875,51,MI,Auto,Theft,2025-12-16,2025-12-18,19926.43,19157.53,Approved,23.0,False
CLM003061,POL122271,58,PA,Renters,Water Damage,2026-07-04,2026-07-09,1289.39,926.25,Approved,5.0,False
CLM003062,POL783201,60,MD,Life,Life Benefit,2025-10-07,2025-10-12,11486.74,0.0,Pending,,True
CLM003063,POL570261,45,NJ,Auto,Glass Damage,2026-03-03,2026-03-04,34723.0,30023.8,Approved,11.0,False
CLM003064,POL434286,40,OH,Auto,Weather Damage,2025-09-15,2025-09-22,25063.22,0.0,Denied,17.0,False
CLM003065,POL970590,57,VA,Auto,Collision,2026-03-17,2026-03-17,9398.51,6782.31,Approved,9.0,True
CLM003066,POL682480,26,MA,Home,Water Damage,2026-03-24,2026-03-29,29914.32,22960.62,Approved,21.0,False
CLM003067,POL613677,19,CT,Life,Life Benefit,2026-05-16,2026-05-16,13429.8,0.0,Denied,8.0,False
CLM003068,POL513090,48,PA,Renters,Fire,2025-10-15,2025-10-19,32405.93,28878.94,Approved,9.0,False
CLM003069,POL208281,53,IL,Auto,Theft,2026-05-05,2026-05-06,34448.83,0.0,Denied,7.0,False
CLM003070,POL173682,39,CT,Renters,Theft,2025-12-19,2025-12-22,43396.05,0.0,Denied,41.0,False
CLM003071,POL551798,78,NJ,Renters,Theft,2026-04-20,2026-04-25,46435.26,0.0,Pending,,True
CLM003072,POL409838,40,VA,Life,Life Benefit,2026-04-16,2026-04-17,45108.4,31852.46,Approved,19.0,False
CLM003073,POL214662,39,PA,Home,Property Damage,2026-01-28,2026-02-04,14379.14,14044.16,Approved,22.0,False
CLM003074,POL422988,26,MI,Home,Property Damage,2026-01-20,2026-01-22,9288.21,9038.74,Approved,3.0,False
CLM003075,POL621241,85,VA,Life,Life Benefit,2026-04-21,2026-04-21,12913.73,0.0,Denied,27.0,False
CLM003076,POL783290,22,PA,Auto,Collision,2025-12-25,2025-12-31,19590.53,0.0,Pending,,False
CLM003077,POL251200,24,IL,Life,Life Benefit,2025-11-25,2025-11-25,35806.33,0.0,Denied,9.0,False
CLM003078,POL991234,25,CT,Renters,Theft,2026-01-05,2026-01-05,7500.31,0.0,Denied,43.0,False
CLM003079,POL979851,51,MA,Auto,Glass Damage,2026-04-07,2026-04-13,31613.98,0.0,Denied,14.0,False
CLM003080,POL654816,60,MD,Renters,Water Damage,2025-10-14,2025-10-20,7074.63,0.0,Pending,,False
CLM003081,POL510974,26,IL,Renters,Water Damage,2026-03-21,2026-03-25,3685.23,0.0,Pending,,False
CLM003082,POL206961,73,VA,Auto,Collision,2026-01-02,2026-01-05,2787.58,2196.6,Approved,2.0,False
CLM003083,POL817039,75,PA,Auto,Theft,2025-09-19,2025-09-20,33537.42,0.0,Denied,9.0,False
CLM003084,POL580812,83,NY,Renters,Property Damage,2026-06-04,2026-06-06,39021.63,33991.82,Approved,15.0,False
CLM003085,POL112396,44,PA,Auto,Collision,2026-03-10,2026-03-14,2866.57,0.0,Denied,22.0,False
CLM003086,POL468505,64,IL,Renters,Fire,2026-04-24,2026-04-28,22789.5,0.0,Denied,35.0,False
CLM003087,POL602544,24,OH,Home,Theft,2025-11-03,2025-11-06,40266.33,0.0,Denied,36.0,False
CLM003088,POL905133,69,VA,Auto,Glass Damage,2026-03-18,2026-03-24,1546.44,0.0,Denied,37.0,False
CLM003089,POL345712,82,IL,Life,Life Benefit,2026-04-08,2026-04-11,28871.01,0.0,Denied,44.0,False
CLM003090,POL218822,30,OH,Auto,Glass Damage,2026-03-10,2026-03-17,9630.58,6747.77,Approved,3.0,False
CLM003091,POL138358,77,NJ,Home,Theft,2026-07-17,2026-07-19,1780.24,1246.19,Approved,18.0,False
CLM003092,POL427275,74,CT,Life,Life Benefit,2026-03-20,2026-03-21,3776.27,0.0,Pending,,False
CLM003093,POL532309,67,VA,Auto,Theft,2026-02-12,2026-02-16,43791.62,40787.88,Approved,13.0,False
CLM003094,POL278142,74,MA,Home,Property Damage,2026-08-30,2026-09-01,24719.08,23684.6,Approved,5.0,False
CLM003095,POL751768,80,OH,Home,Water Damage,2026-03-19,2026-03-19,16859.42,14003.92,Approved,14.0,False
CLM003096,POL891927,85,CT,Home,Water Damage,2026-08-13,2026-08-20,7568.72,0.0,Denied,45.0,False
CLM003097,POL912698,19,CT,Renters,Water Damage,2026-01-12,2026-01-12,36845.99,0.0,Denied,28.0,False
CLM003098,POL816571,23,MD,Auto,Theft,2026-01-26,2026-01-31,10572.23,0.0,Denied,21.0,False
CLM003099,POL908113,19,VA,Home,Water Damage,2026-05-02,2026-05-06,35647.76,28734.0,Approved,12.0,False
CLM003100,POL522018,57,MD,Life,Life Benefit,2025-10-04,2025-10-11,3754.32,3639.67,Approved,7.0,False
CLM003101,POL482381,37,PA,Home,Theft,2026-01-17,2026-01-23,26506.13,20318.69,Approved,11.0,False
CLM003102,POL974737,64,IL,Life,Life Benefit,2025-12-10,2025-12-11,21236.88,15045.41,Approved,23.0,False
CLM003103,POL551408,24,MD,Home,Water Damage,2026-01-27,2026-02-02,18560.11,0.0,Denied,36.0,False
CLM003104,POL960021,69,OH,Renters,Property Damage,2026-09-08,2026-09-11,38564.44,0.0,Denied,23.0,False
CLM003105,POL101760,83,VA,Home,Theft,2025-09-15,2025-09-22,46101.84,32740.36,Approved,29.0,False
CLM003106,POL328343,59,MD,Life,Life Benefit,2026-05-03,2026-05-10,7777.5,7138.77,Approved,23.0,False
CLM003107,POL530846,34,NJ,Renters,Theft,2025-12-15,2025-12-17,11240.69,9035.55,Approved,13.0,False
CLM003108,POL262737,71,OH,Home,Fire,2025-12-29,2025-12-29,24336.32,21007.6,Approved,4.0,False
CLM003109,POL616564,28,NJ,Renters,Water Damage,2026-03-13,2026-03-19,34552.78,30433.01,Approved,21.0,False
CLM003110,POL329662,23,NY,Life,Life Benefit,2026-02-25,2026-02-25,32611.51,26808.78,Approved,14.0,True
CLM003111,POL416196,83,IL,Life,Life Benefit,2026-04-25,2026-04-27,46805.9,33145.71,Approved,20.0,False
CLM003112,POL632588,32,VA,Home,Property Damage,2026-07-28,2026-07-28,26425.11,0.0,Denied,18.0,False
CLM003113,POL731964,27,MA,Auto,Collision,2026-03-13,2026-03-20,33614.15,31743.51,Approved,22.0,False
CLM003114,POL665781,30,MA,Life,Life Benefit,2026-01-07,2026-01-13,45788.73,44105.72,Approved,30.0,True
CLM003115,POL560777,73,MD,Auto,Weather Damage,2026-05-17,2026-05-20,32980.83,24045.95,Approved,22.0,False
CLM003116,POL301325,71,MD,Life,Life Benefit,2026-08-14,2026-08-17,18628.6,13056.14,Approved,11.0,False
CLM003117,POL704224,82,MA,Auto,Weather Damage,2025-12-01,2025-12-03,23798.65,0.0,Denied,39.0,False
CLM003118,POL279885,68,MA,Home,Water Damage,2026-02-22,2026-02-26,39188.19,0.0,Denied,7.0,False
CLM003119,POL308840,71,NY,Renters,Theft,2026-01-23,2026-01-24,25454.48,24374.51,Approved,21.0,True
CLM003120,POL720783,42,MI,Home,Property Damage,2026-02-08,2026-02-08,7897.83,5985.34,Approved,3.0,False
CLM003121,POL521766,31,NY,Auto,Collision,2026-04-01,2026-04-07,17695.05,0.0,Pending,,False
CLM003122,POL752587,47,VA,Life,Life Benefit,2026-01-17,2026-01-19,33803.56,27924.2,Approved,6.0,False
CLM003123,POL669259,74,PA,Life,Life Benefit,2025-09-15,2025-09-21,35451.61,31977.18,Approved,12.0,False
CLM003124,POL884514,62,VA,Home,Theft,2025-11-22,2025-11-29,32634.63,0.0,Denied,24.0,False
CLM003125,POL774860,80,MA,Home,Property Damage,2026-05-30,2026-06-03,10941.13,0.0,Denied,7.0,False
CLM003126,POL723378,53,NJ,Auto,Glass Damage,2026-04-07,2026-04-12,44928.79,32072.93,Approved,24.0,True
CLM003127,POL972806,76,NY,Life,Life Benefit,2026-03-05,2026-03-12,30895.38,27251.33,Approved,10.0,True
CLM003128,POL608410,25,PA,Home,Water Damage,2026-09-05,2026-09-08,34967.83,25884.92,Approved,22.0,False
CLM003129,POL709997,34,OH,Renters,Theft,2026-07-10,2026-07-10,33735.79,0.0,Pending,,False
CLM003130,POL576868,51,IL,Life,Life Benefit,2025-10-29,2025-11-03,11043.95,7811.83,Approved,8.0,False
CLM003131,POL927448,78,MA,Auto,Weather Damage,2026-07-17,2026-07-23,38547.17,35030.54,Approved,4.0,False
CLM003132,POL292151,72,NJ,Auto,Theft,2026-07-21,2026-07-25,34098.74,26153.57,Approved,17.0,False
CLM003133,POL471915,51,NY,Renters,Water Damage,2026-06-05,2026-06-12,9928.33,9492.72,Approved,22.0,False
CLM003134,POL982887,68,MD,Life,Life Benefit,2025-12-31,2026-01-02,8289.11,0.0,Denied,30.0,False
CLM003135,POL504971,42,PA,Renters,Fire,2026-08-03,2026-08-04,26035.15,0.0,Pending,,False
CLM003136,POL807804,63,NJ,Renters,Water Damage,2025-10-29,2025-10-30,46205.49,39187.58,Approved,28.0,False
CLM003137,POL199915,44,OH,Renters,Property Damage,2026-01-14,2026-01-18,23782.08,20808.74,Approved,17.0,False
CLM003138,POL114314,56,IL,Renters,Fire,2026-09-03,2026-09-07,12046.94,0.0,Pending,,False
CLM003139,POL475245,33,CT,Renters,Theft,2026-06-28,2026-07-02,11512.86,9568.37,Approved,15.0,False
CLM003140,POL958578,35,NY,Life,Life Benefit,2025-10-08,2025-10-11,11708.62,0.0,Denied,20.0,False
CLM003141,POL440696,74,MD,Home,Fire,2026-05-28,2026-05-29,17275.11,0.0,Denied,26.0,False
CLM003142,POL157751,76,IL,Home,Water Damage,2026-07-21,2026-07-22,26899.29,0.0,Pending,,False
CLM003143,POL252778,78,NY,Home,Property Damage,2026-06-25,2026-07-01,11795.79,8441.62,Approved,9.0,False
CLM003144,POL271260,39,IL,Life,Life Benefit,2025-10-29,2025-11-04,4342.4,4179.92,Approved,2.0,False
CLM003145,POL602663,40,PA,Renters,Theft,2026-04-15,2026-04-17,23327.92,0.0,Denied,13.0,True
CLM003146,POL265825,62,CT,Life,Life Benefit,2025-10-27,2025-10-28,40736.03,37310.28,Approved,11.0,False
CLM003147,POL343665,55,PA,Home,Theft,2026-07-28,2026-08-04,13370.55,0.0,Denied,16.0,False
CLM003148,POL830615,23,NJ,Renters,Fire,2026-04-08,2026-04-13,13226.3,0.0,Pending,,False
CLM003149,POL229727,20,MI,Auto,Collision,2026-04-19,2026-04-25,30569.75,0.0,Pending,,False
CLM003150,POL318079,24,PA,Renters,Water Damage,2026-03-27,2026-03-31,30988.75,23052.31,Approved,24.0,False
CLM003151,POL987386,68,NY,Renters,Property Damage,2026-08-31,2026-08-31,13861.02,10439.8,Approved,4.0,False
CLM003152,POL179725,84,MD,Life,Life Benefit,2026-02-27,2026-03-04,36018.69,31753.16,Approved,4.0,False
CLM003153,POL496928,79,MI,Renters,Theft,2025-11-16,2025-11-16,34748.08,32085.23,Approved,5.0,False
CLM003154,POL581781,64,VA,Home,Water Damage,2026-06-28,2026-07-01,11733.29,10837.23,Approved,24.0,True
CLM003155,POL552715,33,CT,Auto,Glass Damage,2026-04-17,2026-04-24,13682.67,12438.0,Approved,7.0,False
CLM003156,POL873764,39,NJ,Home,Property Damage,2026-06-14,2026-06-15,28082.13,23498.0,Approved,25.0,False
CLM003157,POL817554,46,OH,Renters,Theft,2026-01-27,2026-02-01,7784.87,0.0,Pending,,False
CLM003158,POL152949,57,MI,Home,Water Damage,2025-11-12,2025-11-16,42464.0,33112.39,Approved,23.0,False
CLM003159,POL118274,73,NY,Home,Fire,2025-12-31,2026-01-04,18254.9,16262.32,Approved,22.0,False
CLM003160,POL689200,18,MA,Life,Life Benefit,2026-06-01,2026-06-04,39658.82,32120.8,Approved,20.0,False
CLM003161,POL969476,22,PA,Home,Water Damage,2026-01-29,2026-02-03,11891.23,9531.97,Approved,2.0,False
CLM003162,POL688487,60,MD,Home,Water Damage,2026-04-20,2026-04-22,15229.02,13546.57,Approved,20.0,False
CLM003163,POL842070,49,IL,Renters,Theft,2026-03-11,2026-03-12,22941.65,22399.36,Approved,17.0,False
CLM003164,POL303178,73,NY,Life,Life Benefit,2025-09-22,2025-09-26,39869.22,30616.58,Approved,21.0,False
CLM003165,POL754994,44,OH,Auto,Theft,2025-11-01,2025-11-02,25907.27,23418.95,Approved,24.0,False
CLM003166,POL194421,44,NY,Renters,Property Damage,2026-08-31,2026-09-03,11958.05,11611.81,Approved,29.0,False
CLM003167,POL243465,43,OH,Life,Life Benefit,2026-05-19,2026-05-22,37427.85,29325.56,Approved,12.0,False
CLM003168,POL470819,55,NY,Auto,Collision,2025-12-24,2025-12-31,6650.83,0.0,Denied,26.0,False
CLM003169,POL331314,29,MD,Renters,Fire,2026-01-06,2026-01-07,45033.98,32539.24,Approved,29.0,False
CLM003170,POL849952,33,NJ,Home,Theft,2026-01-20,2026-01-25,18035.64,16832.55,Approved,16.0,False
CLM003171,POL587646,34,MD,Home,Property Damage,2025-12-04,2025-12-08,20962.11,0.0,Denied,5.0,False
CLM003172,POL145943,18,MA,Life,Life Benefit,2025-09-28,2025-10-02,33001.85,27310.56,Approved,25.0,False
CLM003173,POL493258,25,VA,Auto,Glass Damage,2026-04-12,2026-04-14,20978.44,14815.09,Approved,2.0,False
CLM003174,POL585459,19,NJ,Life,Life Benefit,2025-11-17,2025-11-24,40879.09,34801.83,Approved,28.0,False
CLM003175,POL967823,71,PA,Home,Property Damage,2026-01-18,2026-01-25,30685.45,0.0,Denied,35.0,False
CLM003176,POL832676,68,MA,Home,Property Damage,2025-09-22,2025-09-29,18947.63,16149.86,Approved,23.0,False
CLM003177,POL672554,44,MI,Life,Life Benefit,2025-10-28,2025-10-28,46141.71,0.0,Denied,9.0,False
CLM003178,POL777205,62,VA,Life,Life Benefit,2026-08-16,2026-08-19,41123.53,35655.37,Approved,24.0,False
CLM003179,POL181398,72,OH,Life,Life Benefit,2025-10-10,2025-10-14,26921.11,0.0,Pending,,False
CLM003180,POL410863,74,PA,Renters,Property Damage,2025-10-27,2025-10-30,20834.41,18524.46,Approved,7.0,False
CLM003181,POL600923,57,IL,Home,Water Damage,2025-12-15,2025-12-22,16956.95,0.0,Pending,,False
CLM003182,POL856566,83,PA,Life,Life Benefit,2026-01-21,2026-01-27,21879.09,17678.09,Approved,9.0,False
CLM003183,POL673481,75,MA,Renters,Water Damage,2026-01-08,2026-01-13,39071.84,35810.07,Approved,4.0,False
CLM003184,POL857738,84,PA,Auto,Weather Damage,2026-05-31,2026-06-07,8159.89,0.0,Denied,35.0,False
CLM003185,POL852323,22,CT,Home,Property Damage,2026-09-07,2026-09-11,47468.61,37129.38,Approved,4.0,False
CLM003186,POL441600,42,OH,Home,Water Damage,2026-04-02,2026-04-03,1997.59,1652.01,Approved,22.0,False
CLM003187,POL787531,38,MA,Renters,Water Damage,2026-08-05,2026-08-05,21915.02,0.0,Pending,,False
CLM003188,POL701355,50,OH,Auto,Glass Damage,2026-03-22,2026-03-24,11847.36,0.0,Denied,21.0,False
CLM003189,POL540738,69,MD,Life,Life Benefit,2026-05-04,2026-05-06,18578.78,14719.78,Approved,29.0,False
CLM003190,POL815090,76,MI,Renters,Water Damage,2025-10-25,2025-10-25,40815.22,37647.55,Approved,3.0,False
CLM003191,POL523080,72,CT,Renters,Property Damage,2025-12-08,2025-12-08,10243.69,0.0,Denied,32.0,False
CLM003192,POL880776,84,MI,Renters,Fire,2026-03-11,2026-03-16,34707.14,33323.14,Approved,27.0,False
CLM003193,POL640928,83,IL,Renters,Fire,2026-03-31,2026-04-02,9122.72,0.0,Denied,10.0,False
CLM003194,POL631222,40,PA,Renters,Theft,2025-11-25,2025-11-26,20707.75,16462.87,Approved,24.0,False
CLM003195,POL536753,61,MD,Life,Life Benefit,2026-01-12,2026-01-18,13388.11,12219.9,Approved,21.0,False
CLM003196,POL109343,57,PA,Renters,Fire,2026-02-19,2026-02-25,9200.32,7096.98,Approved,6.0,False
CLM003197,POL836377,77,NJ,Life,Life Benefit,2026-04-26,2026-05-01,44133.59,33331.68,Approved,23.0,False
CLM003198,POL159422,81,IL,Home,Theft,2026-03-02,2026-03-08,37448.68,34373.37,Approved,9.0,True
CLM003199,POL126689,62,IL,Renters,Property Damage,2025-11-26,2025-12-01,34086.88,0.0,Pending,,False
CLM003200,POL273544,65,IL,Home,Water Damage,2026-02-26,2026-03-01,45460.99,0.0,Denied,24.0,False
CLM003201,POL644742,19,NJ,Life,Life Benefit,2025-10-18,2025-10-24,39548.91,0.0,Denied,10.0,False
CLM003202,POL824366,81,MD,Life,Life Benefit,2026-06-20,2026-06-22,35749.09,0.0,Denied,11.0,False
CLM003203,POL645390,21,VA,Auto,Theft,2025-12-11,2025-12-18,5081.89,5037.5,Approved,12.0,True
CLM003204,POL885980,74,MA,Auto,Collision,2026-05-24,2026-05-26,37470.37,37005.56,Approved,8.0,False
CLM003205,POL485711,42,MA,Home,Water Damage,2025-10-31,2025-11-04,31008.07,29574.08,Approved,3.0,False
CLM003206,POL889414,73,VA,Auto,Theft,2025-11-29,2025-11-29,15006.24,13752.45,Approved,28.0,False
CLM003207,POL872434,20,MI,Renters,Property Damage,2026-05-06,2026-05-08,19433.37,0.0,Pending,,False
CLM003208,POL877325,52,NY,Life,Life Benefit,2025-12-02,2025-12-02,10498.2,9710.14,Approved,19.0,False
CLM003209,POL779795,41,OH,Renters,Property Damage,2026-06-14,2026-06-19,35256.99,33985.5,Approved,9.0,False
CLM003210,POL219709,35,CT,Home,Water Damage,2026-04-10,2026-04-16,6228.91,5713.7,Approved,16.0,False
CLM003211,POL739915,62,MA,Life,Life Benefit,2026-08-04,2026-08-06,2800.11,0.0,Pending,,False
CLM003212,POL982565,56,OH,Auto,Glass Damage,2025-12-17,2025-12-22,16964.23,0.0,Pending,,False
CLM003213,POL861783,31,VA,Life,Life Benefit,2026-02-21,2026-02-25,47126.02,42463.71,Approved,4.0,False
CLM003214,POL613557,50,OH,Life,Life Benefit,2026-05-01,2026-05-07,41255.02,0.0,Pending,,False
CLM003215,POL751341,85,OH,Auto,Glass Damage,2026-03-22,2026-03-26,11862.4,10024.25,Approved,9.0,False
CLM003216,POL579938,67,NY,Auto,Glass Damage,2026-01-03,2026-01-09,26335.14,22283.05,Approved,13.0,True
CLM003217,POL103766,72,NJ,Home,Fire,2025-12-02,2025-12-07,20328.66,15878.99,Approved,10.0,False
CLM003218,POL160180,69,VA,Auto,Collision,2025-11-22,2025-11-23,12175.24,0.0,Pending,,False
CLM003219,POL213144,73,MA,Home,Water Damage,2025-12-22,2025-12-23,35310.03,32282.85,Approved,11.0,True
CLM003220,POL545678,83,CT,Life,Life Benefit,2026-04-08,2026-04-09,46322.41,0.0,Pending,,False
CLM003221,POL872484,80,OH,Life,Life Benefit,2026-07-30,2026-08-05,27550.44,0.0,Pending,,False
CLM003222,POL571349,33,MI,Auto,Weather Damage,2026-07-26,2026-07-26,31582.13,22710.19,Approved,29.0,False
CLM003223,POL671087,60,IL,Renters,Property Damage,2026-07-13,2026-07-18,30009.77,24575.48,Approved,9.0,False
CLM003224,POL463346,48,PA,Life,Life Benefit,2026-04-23,2026-04-24,25223.23,19839.16,Approved,19.0,False
CLM003225,POL871092,50,VA,Home,Theft,2026-06-14,2026-06-21,32204.29,23916.77,Approved,12.0,False
CLM003226,POL627003,28,IL,Renters,Theft,2026-01-07,2026-01-07,30007.27,0.0,Denied,39.0,False
CLM003227,POL657366,25,NJ,Home,Water Damage,2026-01-07,2026-01-09,764.09,651.64,Approved,3.0,False
CLM003228,POL272350,83,CT,Renters,Theft,2025-11-15,2025-11-15,23004.79,22741.66,Approved,28.0,False
CLM003229,POL627661,24,CT,Renters,Water Damage,2026-06-23,2026-06-23,846.0,672.88,Approved,24.0,False
CLM003230,POL573808,75,NY,Home,Fire,2026-03-19,2026-03-24,39980.9,0.0,Denied,8.0,False
CLM003231,POL977364,43,OH,Life,Life Benefit,2026-02-15,2026-02-22,33704.84,32554.03,Approved,15.0,False
CLM003232,POL797958,67,MD,Life,Life Benefit,2026-01-16,2026-01-22,33847.31,28112.34,Approved,7.0,False
CLM003233,POL207454,41,CT,Life,Life Benefit,2026-06-07,2026-06-13,35011.93,0.0,Denied,31.0,False
CLM003234,POL740486,51,NY,Home,Property Damage,2026-03-02,2026-03-08,24524.17,22741.0,Approved,27.0,False
CLM003235,POL837548,61,IL,Home,Water Damage,2025-11-09,2025-11-14,7914.41,0.0,Pending,,False
CLM003236,POL734445,41,IL,Life,Life Benefit,2026-03-12,2026-03-13,46933.17,37799.43,Approved,25.0,False
CLM003237,POL626219,51,OH,Auto,Collision,2025-09-18,2025-09-22,30239.33,25043.27,Approved,14.0,False
CLM003238,POL606491,82,CT,Renters,Theft,2025-11-27,2025-12-01,46202.2,38283.66,Approved,25.0,False
CLM003239,POL339843,56,MA,Life,Life Benefit,2025-10-27,2025-11-01,22299.38,19744.17,Approved,10.0,True
CLM003240,POL191533,25,IL,Auto,Glass Damage,2025-10-15,2025-10-15,1676.83,1500.47,Approved,21.0,False
CLM003241,POL199584,46,PA,Renters,Water Damage,2025-12-07,2025-12-09,7096.42,6725.08,Approved,25.0,False
CLM003242,POL146304,32,VA,Renters,Water Damage,2026-04-25,2026-04-26,6897.95,6060.43,Approved,16.0,False
CLM003243,POL509326,21,NJ,Renters,Theft,2025-12-29,2025-12-29,25447.04,18418.39,Approved,3.0,False
CLM003244,POL950262,69,CT,Life,Life Benefit,2026-03-20,2026-03-25,48499.91,36647.5,Approved,25.0,False
CLM003245,POL812138,34,MI,Home,Property Damage,2026-07-31,2026-08-03,40760.76,30812.08,Approved,2.0,False
CLM003246,POL222999,78,NY,Home,Property Damage,2026-04-27,2026-05-03,35422.82,0.0,Pending,,False
CLM003247,POL916723,82,NY,Home,Property Damage,2026-04-05,2026-04-11,27616.07,0.0,Denied,5.0,False
CLM003248,POL965659,30,OH,Renters,Property Damage,2026-05-05,2026-05-06,29702.64,28420.69,Approved,20.0,False
CLM003249,POL330505,39,OH,Life,Life Benefit,2026-04-19,2026-04-21,7732.13,0.0,Denied,28.0,False
CLM003250,POL112537,63,NJ,Life,Life Benefit,2026-01-31,2026-02-04,22017.91,21013.81,Approved,7.0,False
CLM003251,POL509313,33,CT,Life,Life Benefit,2025-12-07,2025-12-14,25703.93,0.0,Denied,22.0,False
CLM003252,POL649658,50,IL,Home,Theft,2026-05-05,2026-05-12,848.93,614.03,Approved,21.0,False
CLM003253,POL317285,24,CT,Auto,Collision,2026-01-17,2026-01-20,20322.74,15725.3,Approved,8.0,False
CLM003254,POL834672,60,NY,Home,Theft,2025-10-10,2025-10-12,47005.4,37112.11,Approved,21.0,False
CLM003255,POL602510,61,VA,Renters,Theft,2026-05-01,2026-05-02,12319.59,10984.77,Approved,9.0,False
CLM003256,POL249501,18,VA,Auto,Glass Damage,2026-06-03,2026-06-05,33757.25,25960.73,Approved,25.0,False
CLM003257,POL265544,48,MI,Auto,Glass Damage,2026-03-18,2026-03-25,25667.87,23399.01,Approved,11.0,False
CLM003258,POL665157,46,MD,Home,Property Damage,2026-04-30,2026-05-04,15674.74,13355.17,Approved,21.0,False
CLM003259,POL232157,61,VA,Life,Life Benefit,2026-09-05,2026-09-08,33837.95,26854.54,Approved,29.0,False
CLM003260,POL122902,67,OH,Life,Life Benefit,2026-08-18,2026-08-25,45723.64,40371.79,Approved,19.0,False
CLM003261,POL174635,68,OH,Life,Life Benefit,2026-06-16,2026-06-18,36713.29,26977.4,Approved,11.0,False
CLM003262,POL656527,24,MD,Renters,Water Damage,2026-02-02,2026-02-06,24024.49,19980.97,Approved,27.0,False
CLM003263,POL933404,74,CT,Life,Life Benefit,2025-11-17,2025-11-21,15433.72,14559.43,Approved,4.0,False
CLM003264,POL178427,39,MA,Auto,Collision,2025-11-25,2025-11-28,49311.39,0.0,Denied,44.0,False
CLM003265,POL393662,48,CT,Life,Life Benefit,2025-10-04,2025-10-04,37107.61,29446.88,Approved,10.0,False
CLM003266,POL905571,65,MA,Auto,Theft,2026-08-13,2026-08-20,32037.99,23549.68,Approved,6.0,False
CLM003267,POL808039,55,CT,Auto,Weather Damage,2026-08-27,2026-09-03,23319.63,0.0,Pending,,False
CLM003268,POL594223,72,IL,Renters,Property Damage,2026-04-26,2026-04-27,36960.25,34809.27,Approved,6.0,False
CLM003269,POL237578,19,MD,Renters,Water Damage,2026-01-03,2026-01-05,49646.16,43809.78,Approved,2.0,False
CLM003270,POL968161,48,CT,Renters,Water Damage,2025-09-15,2025-09-21,36318.75,33074.84,Approved,7.0,False
CLM003271,POL781562,51,MA,Auto,Collision,2026-09-11,2026-09-16,21178.82,20954.26,Approved,15.0,False
CLM003272,POL799461,73,MI,Auto,Weather Damage,2026-04-23,2026-04-26,3994.95,0.0,Denied,43.0,False
CLM003273,POL574421,53,MD,Life,Life Benefit,2026-01-21,2026-01-26,28224.62,21737.08,Approved,8.0,False
CLM003274,POL717057,56,OH,Life,Life Benefit,2026-07-07,2026-07-14,31752.49,0.0,Pending,,False
CLM003275,POL459662,38,OH,Renters,Water Damage,2026-02-27,2026-02-27,43140.2,39249.59,Approved,11.0,False
CLM003276,POL598126,78,MI,Auto,Theft,2026-02-27,2026-03-02,12578.74,12560.78,Approved,11.0,False
CLM003277,POL820189,34,MI,Renters,Water Damage,2025-10-27,2025-11-01,34587.89,0.0,Denied,10.0,False
CLM003278,POL217734,32,PA,Auto,Theft,2025-09-28,2025-10-03,46153.12,41824.85,Approved,16.0,False
CLM003279,POL526716,56,MA,Auto,Theft,2026-08-24,2026-08-31,23884.1,18821.51,Approved,6.0,False
CLM003280,POL748239,68,MI,Life,Life Benefit,2026-08-18,2026-08-22,35848.82,26602.94,Approved,24.0,False
CLM003281,POL233252,40,OH,Renters,Theft,2025-09-25,2025-09-30,39902.3,0.0,Pending,,False
CLM003282,POL842895,39,MA,Life,Life Benefit,2025-09-29,2025-10-06,21816.26,16533.87,Approved,19.0,False
CLM003283,POL637352,79,CT,Home,Property Damage,2026-08-06,2026-08-06,21942.73,21868.55,Approved,2.0,False
CLM003284,POL875097,76,MA,Home,Theft,2025-12-28,2025-12-30,5103.16,4313.66,Approved,11.0,False
CLM003285,POL373042,79,MA,Life,Life Benefit,2026-08-14,2026-08-14,6432.51,4612.84,Approved,19.0,False
CLM003286,POL609828,84,MI,Life,Life Benefit,2026-07-26,2026-07-29,19385.33,17659.79,Approved,14.0,False
CLM003287,POL524810,85,NY,Life,Life Benefit,2026-03-04,2026-03-11,22668.25,20487.43,Approved,20.0,False
CLM003288,POL694508,25,OH,Home,Fire,2026-02-23,2026-02-28,6677.1,0.0,Denied,22.0,False
CLM003289,POL488105,56,PA,Auto,Theft,2025-09-14,2025-09-18,44992.12,42084.79,Approved,13.0,False
CLM003290,POL511225,64,CT,Renters,Fire,2026-06-09,2026-06-13,42862.57,41303.39,Approved,9.0,False
CLM003291,POL965365,77,MD,Life,Life Benefit,2026-05-20,2026-05-26,17662.84,17527.55,Approved,30.0,False
CLM003292,POL222266,40,OH,Life,Life Benefit,2025-09-23,2025-09-24,11975.63,10088.1,Approved,23.0,False
CLM003293,POL475238,78,MI,Auto,Weather Damage,2026-05-26,2026-05-27,9721.38,0.0,Denied,29.0,False
CLM003294,POL273487,80,MI,Home,Water Damage,2026-03-13,2026-03-15,3299.16,2677.25,Approved,7.0,False
CLM003295,POL707331,49,NJ,Home,Fire,2026-02-15,2026-02-19,42314.8,34049.82,Approved,22.0,False
CLM003296,POL287818,60,OH,Auto,Glass Damage,2025-10-09,2025-10-09,46712.19,0.0,Denied,38.0,False
CLM003297,POL516775,81,VA,Renters,Theft,2025-09-29,2025-09-30,29612.1,22476.21,Approved,8.0,False
CLM003298,POL581280,18,NY,Renters,Property Damage,2026-09-12,2026-09-17,14087.28,10864.34,Approved,29.0,False
CLM003299,POL920755,25,PA,Renters,Theft,2025-11-23,2025-11-26,16824.21,12678.0,Approved,29.0,False
CLM003300,POL385258,59,CT,Life,Life Benefit,2026-02-28,2026-03-06,49750.55,48353.93,Approved,6.0,False
CLM003301,POL389652,27,MA,Auto,Theft,2026-05-18,2026-05-23,7824.15,5932.96,Approved,11.0,False
CLM003302,POL778452,59,MI,Auto,Theft,2026-02-04,2026-02-04,28057.98,21106.98,Approved,17.0,False
CLM003303,POL406559,31,NY,Renters,Water Damage,2026-06-07,2026-06-09,17213.78,0.0,Denied,4.0,False
CLM003304,POL568981,71,MA,Home,Theft,2026-05-19,2026-05-26,2786.19,2293.21,Approved,19.0,False
CLM003305,POL689238,44,MI,Home,Property Damage,2026-06-16,2026-06-19,12688.99,0.0,Denied,4.0,False
CLM003306,POL361527,47,OH,Renters,Theft,2026-01-23,2026-01-29,11077.94,0.0,Pending,,False
CLM003307,POL721647,33,MA,Auto,Collision,2026-07-23,2026-07-25,26179.54,18730.12,Approved,11.0,False
CLM003308,POL746949,53,MA,Auto,Weather Damage,2025-12-26,2025-12-27,7955.79,7870.19,Approved,3.0,False
CLM003309,POL181871,54,MA,Auto,Glass Damage,2026-03-03,2026-03-10,36165.06,0.0,Denied,6.0,False
CLM003310,POL213757,41,MI,Renters,Fire,2026-08-19,2026-08-25,25356.14,22612.01,Approved,4.0,False
CLM003311,POL956797,47,OH,Life,Life Benefit,2026-07-21,2026-07-24,32396.97,22797.44,Approved,30.0,False
CLM003312,POL887926,77,MD,Auto,Weather Damage,2026-04-06,2026-04-11,40611.89,0.0,Denied,31.0,False
CLM003313,POL619316,82,PA,Auto,Theft,2026-02-02,2026-02-08,17342.3,13780.08,Approved,14.0,False
CLM003314,POL305840,60,MD,Auto,Theft,2026-07-02,2026-07-02,22673.82,0.0,Pending,,True
CLM003315,POL139797,65,MI,Renters,Water Damage,2026-02-10,2026-02-10,18094.56,17241.26,Approved,8.0,False
CLM003316,POL794286,22,IL,Life,Life Benefit,2026-01-10,2026-01-10,45322.18,38246.2,Approved,23.0,False
CLM003317,POL358171,64,MD,Home,Water Damage,2026-02-13,2026-02-17,18321.46,17768.59,Approved,27.0,False
CLM003318,POL367514,28,MI,Auto,Collision,2026-01-28,2026-01-29,31771.27,28574.3,Approved,11.0,False
CLM003319,POL973017,42,PA,Home,Theft,2026-06-17,2026-06-22,16288.86,0.0,Denied,7.0,False
CLM003320,POL590975,83,MA,Life,Life Benefit,2026-06-28,2026-07-01,43146.4,0.0,Denied,17.0,False
CLM003321,POL900704,57,VA,Auto,Theft,2025-10-07,2025-10-07,19399.13,19208.33,Approved,23.0,False
CLM003322,POL400977,20,NJ,Auto,Theft,2025-09-24,2025-09-28,10347.52,0.0,Denied,44.0,False
CLM003323,POL905328,25,CT,Renters,Fire,2026-07-18,2026-07-25,15447.65,14475.35,Approved,12.0,False
CLM003324,POL740887,83,MI,Auto,Collision,2026-03-20,2026-03-26,39751.23,36929.95,Approved,29.0,False
CLM003325,POL137614,20,MI,Life,Life Benefit,2026-04-21,2026-04-23,29615.73,21895.42,Approved,27.0,False
CLM003326,POL696257,67,VA,Life,Life Benefit,2026-04-13,2026-04-17,16181.14,16103.73,Approved,2.0,True
CLM003327,POL617638,33,CT,Renters,Property Damage,2026-05-05,2026-05-05,22985.81,0.0,Denied,11.0,False
CLM003328,POL377410,65,IL,Renters,Theft,2025-10-09,2025-10-14,6863.52,5340.86,Approved,25.0,False
CLM003329,POL441769,21,VA,Renters,Property Damage,2026-05-03,2026-05-05,38574.53,30811.21,Approved,11.0,False
CLM003330,POL999443,83,MI,Renters,Property Damage,2025-10-08,2025-10-15,33193.0,0.0,Pending,,False
CLM003331,POL877772,65,NJ,Renters,Water Damage,2026-09-10,2026-09-17,41809.54,0.0,Pending,,False
CLM003332,POL829498,45,OH,Renters,Theft,2026-01-18,2026-01-20,30656.8,26317.92,Approved,26.0,False
CLM003333,POL962256,20,OH,Home,Theft,2026-08-09,2026-08-14,20485.19,0.0,Pending,,False
CLM003334,POL638923,62,CT,Home,Property Damage,2026-06-07,2026-06-14,14528.81,0.0,Denied,34.0,False
CLM003335,POL359401,38,MI,Life,Life Benefit,2026-03-03,2026-03-03,11404.42,8187.18,Approved,20.0,False
CLM003336,POL912519,75,MD,Auto,Weather Damage,2025-09-24,2025-09-29,5878.43,0.0,Denied,30.0,False
CLM003337,POL915169,61,MA,Home,Water Damage,2026-04-21,2026-04-22,34291.56,32069.92,Approved,18.0,False
CLM003338,POL267226,47,VA,Life,Life Benefit,2025-09-27,2025-10-04,11165.54,0.0,Pending,,False
CLM003339,POL553503,66,MD,Auto,Weather Damage,2026-05-30,2026-05-30,14564.44,0.0,Pending,,False
CLM003340,POL505716,76,MI,Home,Water Damage,2025-12-12,2025-12-18,35679.82,0.0,Pending,,False
CLM003341,POL652185,23,CT,Life,Life Benefit,2026-08-14,2026-08-16,42784.4,32005.7,Approved,22.0,False
CLM003342,POL919245,76,OH,Home,Fire,2025-09-24,2025-10-01,22500.54,21794.75,Approved,9.0,False
CLM003343,POL162895,79,MD,Home,Property Damage,2025-10-18,2025-10-25,15999.43,13785.39,Approved,22.0,False
CLM003344,POL552694,76,PA,Renters,Water Damage,2026-05-04,2026-05-09,48785.24,44738.89,Approved,2.0,False
CLM003345,POL255405,74,PA,Auto,Weather Damage,2026-07-05,2026-07-05,25469.82,18947.34,Approved,28.0,False
CLM003346,POL558551,60,MI,Renters,Theft,2026-05-23,2026-05-27,30318.11,29727.64,Approved,28.0,False
CLM003347,POL740549,78,MD,Auto,Theft,2026-03-16,2026-03-23,45141.28,32849.8,Approved,6.0,False
CLM003348,POL703687,64,NJ,Renters,Fire,2026-05-23,2026-05-30,17547.79,15518.15,Approved,16.0,False
CLM003349,POL906125,67,PA,Renters,Theft,2026-01-04,2026-01-08,12799.56,11743.51,Approved,20.0,False
CLM003350,POL425871,39,CT,Renters,Fire,2026-03-04,2026-03-11,31893.58,25185.5,Approved,22.0,False
CLM003351,POL841027,48,VA,Home,Property Damage,2025-10-08,2025-10-11,37065.78,28507.02,Approved,8.0,False
CLM003352,POL335939,61,NY,Home,Property Damage,2026-04-07,2026-04-14,1403.21,1328.72,Approved,10.0,False
CLM003353,POL622552,68,MI,Renters,Water Damage,2026-03-14,2026-03-20,39250.41,30153.06,Approved,7.0,False
CLM003354,POL594864,66,MD,Renters,Fire,2026-01-28,2026-01-29,40375.55,34093.04,Approved,26.0,False
CLM003355,POL782538,40,NJ,Auto,Weather Damage,2026-03-25,2026-03-30,29653.33,28243.78,Approved,17.0,False
CLM003356,POL622010,80,NJ,Auto,Weather Damage,2026-06-25,2026-06-29,13166.61,11116.98,Approved,30.0,False
CLM003357,POL324797,59,PA,Life,Life Benefit,2026-03-19,2026-03-24,3375.38,0.0,Denied,30.0,False
CLM003358,POL470312,52,MA,Home,Theft,2025-10-02,2025-10-04,40335.86,28287.98,Approved,9.0,False
CLM003359,POL584414,67,CT,Life,Life Benefit,2026-06-22,2026-06-24,19811.92,18913.75,Approved,21.0,False
CLM003360,POL760665,77,PA,Home,Fire,2025-12-23,2025-12-30,10516.08,0.0,Pending,,False
CLM003361,POL862983,69,MA,Life,Life Benefit,2025-10-08,2025-10-08,22253.77,17561.55,Approved,13.0,False
CLM003362,POL210702,37,NJ,Renters,Fire,2025-10-14,2025-10-19,18254.48,14358.23,Approved,10.0,False
CLM003363,POL569831,79,VA,Home,Property Damage,2026-06-08,2026-06-08,14310.11,14240.09,Approved,7.0,False
CLM003364,POL787523,76,VA,Auto,Weather Damage,2026-06-13,2026-06-18,32842.11,30851.12,Approved,23.0,False
CLM003365,POL487031,56,VA,Renters,Water Damage,2025-11-09,2025-11-16,37944.59,33758.31,Approved,13.0,False
CLM003366,POL311169,64,CT,Auto,Glass Damage,2025-12-01,2025-12-08,3168.84,2900.84,Approved,14.0,False
CLM003367,POL767656,56,VA,Auto,Glass Damage,2025-11-13,2025-11-17,31148.81,0.0,Denied,36.0,False
CLM003368,POL423432,60,PA,Home,Theft,2025-12-07,2025-12-14,1559.91,0.0,Denied,6.0,False
CLM003369,POL699482,40,OH,Renters,Water Damage,2025-12-06,2025-12-12,13661.07,0.0,Pending,,False
CLM003370,POL972105,85,MA,Renters,Theft,2026-01-27,2026-01-31,25539.32,0.0,Pending,,False
CLM003371,POL547024,61,MD,Life,Life Benefit,2026-03-15,2026-03-18,22327.36,18010.88,Approved,20.0,False
CLM003372,POL802143,84,NJ,Life,Life Benefit,2025-09-16,2025-09-23,13008.24,0.0,Denied,6.0,False
CLM003373,POL390189,30,OH,Life,Life Benefit,2025-09-19,2025-09-26,43982.79,41668.33,Approved,25.0,True
CLM003374,POL444880,25,NJ,Renters,Fire,2026-01-08,2026-01-15,4181.86,0.0,Denied,16.0,False
CLM003375,POL661208,30,CT,Life,Life Benefit,2026-01-13,2026-01-13,47499.18,41966.71,Approved,12.0,False
CLM003376,POL774274,56,OH,Home,Property Damage,2025-11-25,2025-11-27,13037.15,0.0,Pending,,False
CLM003377,POL654531,36,MI,Renters,Water Damage,2026-01-11,2026-01-16,49692.41,37587.09,Approved,8.0,False
CLM003378,POL446990,27,MI,Life,Life Benefit,2026-04-07,2026-04-11,26396.64,25072.79,Approved,23.0,False
CLM003379,POL289502,57,NY,Home,Fire,2025-11-11,2025-11-17,784.03,627.57,Approved,27.0,False
CLM003380,POL512634,51,PA,Auto,Theft,2026-01-15,2026-01-17,28469.87,0.0,Pending,,False
CLM003381,POL734971,30,NJ,Home,Theft,2026-03-16,2026-03-17,22478.03,19771.25,Approved,4.0,False
CLM003382,POL718599,76,PA,Home,Theft,2026-07-05,2026-07-05,47949.77,35451.34,Approved,20.0,False
CLM003383,POL503691,50,CT,Life,Life Benefit,2025-11-08,2025-11-14,41312.78,35851.59,Approved,30.0,False
CLM003384,POL891544,30,IL,Home,Theft,2025-09-15,2025-09-17,23612.22,18686.64,Approved,29.0,False
CLM003385,POL247469,49,MA,Home,Water Damage,2026-02-19,2026-02-26,23706.58,20839.73,Approved,6.0,False
CLM003386,POL661453,34,PA,Renters,Water Damage,2026-02-08,2026-02-12,36162.32,0.0,Pending,,False
CLM003387,POL458861,62,NY,Home,Theft,2025-12-14,2025-12-15,8708.55,8634.2,Approved,9.0,False
CLM003388,POL942635,21,OH,Auto,Glass Damage,2026-05-07,2026-05-07,36203.41,29068.82,Approved,17.0,False
CLM003389,POL387773,40,PA,Auto,Theft,2025-10-26,2025-10-26,33032.83,26962.0,Approved,19.0,False
CLM003390,POL949973,33,NJ,Home,Water Damage,2026-05-23,2026-05-30,14386.15,11087.88,Approved,3.0,False
CLM003391,POL287067,19,NY,Home,Theft,2026-01-28,2026-02-01,25309.15,21974.43,Approved,18.0,False
CLM003392,POL685873,35,NY,Auto,Glass Damage,2026-05-03,2026-05-10,39089.35,0.0,Denied,6.0,False
CLM003393,POL609441,18,MI,Life,Life Benefit,2026-06-27,2026-06-29,25524.41,22766.66,Approved,5.0,False
CLM003394,POL554661,43,PA,Auto,Weather Damage,2026-03-13,2026-03-15,15818.7,12528.48,Approved,16.0,False
CLM003395,POL849078,51,OH,Home,Fire,2026-02-02,2026-02-05,26086.98,23810.13,Approved,28.0,False
CLM003396,POL481225,53,NY,Renters,Water Damage,2025-11-08,2025-11-09,15687.33,11306.69,Approved,16.0,False
CLM003397,POL305349,31,IL,Renters,Fire,2026-03-19,2026-03-25,25414.1,22854.36,Approved,2.0,False
CLM003398,POL929184,85,MA,Life,Life Benefit,2026-01-04,2026-01-06,48427.31,38399.85,Approved,18.0,False
CLM003399,POL505959,34,MA,Auto,Collision,2026-06-30,2026-07-02,28889.54,28571.2,Approved,17.0,False
CLM003400,POL274113,35,OH,Renters,Water Damage,2025-11-02,2025-11-05,26703.83,0.0,Denied,10.0,False
CLM003401,POL520488,82,MI,Auto,Collision,2025-10-20,2025-10-25,40841.19,0.0,Pending,,False
CLM003402,POL152769,49,OH,Life,Life Benefit,2026-07-18,2026-07-18,38209.16,26980.25,Approved,4.0,False
CLM003403,POL578386,34,NJ,Life,Life Benefit,2026-06-02,2026-06-02,45810.94,43029.19,Approved,17.0,False
CLM003404,POL766565,29,MI,Renters,Fire,2026-07-20,2026-07-22,9951.53,0.0,Pending,,False
CLM003405,POL901619,45,VA,Renters,Theft,2025-11-10,2025-11-14,30054.68,23907.98,Approved,23.0,False
CLM003406,POL404288,82,MI,Life,Life Benefit,2026-08-04,2026-08-10,45009.73,38611.56,Approved,17.0,False
CLM003407,POL678525,67,MA,Home,Property Damage,2025-12-22,2025-12-26,26901.57,23204.8,Approved,27.0,False
CLM003408,POL369820,71,IL,Renters,Water Damage,2026-04-25,2026-04-26,15402.27,10909.39,Approved,11.0,False
CLM003409,POL421305,59,PA,Renters,Fire,2026-04-14,2026-04-19,40986.41,0.0,Denied,4.0,False
CLM003410,POL655076,31,NJ,Auto,Collision,2026-07-03,2026-07-04,45426.27,35425.61,Approved,20.0,False
CLM003411,POL141068,71,MA,Life,Life Benefit,2026-08-11,2026-08-14,36017.73,28068.55,Approved,3.0,True
CLM003412,POL713226,21,NJ,Renters,Water Damage,2026-02-02,2026-02-03,23296.03,23137.76,Approved,5.0,False
CLM003413,POL761172,51,VA,Renters,Property Damage,2026-07-08,2026-07-12,44454.58,0.0,Pending,,False
CLM003414,POL260902,77,MD,Home,Property Damage,2026-02-03,2026-02-08,2768.41,0.0,Denied,22.0,False
CLM003415,POL758045,76,MD,Home,Water Damage,2025-12-20,2025-12-21,45659.92,0.0,Denied,35.0,False
CLM003416,POL694025,80,MI,Renters,Fire,2026-06-14,2026-06-17,33378.96,27375.42,Approved,13.0,False
CLM003417,POL327106,74,VA,Life,Life Benefit,2026-04-30,2026-04-30,16415.35,0.0,Denied,17.0,False
CLM003418,POL328901,53,OH,Renters,Water Damage,2026-06-26,2026-06-27,36488.82,35364.52,Approved,30.0,False
CLM003419,POL976449,72,OH,Life,Life Benefit,2026-06-19,2026-06-22,19042.81,17140.34,Approved,19.0,False
CLM003420,POL679784,64,PA,Auto,Glass Damage,2026-02-19,2026-02-22,1913.86,1643.31,Approved,4.0,False
CLM003421,POL825624,54,NY,Renters,Fire,2026-01-04,2026-01-06,24457.04,0.0,Denied,41.0,False
CLM003422,POL809079,28,PA,Renters,Water Damage,2025-10-06,2025-10-10,42835.72,0.0,Denied,20.0,False
CLM003423,POL418941,62,NY,Auto,Collision,2026-08-07,2026-08-13,5586.06,4599.59,Approved,6.0,True
CLM003424,POL404788,40,MI,Auto,Glass Damage,2025-09-22,2025-09-28,38113.98,0.0,Denied,36.0,False
CLM003425,POL990314,27,NY,Auto,Weather Damage,2025-10-26,2025-10-26,46886.38,0.0,Denied,34.0,False
CLM003426,POL732252,68,NY,Life,Life Benefit,2026-07-02,2026-07-05,9736.62,0.0,Denied,5.0,False
CLM003427,POL124667,59,MI,Life,Life Benefit,2026-03-14,2026-03-18,11287.32,11202.97,Approved,14.0,False
CLM003428,POL305695,76,IL,Home,Property Damage,2026-01-07,2026-01-08,26134.02,23730.49,Approved,3.0,False
CLM003429,POL627605,59,MD,Home,Fire,2026-01-02,2026-01-06,41810.77,38453.66,Approved,5.0,False
CLM003430,POL321467,83,NJ,Auto,Glass Damage,2025-12-07,2025-12-09,26109.75,25212.97,Approved,13.0,False
CLM003431,POL920484,30,MI,Home,Property Damage,2026-06-30,2026-07-07,40556.21,36771.34,Approved,26.0,False
CLM003432,POL220390,80,PA,Home,Fire,2026-02-21,2026-02-25,857.21,831.88,Approved,30.0,True
CLM003433,POL893000,60,MI,Home,Property Damage,2026-02-14,2026-02-21,38613.1,27130.85,Approved,6.0,False
CLM003434,POL838745,32,NJ,Life,Life Benefit,2026-08-23,2026-08-24,26751.55,23568.0,Approved,25.0,False
CLM003435,POL637209,74,MI,Life,Life Benefit,2026-06-02,2026-06-06,4207.28,3786.77,Approved,26.0,False
CLM003436,POL912387,67,IL,Renters,Theft,2025-11-23,2025-11-25,21178.52,15399.08,Approved,13.0,False
CLM003437,POL307695,84,IL,Auto,Weather Damage,2025-10-16,2025-10-16,30395.75,23153.68,Approved,22.0,False
CLM003438,POL103670,23,PA,Life,Life Benefit,2026-08-27,2026-08-27,28968.16,28061.9,Approved,25.0,False
CLM003439,POL668613,61,MA,Home,Theft,2025-09-29,2025-10-05,40735.27,39202.15,Approved,22.0,False
CLM003440,POL120289,24,NJ,Life,Life Benefit,2026-02-13,2026-02-20,49117.28,0.0,Pending,,False
CLM003441,POL391702,51,OH,Home,Property Damage,2026-08-11,2026-08-16,46678.5,0.0,Pending,,False
CLM003442,POL269832,43,VA,Life,Life Benefit,2026-03-19,2026-03-26,45258.44,37220.99,Approved,6.0,False
CLM003443,POL762748,51,MI,Auto,Theft,2026-03-08,2026-03-09,36361.87,0.0,Pending,,False
CLM003444,POL100750,68,VA,Renters,Fire,2026-03-07,2026-03-08,47426.39,0.0,Pending,,False
CLM003445,POL326374,19,NJ,Life,Life Benefit,2026-01-23,2026-01-23,16253.67,14674.71,Approved,27.0,False
CLM003446,POL200652,45,MI,Life,Life Benefit,2025-09-17,2025-09-21,19735.56,17534.84,Approved,9.0,False
CLM003447,POL856789,28,PA,Auto,Collision,2025-10-18,2025-10-21,17154.62,15148.8,Approved,8.0,True
CLM003448,POL879330,53,NY,Home,Property Damage,2026-03-25,2026-03-28,41865.53,37513.06,Approved,18.0,True
CLM003449,POL663925,46,OH,Auto,Collision,2025-09-15,2025-09-15,21581.75,15816.4,Approved,28.0,False
CLM003450,POL842996,75,IL,Home,Theft,2025-11-29,2025-12-03,18636.45,0.0,Pending,,False
CLM003451,POL625223,34,CT,Auto,Theft,2026-05-25,2026-06-01,33147.03,30524.63,Approved,15.0,False
CLM003452,POL486932,18,VA,Auto,Collision,2025-09-25,2025-09-26,40341.41,31553.94,Approved,4.0,False
CLM003453,POL986819,53,NJ,Auto,Theft,2025-09-20,2025-09-27,36822.52,28386.41,Approved,28.0,False
CLM003454,POL704439,35,CT,Renters,Property Damage,2026-04-03,2026-04-04,9597.23,9347.16,Approved,5.0,False
CLM003455,POL465772,66,IL,Life,Life Benefit,2026-02-02,2026-02-03,4931.75,4012.97,Approved,4.0,False
CLM003456,POL104105,19,MD,Home,Theft,2026-01-23,2026-01-23,8135.75,0.0,Denied,7.0,False
CLM003457,POL124364,74,MD,Renters,Water Damage,2026-03-03,2026-03-10,3315.99,2954.29,Approved,28.0,False
CLM003458,POL539284,31,CT,Life,Life Benefit,2025-10-21,2025-10-24,4278.71,4061.57,Approved,14.0,False
CLM003459,POL521364,78,MA,Life,Life Benefit,2025-12-25,2026-01-01,43225.73,0.0,Pending,,False
CLM003460,POL759943,58,VA,Auto,Weather Damage,2026-01-18,2026-01-24,14073.43,0.0,Pending,,False
CLM003461,POL910422,62,MA,Auto,Glass Damage,2026-08-29,2026-09-05,4156.96,3391.58,Approved,23.0,False
CLM003462,POL487358,41,CT,Renters,Water Damage,2026-02-18,2026-02-22,6596.49,0.0,Denied,28.0,True
CLM003463,POL638181,56,MI,Renters,Theft,2026-01-17,2026-01-17,27113.9,24695.95,Approved,25.0,False
CLM003464,POL701093,23,OH,Renters,Theft,2026-07-25,2026-07-30,36291.23,33101.05,Approved,7.0,False
CLM003465,POL810633,49,CT,Renters,Fire,2026-06-25,2026-07-02,23703.16,0.0,Pending,,False
CLM003466,POL150306,85,CT,Renters,Water Damage,2025-09-22,2025-09-25,21207.32,19500.34,Approved,26.0,False
CLM003467,POL127073,53,OH,Home,Property Damage,2026-03-10,2026-03-14,37967.68,33714.5,Approved,13.0,False
CLM003468,POL752020,37,NJ,Home,Water Damage,2026-01-05,2026-01-07,43967.26,0.0,Denied,12.0,False
CLM003469,POL588608,27,VA,Life,Life Benefit,2026-07-13,2026-07-14,4299.21,3465.22,Approved,17.0,False
CLM003470,POL812357,30,MI,Auto,Collision,2026-08-14,2026-08-21,34444.24,26170.05,Approved,10.0,False
CLM003471,POL919321,76,MA,Renters,Theft,2026-03-05,2026-03-06,5235.78,4068.34,Approved,14.0,False
CLM003472,POL161417,64,MI,Home,Property Damage,2025-09-19,2025-09-22,39102.73,35970.63,Approved,14.0,False
CLM003473,POL702788,38,CT,Home,Property Damage,2026-05-01,2026-05-08,42617.12,33416.5,Approved,7.0,False
CLM003474,POL609763,59,OH,Life,Life Benefit,2026-01-30,2026-02-02,15529.75,14960.22,Approved,13.0,False
CLM003475,POL507752,53,CT,Life,Life Benefit,2026-05-24,2026-05-30,25404.93,0.0,Denied,29.0,True
CLM003476,POL113380,42,IL,Renters,Water Damage,2025-11-11,2025-11-14,23006.19,16395.64,Approved,26.0,False
CLM003477,POL102474,66,NJ,Auto,Collision,2026-02-03,2026-02-06,27828.19,0.0,Denied,13.0,False
CLM003478,POL751213,49,CT,Auto,Collision,2026-05-22,2026-05-23,47473.12,39174.5,Approved,16.0,False
CLM003479,POL634098,63,MI,Auto,Weather Damage,2026-09-12,2026-09-14,36182.57,35821.72,Approved,29.0,False
CLM003480,POL270773,69,PA,Home,Theft,2026-08-30,2026-09-05,16038.17,11272.45,Approved,22.0,False
CLM003481,POL356249,37,PA,Auto,Theft,2026-05-07,2026-05-11,41948.55,35289.97,Approved,29.0,True
CLM003482,POL973816,44,MD,Renters,Theft,2025-10-22,2025-10-25,36249.67,26907.38,Approved,24.0,False
CLM003483,POL870104,66,VA,Renters,Water Damage,2026-03-17,2026-03-23,33863.82,32423.07,Approved,25.0,False
CLM003484,POL243360,77,PA,Auto,Collision,2026-09-05,2026-09-12,29150.59,0.0,Pending,,False
CLM003485,POL675858,34,MI,Renters,Fire,2025-10-22,2025-10-26,20522.63,17179.51,Approved,5.0,False
CLM003486,POL574796,72,MD,Home,Property Damage,2026-08-04,2026-08-05,20293.5,0.0,Denied,26.0,False
CLM003487,POL136551,71,CT,Renters,Fire,2025-10-20,2025-10-25,33079.62,26557.77,Approved,29.0,False
CLM003488,POL196479,42,PA,Life,Life Benefit,2026-04-11,2026-04-17,13371.14,13211.42,Approved,9.0,False
CLM003489,POL561552,24,MI,Home,Theft,2025-12-12,2025-12-19,10774.59,8401.82,Approved,15.0,False
CLM003490,POL150969,29,MD,Auto,Collision,2025-10-22,2025-10-28,42297.63,0.0,Denied,37.0,False
CLM003491,POL563295,25,MI,Auto,Theft,2025-10-16,2025-10-19,49285.36,0.0,Pending,,False
CLM003492,POL182238,64,MI,Auto,Weather Damage,2026-09-04,2026-09-06,25232.08,21847.47,Approved,14.0,False
CLM003493,POL100823,19,VA,Renters,Property Damage,2026-03-19,2026-03-23,11154.21,10837.46,Approved,26.0,True
CLM003494,POL415199,67,NJ,Home,Fire,2026-08-12,2026-08-12,23477.6,0.0,Denied,39.0,False
CLM003495,POL192939,28,MA,Life,Life Benefit,2026-06-20,2026-06-24,29629.6,27044.62,Approved,30.0,False
CLM003496,POL643929,73,VA,Auto,Theft,2026-05-18,2026-05-25,22051.69,17115.59,Approved,4.0,False
CLM003497,POL665277,21,MD,Auto,Weather Damage,2025-09-26,2025-10-03,7639.88,6697.23,Approved,26.0,False
CLM003498,POL422053,31,OH,Renters,Water Damage,2025-11-15,2025-11-21,21707.53,17053.89,Approved,6.0,False
CLM003499,POL128498,38,VA,Home,Fire,2026-05-13,2026-05-17,3174.37,2531.37,Approved,26.0,True
CLM003500,POL846598,55,NY,Home,Property Damage,2026-01-27,2026-02-02,39153.32,33652.51,Approved,23.0,False
CLM003501,POL114182,38,PA,Renters,Theft,2026-05-09,2026-05-14,38294.19,0.0,Pending,,False
CLM003502,POL490961,66,OH,Auto,Glass Damage,2026-05-27,2026-05-29,33566.68,26461.53,Approved,11.0,False
CLM003503,POL524243,33,VA,Life,Life Benefit,2026-01-31,2026-02-03,32718.59,26998.9,Approved,8.0,False
CLM003504,POL776356,45,IL,Renters,Theft,2026-02-18,2026-02-22,49013.96,34935.29,Approved,16.0,False
CLM003505,POL945896,65,NJ,Life,Life Benefit,2026-03-28,2026-04-03,48440.56,35416.31,Approved,2.0,False
CLM003506,POL692236,78,OH,Renters,Property Damage,2025-11-22,2025-11-24,12297.29,0.0,Pending,,False
CLM003507,POL764743,38,NY,Home,Theft,2025-10-19,2025-10-24,44796.92,43495.34,Approved,9.0,False
CLM003508,POL507543,71,NY,Life,Life Benefit,2025-11-22,2025-11-23,30958.53,23617.93,Approved,2.0,False
CLM003509,POL303354,37,IL,Renters,Property Damage,2026-04-25,2026-04-26,46454.18,39906.45,Approved,25.0,True
CLM003510,POL182181,67,NJ,Life,Life Benefit,2025-12-25,2025-12-25,656.22,621.47,Approved,18.0,False
CLM003511,POL780192,65,CT,Renters,Property Damage,2026-01-25,2026-01-29,1913.94,1732.82,Approved,4.0,False
CLM003512,POL300876,37,NY,Home,Theft,2026-05-15,2026-05-17,22795.73,16011.61,Approved,16.0,False
CLM003513,POL427504,82,OH,Life,Life Benefit,2026-08-19,2026-08-19,48157.51,40255.83,Approved,17.0,False
CLM003514,POL218952,41,MI,Home,Theft,2026-01-22,2026-01-28,16855.18,0.0,Denied,36.0,False
CLM003515,POL927744,37,PA,Renters,Water Damage,2026-04-17,2026-04-23,17229.92,12147.32,Approved,7.0,False
CLM003516,POL388101,67,NJ,Life,Life Benefit,2026-04-05,2026-04-06,22802.13,19015.43,Approved,2.0,False
CLM003517,POL931928,61,MD,Auto,Weather Damage,2025-09-24,2025-09-29,2659.45,2031.43,Approved,9.0,False
CLM003518,POL507236,48,MD,Home,Water Damage,2026-08-11,2026-08-11,36486.72,34699.75,Approved,25.0,False
CLM003519,POL165715,74,VA,Auto,Weather Damage,2025-10-28,2025-11-04,29626.43,27723.38,Approved,2.0,False
CLM003520,POL715260,80,NJ,Home,Fire,2026-05-20,2026-05-21,977.84,959.97,Approved,24.0,False
CLM003521,POL723587,21,NY,Life,Life Benefit,2025-10-11,2025-10-12,29767.13,23445.09,Approved,14.0,True
CLM003522,POL177689,69,OH,Auto,Glass Damage,2026-06-02,2026-06-08,10246.43,8410.02,Approved,3.0,False
CLM003523,POL234023,65,OH,Renters,Theft,2026-01-08,2026-01-08,39024.74,36799.88,Approved,19.0,False
CLM003524,POL500684,27,MD,Auto,Theft,2025-09-16,2025-09-16,14194.56,10173.31,Approved,26.0,False
CLM003525,POL468404,21,IL,Life,Life Benefit,2026-07-28,2026-07-29,20588.68,15032.7,Approved,29.0,False
CLM003526,POL436162,79,VA,Life,Life Benefit,2026-04-11,2026-04-11,32110.48,0.0,Denied,41.0,True
CLM003527,POL644888,26,NJ,Auto,Weather Damage,2026-02-19,2026-02-26,34043.1,30800.48,Approved,6.0,False
CLM003528,POL145565,37,VA,Life,Life Benefit,2026-03-28,2026-03-29,24557.91,22147.96,Approved,8.0,False
CLM003529,POL996877,55,NJ,Auto,Theft,2026-02-09,2026-02-15,26409.09,0.0,Denied,25.0,False
CLM003530,POL264345,77,MD,Auto,Collision,2025-12-04,2025-12-10,26439.96,20629.37,Approved,2.0,True
CLM003531,POL798112,70,MI,Auto,Weather Damage,2026-02-11,2026-02-13,47402.47,45228.81,Approved,8.0,False
CLM003532,POL853754,47,PA,Life,Life Benefit,2026-01-31,2026-02-06,35782.31,31498.73,Approved,15.0,False
CLM003533,POL114454,68,IL,Auto,Glass Damage,2025-11-30,2025-12-04,12222.85,12107.43,Approved,11.0,False
CLM003534,POL183070,53,CT,Home,Fire,2026-06-25,2026-06-29,30994.09,0.0,Denied,36.0,False
CLM003535,POL594077,30,IL,Home,Fire,2026-01-18,2026-01-18,29256.17,23435.53,Approved,2.0,False
CLM003536,POL204441,34,IL,Life,Life Benefit,2026-08-21,2026-08-26,2475.21,2114.23,Approved,15.0,False
CLM003537,POL340709,41,MD,Renters,Theft,2025-12-26,2026-01-01,5242.61,3754.31,Approved,9.0,False
CLM003538,POL724552,69,CT,Auto,Theft,2025-09-17,2025-09-19,32417.61,30090.87,Approved,19.0,False
CLM003539,POL993569,24,NY,Renters,Fire,2026-08-13,2026-08-14,26236.76,0.0,Denied,28.0,False
CLM003540,POL729081,69,MA,Home,Theft,2026-02-15,2026-02-15,34304.65,31243.72,Approved,27.0,True
CLM003541,POL756441,59,MA,Life,Life Benefit,2026-05-03,2026-05-09,7101.57,5128.92,Approved,6.0,False
CLM003542,POL706766,44,MD,Home,Property Damage,2025-12-03,2025-12-04,44565.25,33250.47,Approved,8.0,False
CLM003543,POL426045,59,MA,Auto,Collision,2025-10-04,2025-10-05,15258.32,14641.6,Approved,27.0,True
CLM003544,POL178818,20,NJ,Renters,Theft,2026-07-16,2026-07-21,14126.94,0.0,Pending,,False
CLM003545,POL491701,40,MD,Life,Life Benefit,2025-11-06,2025-11-07,39105.97,28215.39,Approved,3.0,False
CLM003546,POL968912,70,IL,Auto,Collision,2026-02-07,2026-02-11,5476.64,5232.54,Approved,11.0,False
CLM003547,POL237082,32,NY,Auto,Theft,2025-11-21,2025-11-21,31271.99,28921.58,Approved,3.0,False
CLM003548,POL280113,74,MD,Auto,Glass Damage,2026-03-12,2026-03-13,17534.04,15682.53,Approved,8.0,False
CLM003549,POL666886,71,MD,Auto,Weather Damage,2025-11-24,2025-12-01,21394.32,16792.83,Approved,18.0,False
CLM003550,POL332873,49,MD,Auto,Weather Damage,2026-05-20,2026-05-26,8423.64,7921.36,Approved,24.0,False
CLM003551,POL849351,20,VA,Renters,Fire,2026-08-15,2026-08-15,19052.18,13604.98,Approved,11.0,False
CLM003552,POL454537,46,IL,Home,Property Damage,2026-06-28,2026-06-29,1510.08,0.0,Denied,5.0,False
CLM003553,POL441357,33,MA,Home,Theft,2026-06-09,2026-06-09,4927.49,0.0,Denied,38.0,False
CLM003554,POL324945,85,CT,Home,Theft,2026-07-23,2026-07-25,31124.82,27093.23,Approved,8.0,False
CLM003555,POL787526,66,IL,Home,Water Damage,2026-03-04,2026-03-10,41720.84,35739.22,Approved,25.0,False
CLM003556,POL234357,33,MI,Renters,Property Damage,2025-10-04,2025-10-06,2784.96,2396.46,Approved,29.0,False
CLM003557,POL873259,64,MA,Home,Theft,2025-10-09,2025-10-10,2845.23,0.0,Denied,22.0,False
CLM003558,POL919415,53,MD,Life,Life Benefit,2026-09-13,2026-09-18,40942.94,0.0,Pending,,False
CLM003559,POL119502,57,VA,Renters,Water Damage,2026-04-08,2026-04-11,27573.85,0.0,Denied,9.0,False
CLM003560,POL502464,50,PA,Renters,Water Damage,2026-01-10,2026-01-12,14106.7,12762.63,Approved,9.0,False
CLM003561,POL750618,65,MI,Life,Life Benefit,2026-03-26,2026-03-30,24258.91,0.0,Denied,12.0,False
CLM003562,POL374492,60,NJ,Home,Theft,2025-12-26,2025-12-29,44449.22,35284.82,Approved,14.0,True
CLM003563,POL413383,68,VA,Home,Theft,2025-09-28,2025-10-04,46898.3,44422.53,Approved,2.0,False
CLM003564,POL877213,55,OH,Renters,Water Damage,2025-11-18,2025-11-25,13995.44,0.0,Denied,34.0,False
CLM003565,POL484297,42,NY,Home,Fire,2025-10-10,2025-10-13,43340.27,38085.18,Approved,8.0,False
CLM003566,POL839890,77,MI,Renters,Property Damage,2026-03-08,2026-03-14,37380.85,34016.75,Approved,17.0,False
CLM003567,POL405956,63,PA,Life,Life Benefit,2026-02-01,2026-02-05,11926.26,11138.72,Approved,5.0,False
CLM003568,POL799669,84,NY,Home,Property Damage,2026-08-07,2026-08-09,48380.42,35553.59,Approved,10.0,False
CLM003569,POL757297,37,MD,Home,Theft,2026-02-27,2026-02-28,47487.06,38502.23,Approved,27.0,False
CLM003570,POL246424,82,NJ,Auto,Weather Damage,2026-05-18,2026-05-25,23097.52,21208.29,Approved,20.0,False
CLM003571,POL798985,39,IL,Auto,Glass Damage,2026-05-04,2026-05-06,49707.72,35160.69,Approved,29.0,False
CLM003572,POL820824,30,IL,Home,Property Damage,2025-10-02,2025-10-08,32303.13,30461.9,Approved,3.0,False
CLM003573,POL956421,77,CT,Renters,Fire,2026-02-27,2026-02-28,14249.99,10442.48,Approved,7.0,False
CLM003574,POL582749,81,MA,Home,Theft,2025-12-20,2025-12-26,16821.66,0.0,Pending,,False
CLM003575,POL575273,50,MD,Renters,Property Damage,2026-07-17,2026-07-19,9949.18,8824.2,Approved,18.0,False
CLM003576,POL465892,82,MD,Renters,Property Damage,2026-01-04,2026-01-05,45039.75,0.0,Pending,,False
CLM003577,POL846668,22,MA,Home,Theft,2026-03-31,2026-03-31,46134.76,0.0,Pending,,False
CLM003578,POL567284,57,IL,Home,Water Damage,2026-01-08,2026-01-08,19762.41,18164.43,Approved,25.0,False
CLM003579,POL201827,66,MA,Home,Fire,2025-12-17,2025-12-21,34266.32,33930.89,Approved,27.0,False
CLM003580,POL413355,56,MD,Auto,Theft,2026-01-10,2026-01-11,42162.14,30873.43,Approved,11.0,False
CLM003581,POL700283,74,MA,Home,Fire,2026-08-14,2026-08-14,20163.73,15132.08,Approved,3.0,True
CLM003582,POL466003,24,MI,Auto,Theft,2025-10-24,2025-10-28,30614.09,21954.89,Approved,6.0,False
CLM003583,POL708322,21,CT,Auto,Glass Damage,2026-08-04,2026-08-05,41438.71,37911.06,Approved,13.0,False
CLM003584,POL354135,72,OH,Home,Water Damage,2026-05-14,2026-05-18,13865.84,11784.65,Approved,19.0,False
CLM003585,POL547627,63,MA,Auto,Theft,2026-02-07,2026-02-07,28790.44,22758.15,Approved,30.0,False
CLM003586,POL358877,27,PA,Home,Theft,2026-07-27,2026-07-27,33522.16,0.0,Denied,41.0,False
CLM003587,POL169019,18,MA,Auto,Weather Damage,2025-11-19,2025-11-24,5193.26,3661.34,Approved,26.0,False
CLM003588,POL923670,73,NY,Auto,Weather Damage,2025-10-07,2025-10-10,10848.44,7799.82,Approved,3.0,False
CLM003589,POL279667,26,OH,Renters,Water Damage,2026-01-17,2026-01-17,1969.12,1468.52,Approved,22.0,False
CLM003590,POL504917,62,OH,Renters,Fire,2025-12-26,2025-12-28,25389.89,0.0,Denied,15.0,False
CLM003591,POL641981,55,NY,Auto,Theft,2026-01-02,2026-01-08,32978.25,30561.43,Approved,9.0,False
CLM003592,POL261157,66,NJ,Auto,Glass Damage,2026-06-09,2026-06-12,15813.06,15247.48,Approved,8.0,False
CLM003593,POL568866,50,OH,Renters,Fire,2026-01-12,2026-01-16,38752.55,28148.76,Approved,25.0,False
CLM003594,POL436043,46,MI,Auto,Collision,2026-07-17,2026-07-22,38686.89,27885.41,Approved,27.0,False
CLM003595,POL900932,37,PA,Life,Life Benefit,2026-02-03,2026-02-08,22385.74,16697.54,Approved,10.0,False
CLM003596,POL190638,43,CT,Renters,Theft,2026-01-01,2026-01-01,45617.82,0.0,Pending,,False
CLM003597,POL219268,56,IL,Auto,Weather Damage,2026-08-28,2026-09-03,23015.62,22844.41,Approved,3.0,False
CLM003598,POL432502,75,OH,Renters,Theft,2025-12-28,2026-01-04,11413.24,10961.85,Approved,24.0,False
CLM003599,POL421553,19,IL,Renters,Fire,2025-10-23,2025-10-29,30950.73,0.0,Denied,16.0,False
CLM003600,POL997412,50,MI,Life,Life Benefit,2026-06-06,2026-06-07,37789.69,31183.87,Approved,18.0,False
CLM003601,POL993532,82,CT,Home,Property Damage,2026-06-20,2026-06-23,24803.04,0.0,Pending,,True
CLM003602,POL135659,77,PA,Home,Property Damage,2026-04-23,2026-04-28,8221.02,6263.93,Approved,28.0,False
CLM003603,POL811683,73,VA,Auto,Theft,2026-03-23,2026-03-27,5288.31,3803.48,Approved,18.0,False
CLM003604,POL371421,25,CT,Home,Fire,2025-12-12,2025-12-17,23519.04,0.0,Denied,38.0,False
CLM003605,POL127424,55,NY,Auto,Collision,2026-06-13,2026-06-19,39754.68,38707.43,Approved,17.0,False
CLM003606,POL676783,77,NJ,Auto,Glass Damage,2026-02-11,2026-02-11,45058.44,32028.78,Approved,18.0,False
CLM003607,POL456254,63,NY,Home,Fire,2025-11-20,2025-11-27,13390.37,12514.97,Approved,6.0,False
CLM003608,POL330329,76,VA,Auto,Weather Damage,2026-01-27,2026-02-03,25727.12,19782.26,Approved,19.0,False
CLM003609,POL786035,75,NJ,Renters,Property Damage,2026-08-14,2026-08-15,18868.43,0.0,Pending,,False
CLM003610,POL880649,30,MI,Life,Life Benefit,2026-08-05,2026-08-10,43178.99,31231.98,Approved,22.0,False
CLM003611,POL173085,46,PA,Life,Life Benefit,2026-01-10,2026-01-15,26384.65,0.0,Pending,,False
CLM003612,POL575366,49,PA,Renters,Fire,2026-01-01,2026-01-08,16483.56,0.0,Denied,39.0,False
CLM003613,POL861677,28,MD,Life,Life Benefit,2026-03-24,2026-03-24,48175.25,34039.61,Approved,6.0,False
CLM003614,POL910849,54,PA,Life,Life Benefit,2025-11-30,2025-12-01,30868.84,0.0,Denied,3.0,False
CLM003615,POL249788,40,MA,Auto,Theft,2026-06-27,2026-07-01,32966.15,24097.39,Approved,24.0,False
CLM003616,POL276851,54,MI,Life,Life Benefit,2026-06-27,2026-06-30,21767.08,0.0,Denied,23.0,False
CLM003617,POL781184,23,VA,Life,Life Benefit,2026-02-23,2026-02-28,9175.86,7151.97,Approved,7.0,False
CLM003618,POL865126,39,NY,Renters,Water Damage,2026-04-20,2026-04-22,19175.51,15923.14,Approved,2.0,False
CLM003619,POL687197,22,MD,Auto,Glass Damage,2025-09-23,2025-09-30,28657.63,28603.83,Approved,12.0,False
CLM003620,POL544255,52,CT,Home,Water Damage,2025-09-20,2025-09-21,45394.68,36040.85,Approved,16.0,False
CLM003621,POL306635,79,VA,Home,Theft,2026-02-18,2026-02-18,16201.28,0.0,Pending,,False
CLM003622,POL493035,52,MD,Life,Life Benefit,2026-07-10,2026-07-12,11821.17,11398.29,Approved,9.0,False
CLM003623,POL635912,74,IL,Life,Life Benefit,2026-03-14,2026-03-20,15698.81,14600.71,Approved,5.0,False
CLM003624,POL933291,68,VA,Home,Fire,2026-05-10,2026-05-14,23155.97,20970.4,Approved,16.0,False
CLM003625,POL840630,84,PA,Renters,Theft,2026-01-04,2026-01-08,11093.43,8826.61,Approved,11.0,False
CLM003626,POL292161,44,OH,Life,Life Benefit,2026-02-19,2026-02-23,47032.77,35363.83,Approved,4.0,False
CLM003627,POL468632,63,CT,Renters,Water Damage,2025-11-28,2025-11-29,13147.21,9723.36,Approved,24.0,False
CLM003628,POL840113,70,IL,Auto,Glass Damage,2026-08-12,2026-08-13,41156.93,0.0,Pending,,False
CLM003629,POL190923,77,OH,Home,Property Damage,2025-09-26,2025-10-03,36401.41,26455.09,Approved,20.0,False
CLM003630,POL950031,33,MA,Life,Life Benefit,2026-08-29,2026-08-30,48951.23,36031.11,Approved,4.0,False
CLM003631,POL521439,57,CT,Life,Life Benefit,2026-04-15,2026-04-16,25158.84,24917.15,Approved,5.0,False
CLM003632,POL442278,55,CT,Home,Theft,2025-12-25,2025-12-25,34422.5,25089.96,Approved,27.0,False
CLM003633,POL214497,37,OH,Life,Life Benefit,2025-12-28,2026-01-02,11705.24,0.0,Pending,,False
CLM003634,POL265689,59,OH,Renters,Property Damage,2026-04-23,2026-04-23,44934.29,38183.19,Approved,11.0,False
CLM003635,POL761254,24,VA,Renters,Property Damage,2025-12-15,2025-12-15,46557.93,0.0,Denied,25.0,False
CLM003636,POL868377,38,OH,Renters,Property Damage,2025-11-21,2025-11-28,33645.36,0.0,Denied,39.0,False
CLM003637,POL973566,34,MI,Renters,Property Damage,2025-11-15,2025-11-17,27894.51,0.0,Denied,9.0,False
CLM003638,POL672387,20,OH,Renters,Theft,2025-12-05,2025-12-05,16673.85,13414.22,Approved,19.0,False
CLM003639,POL238320,35,MI,Life,Life Benefit,2026-07-08,2026-07-13,12622.95,12163.5,Approved,17.0,False
CLM003640,POL997431,58,NY,Renters,Water Damage,2026-05-11,2026-05-18,39081.25,33006.73,Approved,2.0,False
CLM003641,POL790165,20,MA,Life,Life Benefit,2026-02-05,2026-02-11,12162.68,0.0,Denied,21.0,False
CLM003642,POL384649,35,NJ,Home,Fire,2026-02-01,2026-02-08,27426.62,0.0,Denied,27.0,False
CLM003643,POL384833,38,CT,Life,Life Benefit,2025-10-24,2025-10-26,26199.02,22441.82,Approved,3.0,False
CLM003644,POL708753,54,IL,Renters,Theft,2026-06-10,2026-06-13,3453.5,0.0,Denied,23.0,False
CLM003645,POL298443,35,MA,Renters,Theft,2026-02-03,2026-02-05,16238.9,0.0,Pending,,False
CLM003646,POL608837,61,MI,Home,Fire,2026-02-09,2026-02-12,16278.94,13800.95,Approved,5.0,False
CLM003647,POL346329,42,PA,Life,Life Benefit,2026-02-26,2026-03-04,34779.64,32019.94,Approved,16.0,False
CLM003648,POL430722,50,MD,Home,Water Damage,2026-02-14,2026-02-15,21880.34,21458.71,Approved,14.0,False
CLM003649,POL622969,29,NJ,Renters,Water Damage,2026-03-12,2026-03-15,10402.06,10041.32,Approved,6.0,False
CLM003650,POL680118,31,NJ,Home,Theft,2026-01-21,2026-01-22,47868.3,43699.48,Approved,21.0,False
CLM003651,POL984439,25,OH,Home,Theft,2025-11-12,2025-11-17,18965.56,16372.03,Approved,24.0,False
CLM003652,POL114555,53,PA,Renters,Property Damage,2026-09-10,2026-09-11,33534.36,29587.77,Approved,30.0,False
CLM003653,POL236816,69,IL,Home,Fire,2026-01-16,2026-01-17,33796.66,27520.77,Approved,6.0,False
CLM003654,POL248461,67,MD,Auto,Collision,2026-05-28,2026-06-01,4438.98,3444.67,Approved,27.0,False
CLM003655,POL505713,45,MI,Renters,Theft,2026-02-14,2026-02-21,21515.72,19617.88,Approved,2.0,False
CLM003656,POL762056,63,IL,Life,Life Benefit,2025-10-20,2025-10-22,48267.08,38311.99,Approved,11.0,False
CLM003657,POL267751,52,NJ,Life,Life Benefit,2026-04-08,2026-04-10,5193.17,0.0,Pending,,False
CLM003658,POL588371,29,CT,Renters,Theft,2026-05-03,2026-05-05,45677.4,43374.86,Approved,8.0,False
CLM003659,POL963498,61,NJ,Life,Life Benefit,2026-01-05,2026-01-07,35435.91,30499.86,Approved,29.0,False
CLM003660,POL831524,61,PA,Life,Life Benefit,2026-06-04,2026-06-11,20927.38,20161.91,Approved,19.0,False
CLM003661,POL986741,23,NY,Life,Life Benefit,2026-06-25,2026-07-02,41394.29,0.0,Pending,,False
CLM003662,POL746228,66,NY,Life,Life Benefit,2026-03-24,2026-03-28,37663.06,26464.55,Approved,29.0,False
CLM003663,POL351837,24,MA,Home,Water Damage,2026-09-11,2026-09-16,13875.16,0.0,Pending,,False
CLM003664,POL103124,20,MI,Home,Theft,2026-03-01,2026-03-06,6753.93,0.0,Denied,7.0,False
CLM003665,POL551140,59,VA,Home,Theft,2025-12-31,2026-01-06,21979.83,21684.83,Approved,29.0,False
CLM003666,POL642899,59,NJ,Life,Life Benefit,2026-01-25,2026-01-27,41586.53,30248.57,Approved,8.0,False
CLM003667,POL431230,69,NY,Home,Property Damage,2026-04-18,2026-04-21,20102.01,0.0,Denied,4.0,False
CLM003668,POL185108,75,NY,Home,Water Damage,2026-01-30,2026-02-02,3963.73,2821.16,Approved,15.0,False
CLM003669,POL692754,28,MA,Life,Life Benefit,2026-01-05,2026-01-10,32895.2,0.0,Denied,31.0,False
CLM003670,POL942530,40,IL,Auto,Collision,2026-04-07,2026-04-08,48117.54,41644.78,Approved,15.0,True
CLM003671,POL568733,27,PA,Home,Water Damage,2026-07-26,2026-07-30,17088.53,16241.6,Approved,8.0,False
CLM003672,POL733313,62,NJ,Renters,Property Damage,2026-04-09,2026-04-11,7043.77,7002.49,Approved,21.0,False
CLM003673,POL730477,37,PA,Auto,Collision,2026-05-13,2026-05-13,21557.13,15263.58,Approved,9.0,False
CLM003674,POL813373,62,OH,Renters,Theft,2026-05-16,2026-05-20,45737.56,37788.81,Approved,14.0,False
CLM003675,POL249523,21,NY,Auto,Weather Damage,2026-08-09,2026-08-13,36994.87,0.0,Denied,45.0,False
CLM003676,POL783326,79,VA,Auto,Collision,2026-05-03,2026-05-05,35233.93,25410.5,Approved,22.0,False
CLM003677,POL539836,56,IL,Life,Life Benefit,2026-04-29,2026-04-29,7816.6,7158.76,Approved,5.0,False
CLM003678,POL430855,46,CT,Life,Life Benefit,2025-12-19,2025-12-21,19400.5,17295.82,Approved,30.0,False
CLM003679,POL842299,46,MI,Life,Life Benefit,2026-08-07,2026-08-11,2162.07,2132.14,Approved,29.0,True
CLM003680,POL316773,24,IL,Renters,Fire,2026-02-04,2026-02-09,42425.29,0.0,Pending,,False
CLM003681,POL839205,31,CT,Life,Life Benefit,2025-10-02,2025-10-02,44004.73,39136.65,Approved,10.0,False
CLM003682,POL648835,21,NJ,Renters,Water Damage,2026-05-27,2026-05-31,5247.77,3958.5,Approved,11.0,False
CLM003683,POL303361,32,NJ,Renters,Property Damage,2026-09-13,2026-09-15,35800.05,29510.32,Approved,22.0,False
CLM003684,POL332989,48,NY,Auto,Theft,2026-05-21,2026-05-21,9270.76,7765.83,Approved,21.0,False
CLM003685,POL988220,50,VA,Life,Life Benefit,2026-03-24,2026-03-31,21372.14,17581.45,Approved,6.0,False
CLM003686,POL896121,33,IL,Home,Water Damage,2026-09-10,2026-09-16,26709.71,20991.82,Approved,13.0,False
CLM003687,POL395644,60,MD,Home,Fire,2026-06-04,2026-06-09,19264.4,14718.09,Approved,21.0,False
CLM003688,POL408913,65,MI,Home,Fire,2025-10-07,2025-10-08,43483.49,37263.31,Approved,30.0,False
CLM003689,POL554542,81,MI,Home,Water Damage,2026-04-02,2026-04-06,20769.39,17972.2,Approved,8.0,False
CLM003690,POL671808,75,IL,Life,Life Benefit,2026-05-01,2026-05-07,2912.76,0.0,Denied,36.0,False
CLM003691,POL850318,58,NY,Auto,Glass Damage,2026-01-12,2026-01-12,43069.28,41023.94,Approved,2.0,False
CLM003692,POL797848,65,CT,Auto,Collision,2026-02-18,2026-02-24,7252.45,0.0,Pending,,False
CLM003693,POL235899,21,MD,Life,Life Benefit,2026-04-04,2026-04-09,28582.16,0.0,Pending,,True
CLM003694,POL638361,32,NJ,Auto,Theft,2025-12-08,2025-12-12,49693.27,44373.51,Approved,26.0,False
CLM003695,POL156964,18,VA,Renters,Theft,2025-11-29,2025-12-03,49403.25,0.0,Pending,,False
CLM003696,POL240981,67,MA,Life,Life Benefit,2026-05-31,2026-06-02,7994.42,7337.12,Approved,4.0,False
CLM003697,POL905291,66,MI,Home,Water Damage,2026-05-25,2026-05-28,1289.71,939.64,Approved,19.0,False
CLM003698,POL623010,41,PA,Life,Life Benefit,2026-08-20,2026-08-24,18494.21,15863.42,Approved,30.0,True
CLM003699,POL287694,49,NY,Renters,Property Damage,2026-09-07,2026-09-11,8259.52,0.0,Denied,33.0,False
CLM003700,POL672684,56,MI,Home,Fire,2026-05-17,2026-05-23,33577.45,27824.21,Approved,28.0,False
CLM003701,POL170752,70,IL,Home,Water Damage,2026-08-29,2026-09-01,6602.09,4756.08,Approved,11.0,False
CLM003702,POL117788,70,CT,Home,Theft,2026-07-05,2026-07-06,24213.08,19238.45,Approved,30.0,False
CLM003703,POL105201,35,MA,Life,Life Benefit,2026-07-03,2026-07-06,12465.75,10721.81,Approved,26.0,False
CLM003704,POL980412,60,MA,Home,Water Damage,2025-10-02,2025-10-06,35057.99,34413.75,Approved,27.0,False
CLM003705,POL193090,65,NJ,Renters,Property Damage,2025-11-11,2025-11-13,1497.96,1447.34,Approved,17.0,False
CLM003706,POL235990,48,IL,Auto,Weather Damage,2026-03-10,2026-03-12,45336.4,43319.01,Approved,30.0,False
CLM003707,POL601020,18,MA,Life,Life Benefit,2025-12-02,2025-12-02,45634.7,34912.76,Approved,12.0,False
CLM003708,POL283905,46,PA,Home,Fire,2026-05-29,2026-05-29,15617.84,15129.28,Approved,9.0,False
CLM003709,POL347973,53,PA,Renters,Theft,2026-07-10,2026-07-11,7379.41,6553.92,Approved,13.0,True
CLM003710,POL681912,47,IL,Life,Life Benefit,2026-05-10,2026-05-10,20586.72,0.0,Pending,,False
CLM003711,POL815989,56,MD,Renters,Water Damage,2026-02-05,2026-02-11,13304.3,12269.01,Approved,20.0,False
CLM003712,POL465482,62,MI,Home,Property Damage,2025-12-05,2025-12-09,1948.72,1593.78,Approved,9.0,False
CLM003713,POL375944,72,PA,Renters,Fire,2026-03-19,2026-03-22,36169.53,26268.42,Approved,18.0,False
CLM003714,POL402295,31,IL,Life,Life Benefit,2026-07-02,2026-07-06,20344.83,0.0,Denied,13.0,False
CLM003715,POL727499,49,OH,Auto,Glass Damage,2026-03-30,2026-04-04,11356.83,10539.85,Approved,22.0,False
CLM003716,POL341479,74,OH,Renters,Theft,2026-08-02,2026-08-03,42857.77,40469.72,Approved,29.0,False
CLM003717,POL692131,57,PA,Renters,Property Damage,2025-10-23,2025-10-26,30212.13,25741.64,Approved,19.0,False
CLM003718,POL320346,82,VA,Auto,Collision,2025-12-11,2025-12-13,42096.9,37586.13,Approved,4.0,False
CLM003719,POL476105,34,OH,Auto,Theft,2026-08-30,2026-09-06,7878.66,7664.23,Approved,11.0,False
CLM003720,POL313300,48,PA,Renters,Theft,2025-10-03,2025-10-10,32393.66,0.0,Pending,,False
CLM003721,POL423351,25,IL,Life,Life Benefit,2026-04-13,2026-04-19,41858.08,34576.3,Approved,29.0,False
CLM003722,POL582877,43,IL,Home,Theft,2026-04-22,2026-04-25,37343.12,33478.3,Approved,23.0,False
CLM003723,POL495235,76,IL,Renters,Theft,2026-04-27,2026-04-30,23844.19,23835.15,Approved,10.0,False
CLM003724,POL982636,26,MA,Home,Theft,2026-02-15,2026-02-17,11474.86,10450.57,Approved,18.0,False
CLM003725,POL867806,34,MA,Home,Fire,2025-11-16,2025-11-17,8355.9,0.0,Denied,4.0,False
CLM003726,POL237598,33,MD,Life,Life Benefit,2025-09-30,2025-10-07,8766.47,8566.68,Approved,18.0,False
CLM003727,POL678209,42,MD,Renters,Property Damage,2026-04-15,2026-04-20,41380.73,33076.74,Approved,28.0,False
CLM003728,POL736723,40,OH,Renters,Property Damage,2026-08-24,2026-08-31,14108.13,13671.69,Approved,20.0,False
CLM003729,POL751020,58,OH,Auto,Glass Damage,2025-12-20,2025-12-21,5607.71,5444.7,Approved,30.0,True
CLM003730,POL684998,53,NJ,Renters,Fire,2026-02-21,2026-02-26,35646.65,30283.11,Approved,24.0,False
CLM003731,POL842556,62,MI,Life,Life Benefit,2026-06-19,2026-06-20,19218.39,18868.77,Approved,8.0,False
CLM003732,POL804202,37,NY,Renters,Property Damage,2026-03-14,2026-03-20,47211.82,37244.82,Approved,30.0,False
CLM003733,POL432316,30,MD,Life,Life Benefit,2026-05-20,2026-05-27,7332.17,6651.02,Approved,19.0,False
CLM003734,POL718871,28,MI,Auto,Glass Damage,2026-07-28,2026-07-30,32962.2,28904.97,Approved,13.0,False
CLM003735,POL105472,83,OH,Auto,Weather Damage,2025-10-24,2025-10-25,42663.83,0.0,Denied,20.0,False
CLM003736,POL975610,60,OH,Renters,Theft,2026-05-17,2026-05-21,24602.14,0.0,Pending,,False
CLM003737,POL417435,29,MI,Renters,Property Damage,2026-01-11,2026-01-14,24847.68,19507.86,Approved,8.0,False
CLM003738,POL879745,29,CT,Renters,Theft,2026-01-05,2026-01-06,23682.69,18837.3,Approved,23.0,False
CLM003739,POL449821,55,IL,Renters,Water Damage,2025-10-22,2025-10-27,40480.31,29048.31,Approved,15.0,False
CLM003740,POL749448,40,MA,Renters,Fire,2026-01-05,2026-01-07,22222.41,0.0,Pending,,False
CLM003741,POL950706,47,PA,Renters,Fire,2026-02-16,2026-02-16,29983.91,27989.19,Approved,15.0,False
CLM003742,POL729011,57,PA,Renters,Fire,2025-10-08,2025-10-13,25691.51,22765.34,Approved,5.0,False
CLM003743,POL122877,41,NJ,Home,Water Damage,2025-09-20,2025-09-27,44955.94,41030.53,Approved,29.0,False
CLM003744,POL771183,23,OH,Renters,Water Damage,2026-04-16,2026-04-20,12144.99,0.0,Pending,,False
CLM003745,POL292157,20,IL,Life,Life Benefit,2026-07-05,2026-07-08,35240.36,0.0,Denied,13.0,False
CLM003746,POL748503,32,VA,Renters,Property Damage,2026-04-29,2026-05-03,43102.26,0.0,Denied,45.0,False
CLM003747,POL412738,81,MD,Home,Fire,2026-04-30,2026-05-02,46304.11,0.0,Pending,,False
CLM003748,POL691232,36,VA,Life,Life Benefit,2026-04-06,2026-04-13,28621.32,22960.98,Approved,25.0,False
CLM003749,POL153365,56,MA,Home,Property Damage,2026-03-19,2026-03-26,682.71,0.0,Denied,5.0,False
CLM003750,POL861527,50,IL,Auto,Weather Damage,2026-05-16,2026-05-22,22445.99,20632.64,Approved,19.0,False
CLM003751,POL929392,58,IL,Renters,Theft,2026-07-30,2026-08-06,43933.9,0.0,Denied,32.0,False
CLM003752,POL247352,85,CT,Home,Property Damage,2026-05-19,2026-05-23,22169.48,15713.79,Approved,20.0,False
CLM003753,POL697946,29,MA,Renters,Water Damage,2025-10-17,2025-10-18,16093.53,11730.2,Approved,5.0,False
CLM003754,POL906287,79,IL,Auto,Collision,2025-11-27,2025-12-04,6394.12,5794.42,Approved,29.0,False
CLM003755,POL336812,47,MA,Auto,Glass Damage,2026-01-30,2026-01-31,29621.36,22577.26,Approved,5.0,False
CLM003756,POL387379,30,OH,Renters,Water Damage,2025-09-28,2025-10-05,26107.36,18726.9,Approved,26.0,False
CLM003757,POL167222,31,CT,Renters,Fire,2026-05-11,2026-05-16,26018.3,20760.83,Approved,27.0,False
CLM003758,POL943156,50,PA,Auto,Weather Damage,2025-10-31,2025-10-31,9175.66,7680.53,Approved,26.0,False
CLM003759,POL688170,62,OH,Life,Life Benefit,2026-08-05,2026-08-09,39561.2,30893.57,Approved,22.0,False
CLM003760,POL699066,33,NJ,Auto,Theft,2025-11-28,2025-11-29,34212.1,29324.58,Approved,21.0,False
CLM003761,POL463228,30,VA,Auto,Theft,2026-05-08,2026-05-15,47436.6,38716.81,Approved,5.0,False
CLM003762,POL589470,26,MI,Life,Life Benefit,2026-06-08,2026-06-09,2189.0,0.0,Denied,16.0,False
CLM003763,POL802226,67,OH,Home,Fire,2026-08-29,2026-09-03,12307.63,9694.38,Approved,18.0,False
CLM003764,POL655540,53,NJ,Home,Theft,2026-09-13,2026-09-13,17611.86,14032.91,Approved,11.0,False
CLM003765,POL422604,75,MA,Auto,Collision,2026-03-02,2026-03-06,35336.84,26751.81,Approved,8.0,False
CLM003766,POL302790,25,PA,Life,Life Benefit,2025-09-17,2025-09-18,21587.32,15477.92,Approved,10.0,False
CLM003767,POL721367,65,MD,Renters,Theft,2026-03-21,2026-03-25,22762.33,0.0,Denied,29.0,False
CLM003768,POL671561,62,NJ,Renters,Property Damage,2025-12-10,2025-12-12,31698.74,27593.22,Approved,30.0,False
CLM003769,POL987919,85,CT,Home,Theft,2026-01-10,2026-01-17,42001.12,0.0,Denied,17.0,False
CLM003770,POL888324,70,MI,Home,Water Damage,2025-12-15,2025-12-22,1798.12,1589.35,Approved,4.0,False
CLM003771,POL379779,18,MA,Auto,Collision,2025-11-24,2025-11-24,13845.81,13737.73,Approved,19.0,False
CLM003772,POL252937,57,MA,Home,Fire,2026-04-30,2026-05-06,42074.69,0.0,Pending,,False
CLM003773,POL469766,55,MA,Home,Fire,2026-01-19,2026-01-26,48319.38,0.0,Denied,24.0,False
CLM003774,POL831363,55,VA,Home,Theft,2026-05-25,2026-06-01,13096.69,0.0,Denied,9.0,False
CLM003775,POL603331,29,VA,Auto,Glass Damage,2026-01-30,2026-02-04,22792.79,20942.97,Approved,8.0,False
CLM003776,POL757430,60,NJ,Renters,Property Damage,2026-03-16,2026-03-18,27946.96,25395.55,Approved,16.0,False
CLM003777,POL280208,38,NY,Home,Property Damage,2025-11-02,2025-11-02,41096.5,39318.64,Approved,17.0,True
CLM003778,POL801728,56,VA,Life,Life Benefit,2025-10-04,2025-10-05,27680.35,23915.64,Approved,17.0,False
CLM003779,POL723726,80,NY,Auto,Collision,2025-11-23,2025-11-27,19918.17,19707.79,Approved,7.0,False
CLM003780,POL539652,78,NJ,Life,Life Benefit,2026-07-08,2026-07-09,19146.84,14470.45,Approved,30.0,False
CLM003781,POL681999,38,CT,Home,Property Damage,2026-01-31,2026-01-31,20165.92,17891.69,Approved,20.0,False
CLM003782,POL907142,22,IL,Home,Fire,2026-03-13,2026-03-20,41616.14,30340.15,Approved,26.0,False
CLM003783,POL158222,19,IL,Auto,Collision,2026-03-27,2026-03-30,13263.76,12215.82,Approved,21.0,False
CLM003784,POL530939,46,PA,Auto,Theft,2026-03-13,2026-03-15,47620.58,0.0,Denied,11.0,False
CLM003785,POL851182,63,MA,Auto,Glass Damage,2025-10-22,2025-10-26,10442.99,9913.33,Approved,15.0,False
CLM003786,POL295170,20,CT,Life,Life Benefit,2025-09-16,2025-09-21,33309.87,24775.01,Approved,9.0,False
CLM003787,POL268475,82,MD,Life,Life Benefit,2026-06-05,2026-06-09,46141.65,35396.41,Approved,3.0,False
CLM003788,POL124963,53,NY,Auto,Collision,2026-01-28,2026-01-28,16182.42,16041.25,Approved,2.0,False
CLM003789,POL370726,52,MI,Renters,Property Damage,2026-05-05,2026-05-08,41687.53,41528.99,Approved,30.0,False
CLM003790,POL528568,36,CT,Auto,Weather Damage,2026-07-07,2026-07-07,10717.08,9288.28,Approved,27.0,False
CLM003791,POL134684,28,CT,Life,Life Benefit,2025-10-26,2025-11-01,33076.07,29327.8,Approved,16.0,False
CLM003792,POL547332,60,NJ,Auto,Glass Damage,2026-05-17,2026-05-19,23467.09,19676.97,Approved,27.0,False
CLM003793,POL411575,54,MD,Home,Property Damage,2026-08-11,2026-08-16,47251.61,45950.09,Approved,11.0,False
CLM003794,POL184215,79,IL,Auto,Theft,2025-11-24,2025-11-25,8929.95,6438.71,Approved,23.0,False
CLM003795,POL208000,75,IL,Home,Water Damage,2025-11-16,2025-11-17,4332.23,3590.1,Approved,25.0,False
CLM003796,POL207427,63,MD,Auto,Glass Damage,2026-04-21,2026-04-21,5703.01,4389.29,Approved,8.0,False
CLM003797,POL697264,36,MI,Life,Life Benefit,2026-03-30,2026-04-04,15751.46,0.0,Pending,,True
CLM003798,POL190739,54,NY,Renters,Water Damage,2026-03-25,2026-03-30,7544.55,5724.53,Approved,8.0,False
CLM003799,POL225686,80,CT,Home,Theft,2026-07-15,2026-07-20,39160.99,32252.12,Approved,3.0,False
CLM003800,POL910903,39,MD,Renters,Theft,2025-11-30,2025-12-06,49233.38,45092.2,Approved,25.0,False
CLM003801,POL649738,84,OH,Home,Theft,2025-10-24,2025-10-31,35113.9,0.0,Denied,18.0,False
CLM003802,POL623031,81,VA,Life,Life Benefit,2025-12-23,2025-12-29,33039.62,0.0,Denied,28.0,False
CLM003803,POL656196,59,MD,Renters,Water Damage,2026-07-11,2026-07-11,27311.4,0.0,Denied,32.0,True
CLM003804,POL557043,33,MI,Home,Water Damage,2026-05-11,2026-05-14,19736.38,18318.91,Approved,6.0,False
CLM003805,POL572936,69,NY,Auto,Collision,2026-07-26,2026-07-30,34696.47,24993.29,Approved,15.0,False
CLM003806,POL203664,21,MA,Auto,Weather Damage,2026-03-31,2026-04-05,33943.64,26343.88,Approved,26.0,False
CLM003807,POL808859,45,CT,Auto,Glass Damage,2026-05-02,2026-05-05,7398.48,5800.47,Approved,11.0,False
CLM003808,POL235132,55,CT,Home,Theft,2026-05-18,2026-05-19,28700.28,0.0,Denied,7.0,False
CLM003809,POL224184,32,NY,Home,Fire,2026-02-01,2026-02-06,23762.5,18319.14,Approved,6.0,False
CLM003810,POL292353,48,MA,Auto,Theft,2025-12-03,2025-12-09,11866.24,9129.26,Approved,30.0,False
CLM003811,POL627395,58,NJ,Renters,Water Damage,2025-09-22,2025-09-29,22836.21,18772.39,Approved,3.0,False
CLM003812,POL907681,32,NJ,Renters,Water Damage,2025-11-10,2025-11-16,19186.96,18864.81,Approved,23.0,False
CLM003813,POL424061,19,MI,Life,Life Benefit,2026-02-27,2026-03-05,7402.43,0.0,Pending,,False
CLM003814,POL989786,48,CT,Auto,Collision,2026-03-14,2026-03-21,22570.24,17356.79,Approved,3.0,False
CLM003815,POL445623,64,MI,Home,Water Damage,2026-06-11,2026-06-17,38670.82,31890.56,Approved,26.0,False
CLM003816,POL637769,25,VA,Home,Fire,2026-03-09,2026-03-09,46908.92,41153.16,Approved,6.0,False
CLM003817,POL866800,35,IL,Life,Life Benefit,2026-05-26,2026-06-01,43709.85,32512.75,Approved,17.0,True
CLM003818,POL242662,81,CT,Home,Property Damage,2026-02-24,2026-02-27,20197.73,14329.95,Approved,14.0,False
CLM003819,POL995963,22,MA,Renters,Property Damage,2025-11-30,2025-12-07,49997.94,36803.8,Approved,8.0,False
CLM003820,POL584089,83,IL,Life,Life Benefit,2026-04-05,2026-04-08,40769.81,30135.38,Approved,8.0,False
CLM003821,POL687213,31,MD,Home,Property Damage,2025-11-09,2025-11-11,41734.48,40038.65,Approved,21.0,False
CLM003822,POL357677,54,VA,Life,Life Benefit,2025-12-07,2025-12-12,21471.27,0.0,Denied,26.0,False
CLM003823,POL424022,81,MI,Auto,Theft,2026-02-14,2026-02-15,4953.17,4728.39,Approved,20.0,False
CLM003824,POL784430,55,MD,Life,Life Benefit,2025-10-12,2025-10-18,36244.88,30680.54,Approved,22.0,False
CLM003825,POL774691,84,MI,Auto,Weather Damage,2026-08-24,2026-08-26,29680.57,24992.3,Approved,13.0,False
CLM003826,POL813046,73,OH,Life,Life Benefit,2026-04-28,2026-04-28,32736.89,25147.64,Approved,10.0,False
CLM003827,POL430019,41,VA,Life,Life Benefit,2026-03-20,2026-03-24,23492.54,20067.24,Approved,25.0,False
CLM003828,POL680368,76,MD,Life,Life Benefit,2026-08-14,2026-08-14,48920.85,40465.87,Approved,17.0,False
CLM003829,POL258918,74,NY,Life,Life Benefit,2025-12-10,2025-12-13,6476.46,5737.03,Approved,25.0,False
CLM003830,POL865665,25,MA,Life,Life Benefit,2025-11-24,2025-11-24,22881.14,16766.53,Approved,24.0,False
CLM003831,POL842580,80,PA,Home,Water Damage,2026-08-06,2026-08-06,7580.56,5621.35,Approved,17.0,False
CLM003832,POL638084,53,VA,Auto,Theft,2026-03-23,2026-03-24,45059.88,40767.36,Approved,7.0,False
CLM003833,POL974757,53,MA,Home,Fire,2026-05-07,2026-05-13,4024.38,3302.8,Approved,21.0,False
CLM003834,POL699605,53,MI,Renters,Property Damage,2026-02-19,2026-02-26,15661.65,15389.38,Approved,19.0,False
CLM003835,POL223279,19,MA,Auto,Collision,2026-01-24,2026-01-28,48066.4,46196.91,Approved,13.0,False
CLM003836,POL285542,73,IL,Auto,Collision,2025-12-29,2026-01-05,7838.91,6352.71,Approved,15.0,False
CLM003837,POL870731,71,NY,Home,Fire,2026-09-01,2026-09-08,35020.95,25623.88,Approved,3.0,False
CLM003838,POL187058,62,IL,Renters,Property Damage,2025-12-01,2025-12-06,1799.21,0.0,Denied,28.0,False
CLM003839,POL258415,70,OH,Renters,Property Damage,2025-10-18,2025-10-23,5842.91,4497.8,Approved,11.0,False
CLM003840,POL693800,61,NJ,Renters,Theft,2026-01-05,2026-01-07,20248.06,18321.9,Approved,17.0,False
CLM003841,POL474701,55,IL,Renters,Property Damage,2026-03-16,2026-03-20,46249.2,0.0,Denied,10.0,False
CLM003842,POL498998,20,VA,Life,Life Benefit,2026-02-22,2026-02-25,19656.77,14707.02,Approved,8.0,False
CLM003843,POL673139,31,OH,Life,Life Benefit,2025-09-23,2025-09-29,21442.92,18246.19,Approved,25.0,False
CLM003844,POL550677,74,OH,Home,Fire,2025-12-29,2026-01-02,49769.48,35513.68,Approved,20.0,True
CLM003845,POL300404,60,MD,Auto,Collision,2026-04-17,2026-04-23,34993.57,27484.17,Approved,29.0,False
CLM003846,POL650861,57,PA,Auto,Weather Damage,2025-09-24,2025-09-30,34754.46,30574.39,Approved,27.0,False
CLM003847,POL144595,57,VA,Life,Life Benefit,2026-06-12,2026-06-17,12231.86,12030.05,Approved,13.0,False
CLM003848,POL835942,31,CT,Life,Life Benefit,2026-05-10,2026-05-10,39478.55,35254.86,Approved,15.0,False
CLM003849,POL185671,75,NJ,Home,Fire,2026-04-02,2026-04-04,45112.83,36401.84,Approved,18.0,False
CLM003850,POL199044,43,OH,Life,Life Benefit,2026-01-19,2026-01-20,3429.97,3164.07,Approved,7.0,False
CLM003851,POL274284,53,VA,Renters,Property Damage,2026-06-04,2026-06-08,41674.99,29971.4,Approved,9.0,False
CLM003852,POL271020,55,IL,Auto,Weather Damage,2025-11-06,2025-11-07,45575.59,0.0,Denied,9.0,False
CLM003853,POL245656,84,NJ,Home,Water Damage,2026-02-26,2026-02-28,42608.03,0.0,Denied,12.0,False
CLM003854,POL911127,24,MD,Renters,Water Damage,2026-04-18,2026-04-19,5689.91,0.0,Denied,36.0,False
CLM003855,POL601454,34,PA,Renters,Fire,2026-05-20,2026-05-21,28923.52,25239.84,Approved,5.0,False
CLM003856,POL341417,24,NY,Renters,Property Damage,2025-11-07,2025-11-13,10355.85,0.0,Denied,7.0,False
CLM003857,POL160280,20,OH,Renters,Theft,2026-05-24,2026-05-31,24965.03,21512.01,Approved,18.0,False
CLM003858,POL570435,85,MI,Auto,Weather Damage,2025-10-29,2025-10-30,44100.34,42625.23,Approved,24.0,False
CLM003859,POL731627,56,MA,Renters,Fire,2026-04-08,2026-04-08,37760.78,36733.13,Approved,21.0,False
CLM003860,POL865604,65,IL,Renters,Theft,2026-09-10,2026-09-10,41009.21,32423.2,Approved,3.0,False
CLM003861,POL721019,29,NJ,Life,Life Benefit,2026-08-20,2026-08-23,43358.94,0.0,Denied,6.0,False
CLM003862,POL499310,35,OH,Renters,Water Damage,2026-03-29,2026-04-04,42864.22,37780.7,Approved,27.0,False
CLM003863,POL613624,39,IL,Renters,Property Damage,2026-02-09,2026-02-12,38584.15,32090.02,Approved,7.0,False
CLM003864,POL782293,84,MI,Auto,Collision,2026-01-08,2026-01-08,9925.61,9256.22,Approved,22.0,False
CLM003865,POL274190,25,CT,Home,Property Damage,2026-08-14,2026-08-18,41186.48,40174.08,Approved,22.0,False
CLM003866,POL497285,47,NY,Life,Life Benefit,2026-03-26,2026-03-31,7446.29,6445.16,Approved,3.0,False
CLM003867,POL721990,38,NY,Renters,Fire,2026-02-18,2026-02-24,43294.91,34587.26,Approved,15.0,False
CLM003868,POL637074,40,MI,Renters,Water Damage,2026-02-15,2026-02-20,21164.27,16751.38,Approved,12.0,False
CLM003869,POL329604,29,IL,Life,Life Benefit,2026-07-29,2026-08-03,21925.33,16189.28,Approved,10.0,False
CLM003870,POL445112,44,IL,Home,Property Damage,2025-10-01,2025-10-05,22327.11,17687.14,Approved,27.0,False
CLM003871,POL157346,26,NY,Home,Water Damage,2025-09-28,2025-09-29,2972.09,2336.41,Approved,13.0,False
CLM003872,POL296892,69,NJ,Life,Life Benefit,2026-04-13,2026-04-15,3408.69,0.0,Pending,,False
CLM003873,POL515023,26,IL,Home,Property Damage,2025-12-25,2025-12-26,42703.79,0.0,Denied,33.0,False
CLM003874,POL689216,20,MD,Renters,Property Damage,2025-10-03,2025-10-08,28425.62,0.0,Pending,,False
CLM003875,POL127068,76,MI,Auto,Collision,2025-12-30,2026-01-05,17820.43,16300.5,Approved,30.0,False
CLM003876,POL314005,60,MD,Home,Water Damage,2026-03-22,2026-03-24,1893.3,1703.07,Approved,20.0,False
CLM003877,POL613135,70,NJ,Home,Property Damage,2026-04-07,2026-04-08,35761.21,32316.23,Approved,15.0,False
CLM003878,POL142397,48,PA,Auto,Glass Damage,2026-04-26,2026-04-26,40666.68,0.0,Pending,,False
CLM003879,POL566112,66,PA,Home,Water Damage,2026-06-25,2026-06-27,37650.84,29061.82,Approved,24.0,False
CLM003880,POL504773,68,NY,Home,Water Damage,2026-05-02,2026-05-03,8910.86,8886.82,Approved,27.0,False
CLM003881,POL315502,76,MD,Renters,Water Damage,2026-05-03,2026-05-06,12646.6,0.0,Denied,29.0,False
CLM003882,POL316326,66,MD,Life,Life Benefit,2026-06-23,2026-06-29,1556.27,1417.99,Approved,9.0,False
CLM003883,POL343308,62,MD,Home,Fire,2026-07-21,2026-07-24,13437.89,0.0,Pending,,False
CLM003884,POL912479,44,CT,Home,Property Damage,2026-08-01,2026-08-08,5319.47,5290.35,Approved,2.0,False
CLM003885,POL396198,53,MI,Renters,Theft,2026-05-29,2026-06-03,880.61,687.8,Approved,16.0,False
CLM003886,POL867326,83,MA,Home,Fire,2026-02-20,2026-02-24,1949.2,0.0,Denied,40.0,False
CLM003887,POL473948,44,OH,Life,Life Benefit,2026-01-28,2026-01-28,28265.67,25994.84,Approved,15.0,False
CLM003888,POL779422,50,PA,Auto,Theft,2026-06-22,2026-06-26,45498.07,37871.68,Approved,14.0,False
CLM003889,POL332346,58,CT,Renters,Water Damage,2026-07-17,2026-07-23,7246.31,6606.07,Approved,14.0,False
CLM003890,POL149110,61,NY,Life,Life Benefit,2026-03-21,2026-03-27,32268.48,0.0,Denied,31.0,False
CLM003891,POL845634,58,MD,Renters,Fire,2026-07-29,2026-08-01,30960.49,29272.88,Approved,23.0,False
CLM003892,POL886456,71,NJ,Home,Fire,2025-09-22,2025-09-29,46853.93,0.0,Denied,36.0,False
CLM003893,POL782379,73,OH,Home,Property Damage,2026-01-05,2026-01-11,28885.95,26776.29,Approved,11.0,False
CLM003894,POL899422,84,PA,Home,Theft,2025-12-22,2025-12-27,47335.95,35573.99,Approved,19.0,True
CLM003895,POL651187,47,MI,Home,Property Damage,2026-05-10,2026-05-13,5002.76,4358.6,Approved,4.0,False
CLM003896,POL518712,35,MA,Home,Fire,2025-11-18,2025-11-23,39159.1,0.0,Denied,20.0,False
CLM003897,POL835082,75,PA,Renters,Water Damage,2026-06-18,2026-06-19,2020.92,1645.22,Approved,24.0,False
CLM003898,POL747083,44,MI,Life,Life Benefit,2026-04-01,2026-04-01,40148.84,35332.1,Approved,27.0,False
CLM003899,POL104035,51,MD,Life,Life Benefit,2026-07-07,2026-07-11,7198.12,6707.17,Approved,19.0,False
CLM003900,POL939048,25,MA,Home,Theft,2026-08-28,2026-09-04,7114.43,0.0,Pending,,False
CLM003901,POL542848,56,OH,Home,Fire,2026-01-12,2026-01-19,7083.44,6624.62,Approved,16.0,True
CLM003902,POL163485,44,IL,Life,Life Benefit,2025-12-14,2025-12-17,26040.49,0.0,Denied,6.0,False
CLM003903,POL438640,63,NJ,Life,Life Benefit,2025-12-05,2025-12-08,36991.6,35736.84,Approved,24.0,False
CLM003904,POL738635,37,MA,Home,Water Damage,2026-02-15,2026-02-19,23992.56,22259.31,Approved,27.0,False
CLM003905,POL819462,64,MD,Auto,Glass Damage,2026-01-12,2026-01-13,19407.84,0.0,Denied,29.0,True
CLM003906,POL279839,58,CT,Home,Property Damage,2026-02-25,2026-02-27,19159.05,0.0,Denied,21.0,False
CLM003907,POL807085,39,MD,Home,Theft,2026-02-25,2026-03-04,35392.18,34830.95,Approved,13.0,False
CLM003908,POL180882,50,IL,Renters,Theft,2026-06-06,2026-06-07,39295.97,30545.8,Approved,3.0,False
CLM003909,POL111316,41,CT,Home,Fire,2025-09-17,2025-09-19,34577.71,30573.27,Approved,14.0,False
CLM003910,POL742342,51,PA,Auto,Glass Damage,2026-02-18,2026-02-23,43933.6,0.0,Denied,40.0,False
CLM003911,POL588194,75,NJ,Home,Theft,2026-01-20,2026-01-24,25314.1,18311.01,Approved,24.0,False
CLM003912,POL433966,70,MI,Life,Life Benefit,2026-06-07,2026-06-10,35523.55,31787.63,Approved,14.0,False
CLM003913,POL621149,83,MD,Life,Life Benefit,2025-10-19,2025-10-20,4685.22,3947.42,Approved,25.0,False
CLM003914,POL234171,61,OH,Renters,Fire,2026-08-18,2026-08-21,16904.87,13009.13,Approved,22.0,False
CLM003915,POL715808,55,NJ,Life,Life Benefit,2025-11-11,2025-11-11,31974.97,29832.26,Approved,16.0,False
CLM003916,POL371502,71,PA,Life,Life Benefit,2025-10-21,2025-10-28,19113.07,0.0,Denied,32.0,False
CLM003917,POL931130,33,PA,Auto,Theft,2026-08-27,2026-09-03,11120.33,10333.37,Approved,18.0,False
CLM003918,POL315015,66,IL,Home,Property Damage,2025-11-14,2025-11-17,31320.64,29384.32,Approved,2.0,False
CLM003919,POL254951,80,PA,Life,Life Benefit,2025-10-28,2025-10-30,35518.99,31968.03,Approved,22.0,False
CLM003920,POL681460,51,NJ,Life,Life Benefit,2026-06-26,2026-07-02,16127.4,15778.84,Approved,28.0,False
CLM003921,POL915121,74,MI,Life,Life Benefit,2026-03-11,2026-03-18,25853.29,22046.85,Approved,26.0,False
CLM003922,POL521320,71,VA,Auto,Glass Damage,2026-08-12,2026-08-13,23831.01,19288.77,Approved,22.0,False
CLM003923,POL653882,57,MA,Life,Life Benefit,2026-05-14,2026-05-19,9211.38,7845.93,Approved,18.0,True
CLM003924,POL945872,70,CT,Life,Life Benefit,2025-12-23,2025-12-23,49858.8,42084.92,Approved,7.0,False
CLM003925,POL734444,43,MI,Auto,Weather Damage,2026-01-30,2026-02-06,22622.05,18936.18,Approved,17.0,False
CLM003926,POL463329,79,CT,Auto,Theft,2026-07-24,2026-07-25,46199.15,0.0,Denied,5.0,False
CLM003927,POL598554,58,MD,Renters,Water Damage,2026-05-29,2026-06-02,28032.34,0.0,Denied,6.0,False
CLM003928,POL449691,64,MD,Life,Life Benefit,2026-02-28,2026-03-03,7623.48,0.0,Denied,7.0,False
CLM003929,POL719804,74,NY,Renters,Theft,2026-01-28,2026-02-03,43592.51,31591.7,Approved,9.0,False
CLM003930,POL874200,55,IL,Home,Property Damage,2026-04-28,2026-05-04,46422.42,0.0,Denied,36.0,True
CLM003931,POL585762,29,MD,Life,Life Benefit,2026-03-14,2026-03-18,36866.55,0.0,Denied,7.0,False
CLM003932,POL563089,46,CT,Life,Life Benefit,2026-05-30,2026-06-04,19154.66,19033.11,Approved,14.0,False
CLM003933,POL529787,37,MD,Home,Theft,2026-03-12,2026-03-17,36232.91,26943.7,Approved,16.0,False
CLM003934,POL617948,30,PA,Life,Life Benefit,2026-04-11,2026-04-12,7823.5,6775.97,Approved,4.0,False
CLM003935,POL168633,48,CT,Life,Life Benefit,2026-02-04,2026-02-07,17277.95,0.0,Pending,,False
CLM003936,POL266516,65,PA,Auto,Theft,2026-07-19,2026-07-22,19295.02,18560.01,Approved,15.0,False
CLM003937,POL108197,70,PA,Life,Life Benefit,2026-06-11,2026-06-11,27333.9,25244.35,Approved,29.0,False
CLM003938,POL698062,58,MD,Renters,Theft,2025-11-10,2025-11-13,3144.01,2253.79,Approved,7.0,False
CLM003939,POL273995,44,CT,Life,Life Benefit,2026-09-05,2026-09-06,43215.61,41635.22,Approved,25.0,False
CLM003940,POL768998,69,OH,Auto,Glass Damage,2026-06-26,2026-06-26,47640.13,47419.33,Approved,3.0,False
CLM003941,POL670670,36,CT,Renters,Property Damage,2026-04-05,2026-04-06,43684.09,31002.07,Approved,18.0,False
CLM003942,POL981421,57,OH,Life,Life Benefit,2026-01-04,2026-01-04,40334.11,38091.76,Approved,4.0,False
CLM003943,POL249330,46,OH,Home,Property Damage,2026-03-15,2026-03-15,41071.29,33351.5,Approved,13.0,False
CLM003944,POL532065,70,NY,Renters,Property Damage,2026-07-01,2026-07-07,36435.14,35555.2,Approved,25.0,False
CLM003945,POL327551,44,MD,Life,Life Benefit,2026-08-01,2026-08-04,8539.32,6442.17,Approved,10.0,False
CLM003946,POL385527,57,OH,Home,Theft,2026-08-13,2026-08-15,31254.42,30752.63,Approved,19.0,False
CLM003947,POL600679,84,MA,Life,Life Benefit,2025-12-20,2025-12-25,34078.42,32449.25,Approved,14.0,False
CLM003948,POL509620,36,NY,Auto,Theft,2026-02-05,2026-02-05,41390.54,31587.87,Approved,22.0,False
CLM003949,POL350236,45,NJ,Life,Life Benefit,2025-10-26,2025-11-01,10902.34,9996.41,Approved,29.0,False
CLM003950,POL502609,21,OH,Auto,Collision,2025-09-29,2025-09-30,23360.4,20346.68,Approved,9.0,False
CLM003951,POL580330,53,CT,Renters,Theft,2026-03-16,2026-03-17,30499.34,0.0,Denied,32.0,False
CLM003952,POL842129,77,MI,Home,Theft,2026-06-02,2026-06-02,18755.97,15840.37,Approved,7.0,False
CLM003953,POL941239,58,PA,Home,Water Damage,2026-08-23,2026-08-26,41954.58,0.0,Pending,,False
CLM003954,POL322116,81,PA,Renters,Theft,2025-11-04,2025-11-09,19481.96,19415.79,Approved,5.0,False
CLM003955,POL699181,24,MA,Renters,Fire,2025-11-22,2025-11-29,36666.74,0.0,Denied,12.0,False
CLM003956,POL862574,45,VA,Auto,Theft,2026-07-20,2026-07-20,15285.29,12795.61,Approved,6.0,False
CLM003957,POL624641,74,MI,Home,Property Damage,2025-09-27,2025-09-30,2266.3,2092.93,Approved,10.0,False
CLM003958,POL165657,38,IL,Home,Water Damage,2025-09-16,2025-09-18,9927.73,0.0,Denied,31.0,True
CLM003959,POL682745,60,IL,Home,Property Damage,2025-10-24,2025-10-24,19724.5,15019.52,Approved,7.0,False
CLM003960,POL238238,65,NJ,Home,Water Damage,2026-04-27,2026-04-28,4581.84,4378.7,Approved,24.0,False
CLM003961,POL930648,67,VA,Home,Theft,2026-01-28,2026-01-28,8016.09,7182.6,Approved,25.0,False
CLM003962,POL100854,75,VA,Home,Theft,2026-04-19,2026-04-19,28408.53,24539.25,Approved,3.0,False
CLM003963,POL280848,42,NY,Auto,Theft,2025-09-14,2025-09-18,16131.92,14838.96,Approved,3.0,False
CLM003964,POL131537,25,NJ,Renters,Theft,2026-02-17,2026-02-19,21392.87,0.0,Pending,,False
CLM003965,POL867984,82,MD,Life,Life Benefit,2026-03-05,2026-03-09,21113.18,19960.14,Approved,11.0,False
CLM003966,POL547959,75,MD,Auto,Weather Damage,2025-10-05,2025-10-06,44397.02,33372.78,Approved,10.0,False
CLM003967,POL780585,85,OH,Renters,Water Damage,2026-06-05,2026-06-11,7065.58,5467.97,Approved,11.0,False
CLM003968,POL381295,47,NJ,Home,Water Damage,2026-03-30,2026-03-31,38786.12,0.0,Denied,41.0,False
CLM003969,POL799448,64,MD,Renters,Fire,2025-11-29,2025-11-30,49900.58,0.0,Pending,,True
CLM003970,POL259984,66,OH,Home,Water Damage,2026-02-03,2026-02-08,30753.7,29032.11,Approved,13.0,False
CLM003971,POL419909,48,OH,Renters,Water Damage,2026-03-19,2026-03-22,15284.39,0.0,Denied,33.0,False
CLM003972,POL357829,61,OH,Home,Property Damage,2026-09-10,2026-09-14,45897.22,0.0,Denied,36.0,False
CLM003973,POL952322,71,OH,Renters,Fire,2026-05-13,2026-05-17,28016.95,22619.85,Approved,3.0,False
CLM003974,POL349256,70,CT,Auto,Glass Damage,2025-10-04,2025-10-11,48946.94,42053.71,Approved,25.0,False
CLM003975,POL850758,56,MD,Renters,Property Damage,2026-04-24,2026-05-01,12501.68,10019.09,Approved,13.0,False
CLM003976,POL714186,32,OH,Home,Water Damage,2026-07-30,2026-08-05,14289.79,12550.17,Approved,4.0,False
CLM003977,POL402819,47,MA,Life,Life Benefit,2026-07-16,2026-07-22,41908.27,31459.22,Approved,28.0,False
CLM003978,POL551526,36,MD,Home,Fire,2025-12-28,2025-12-29,25500.42,21932.0,Approved,5.0,False
CLM003979,POL561226,65,NJ,Life,Life Benefit,2026-06-01,2026-06-07,18395.41,16739.05,Approved,9.0,False
CLM003980,POL877244,60,MD,Life,Life Benefit,2026-05-14,2026-05-20,6171.37,0.0,Pending,,False
CLM003981,POL135002,21,OH,Auto,Collision,2026-07-22,2026-07-22,24220.05,21196.77,Approved,5.0,False
CLM003982,POL416627,32,IL,Home,Theft,2026-02-07,2026-02-08,16987.47,12820.75,Approved,23.0,True
CLM003983,POL729373,47,NJ,Home,Theft,2026-03-20,2026-03-24,23620.39,18827.46,Approved,16.0,False
CLM003984,POL460548,32,VA,Life,Life Benefit,2026-05-29,2026-06-05,29007.95,25430.26,Approved,17.0,False
CLM003985,POL720649,23,MI,Auto,Weather Damage,2026-05-27,2026-05-30,24379.24,0.0,Denied,4.0,False
CLM003986,POL654328,71,OH,Home,Water Damage,2026-03-02,2026-03-07,6391.36,4801.11,Approved,16.0,False
CLM003987,POL605521,29,IL,Life,Life Benefit,2026-02-20,2026-02-27,49949.02,44739.14,Approved,6.0,False
CLM003988,POL839112,50,NY,Auto,Glass Damage,2026-04-11,2026-04-14,30141.37,27801.64,Approved,9.0,False
CLM003989,POL544737,63,MI,Renters,Property Damage,2026-06-13,2026-06-20,16745.82,12189.62,Approved,9.0,False
CLM003990,POL150494,71,OH,Life,Life Benefit,2025-11-04,2025-11-08,7673.26,0.0,Denied,11.0,False
CLM003991,POL625199,52,OH,Renters,Property Damage,2026-06-27,2026-07-04,18238.23,17578.19,Approved,20.0,False
CLM003992,POL441433,76,MD,Life,Life Benefit,2026-01-15,2026-01-17,17418.16,16163.65,Approved,17.0,False
CLM003993,POL749247,47,PA,Life,Life Benefit,2025-12-16,2025-12-22,32946.33,0.0,Denied,6.0,False
CLM003994,POL824777,35,PA,Life,Life Benefit,2026-08-16,2026-08-18,32263.45,0.0,Pending,,False
CLM003995,POL390283,66,MA,Auto,Weather Damage,2026-08-07,2026-08-08,42388.58,0.0,Pending,,False
CLM003996,POL981139,80,CT,Home,Property Damage,2025-10-15,2025-10-21,22766.34,16214.83,Approved,12.0,True
CLM003997,POL322750,70,NJ,Home,Theft,2026-08-29,2026-09-02,48868.01,42718.98,Approved,10.0,False
CLM003998,POL544594,26,IL,Life,Life Benefit,2025-12-29,2025-12-31,4879.27,4550.11,Approved,18.0,False
CLM003999,POL391046,66,OH,Life,Life Benefit,2026-07-01,2026-07-06,18769.98,13802.22,Approved,13.0,False
CLM004000,POL434230,69,CT,Auto,Weather Damage,2025-11-30,2025-12-01,22067.24,19889.02,Approved,4.0,False
CLM004001,POL733230,20,MD,Renters,Fire,2026-08-31,2026-09-02,13833.24,9836.38,Approved,13.0,True
CLM004002,POL948357,43,NJ,Home,Fire,2026-09-03,2026-09-10,42031.18,0.0,Denied,43.0,False
CLM004003,POL482333,55,OH,Renters,Water Damage,2026-03-08,2026-03-10,33864.19,0.0,Denied,3.0,False
CLM004004,POL687898,33,CT,Auto,Weather Damage,2026-01-23,2026-01-24,22370.04,21938.85,Approved,26.0,False
CLM004005,POL865674,56,MI,Home,Fire,2026-04-03,2026-04-10,5411.24,0.0,Denied,26.0,True
CLM004006,POL322542,46,NJ,Renters,Fire,2026-04-01,2026-04-06,22896.37,21981.21,Approved,26.0,False
CLM004007,POL150767,40,CT,Auto,Theft,2026-04-08,2026-04-11,30640.31,29719.05,Approved,24.0,False
CLM004008,POL961323,81,CT,Renters,Water Damage,2026-03-08,2026-03-10,12811.41,10031.94,Approved,7.0,False
CLM004009,POL364691,42,NJ,Home,Fire,2026-04-16,2026-04-18,40319.62,33977.35,Approved,7.0,False
CLM004010,POL642216,32,OH,Auto,Weather Damage,2025-10-20,2025-10-20,44040.37,43083.27,Approved,15.0,False
CLM004011,POL105457,49,PA,Home,Water Damage,2026-02-18,2026-02-22,2831.16,2615.11,Approved,16.0,False
CLM004012,POL916880,71,PA,Auto,Weather Damage,2026-03-06,2026-03-07,31950.0,27375.13,Approved,30.0,False
CLM004013,POL837466,24,VA,Renters,Fire,2025-11-20,2025-11-24,47991.82,36124.7,Approved,29.0,False
CLM004014,POL952579,62,MD,Auto,Theft,2026-03-09,2026-03-16,12263.07,0.0,Pending,,False
CLM004015,POL549877,39,MI,Renters,Theft,2025-12-02,2025-12-04,45898.59,44612.7,Approved,16.0,False
CLM004016,POL560565,62,MD,Life,Life Benefit,2025-11-08,2025-11-10,33491.07,0.0,Denied,36.0,False
CLM004017,POL307909,41,IL,Renters,Fire,2026-08-02,2026-08-05,31503.35,25826.92,Approved,28.0,False
CLM004018,POL685928,28,PA,Renters,Theft,2026-06-06,2026-06-08,23083.29,20888.59,Approved,6.0,False
CLM004019,POL994440,57,IL,Renters,Property Damage,2025-10-09,2025-10-14,34273.64,30802.32,Approved,18.0,False
CLM004020,POL518620,59,MA,Life,Life Benefit,2026-05-15,2026-05-21,21273.95,17108.78,Approved,14.0,False
CLM004021,POL413927,56,NJ,Renters,Fire,2025-10-24,2025-10-29,11879.62,0.0,Denied,33.0,False
CLM004022,POL493137,40,MD,Life,Life Benefit,2025-10-03,2025-10-07,19884.16,17052.41,Approved,18.0,False
CLM004023,POL308502,63,VA,Home,Property Damage,2026-07-04,2026-07-04,32735.17,30589.06,Approved,24.0,False
CLM004024,POL536991,45,IL,Renters,Property Damage,2026-05-11,2026-05-15,40958.07,38164.66,Approved,21.0,False
CLM004025,POL570870,31,NY,Life,Life Benefit,2026-01-03,2026-01-06,36827.07,27656.2,Approved,13.0,False
CLM004026,POL483990,54,VA,Life,Life Benefit,2026-05-24,2026-05-29,2804.68,2493.07,Approved,3.0,False
CLM004027,POL776478,43,MA,Home,Fire,2026-04-17,2026-04-18,1359.49,0.0,Denied,33.0,False
CLM004028,POL545054,52,NY,Renters,Property Damage,2026-05-06,2026-05-12,39340.48,33622.46,Approved,30.0,False
CLM004029,POL483815,66,MD,Life,Life Benefit,2025-12-03,2025-12-07,37168.64,0.0,Denied,18.0,False
CLM004030,POL476061,47,MI,Auto,Collision,2026-03-25,2026-03-29,32667.63,31258.4,Approved,22.0,False
CLM004031,POL755890,31,CT,Auto,Weather Damage,2026-03-16,2026-03-22,26390.74,19686.64,Approved,18.0,False
CLM004032,POL767895,52,NY,Life,Life Benefit,2026-07-30,2026-08-04,5659.31,0.0,Denied,34.0,True
CLM004033,POL395814,56,VA,Home,Fire,2025-09-17,2025-09-18,4566.46,0.0,Denied,31.0,False
CLM004034,POL752199,64,MD,Renters,Property Damage,2026-01-05,2026-01-12,38878.29,30750.06,Approved,10.0,False
CLM004035,POL531941,29,OH,Auto,Collision,2026-08-18,2026-08-23,40375.9,39909.55,Approved,23.0,False
CLM004036,POL677132,46,MA,Life,Life Benefit,2026-06-14,2026-06-21,34124.04,0.0,Denied,17.0,False
CLM004037,POL123432,78,IL,Home,Water Damage,2026-04-18,2026-04-20,5442.52,5366.46,Approved,4.0,False
CLM004038,POL369234,84,IL,Auto,Weather Damage,2025-10-14,2025-10-16,3046.42,2332.33,Approved,15.0,False
CLM004039,POL684263,62,VA,Auto,Theft,2026-03-27,2026-03-28,14099.55,12324.17,Approved,14.0,False
CLM004040,POL266993,46,NJ,Auto,Collision,2026-07-15,2026-07-21,18096.47,13841.11,Approved,6.0,False
CLM004041,POL652700,77,NJ,Life,Life Benefit,2026-07-08,2026-07-10,35378.65,31761.88,Approved,30.0,False
CLM004042,POL367658,58,NJ,Renters,Fire,2026-01-24,2026-01-29,26860.34,21504.39,Approved,9.0,False
CLM004043,POL191489,40,MD,Life,Life Benefit,2026-07-10,2026-07-14,28278.45,0.0,Denied,36.0,False
CLM004044,POL874282,72,NJ,Renters,Property Damage,2025-09-18,2025-09-21,14182.34,0.0,Pending,,False
CLM004045,POL186413,71,NY,Life,Life Benefit,2025-11-08,2025-11-08,40803.02,0.0,Pending,,False
CLM004046,POL732864,84,NY,Home,Water Damage,2026-01-14,2026-01-20,4497.02,3267.76,Approved,27.0,False
CLM004047,POL524703,66,NJ,Renters,Water Damage,2026-08-10,2026-08-11,49156.86,35208.86,Approved,15.0,False
CLM004048,POL268798,46,MD,Life,Life Benefit,2026-08-23,2026-08-23,26447.07,19906.33,Approved,9.0,False
CLM004049,POL197003,25,NJ,Life,Life Benefit,2025-12-19,2025-12-23,39225.6,38977.09,Approved,13.0,False
CLM004050,POL999613,38,MI,Life,Life Benefit,2026-07-14,2026-07-21,34789.1,30053.9,Approved,3.0,False
CLM004051,POL142549,74,NJ,Home,Theft,2026-03-21,2026-03-24,45983.87,40660.3,Approved,28.0,False
CLM004052,POL772626,26,MI,Home,Fire,2025-11-28,2025-12-04,13486.21,9533.49,Approved,30.0,False
CLM004053,POL669731,58,NY,Life,Life Benefit,2026-03-13,2026-03-18,28014.71,0.0,Denied,32.0,False
CLM004054,POL633161,46,PA,Home,Fire,2025-10-01,2025-10-05,38285.08,36753.66,Approved,8.0,False
CLM004055,POL722257,61,VA,Life,Life Benefit,2026-08-21,2026-08-25,17615.88,17189.95,Approved,9.0,False
CLM004056,POL712454,75,NY,Renters,Theft,2026-06-04,2026-06-04,21313.96,20059.09,Approved,10.0,False
CLM004057,POL835929,27,NY,Home,Water Damage,2026-05-06,2026-05-07,42633.25,33784.72,Approved,29.0,False
CLM004058,POL748884,56,MI,Auto,Theft,2026-07-12,2026-07-14,43356.83,0.0,Denied,25.0,False
CLM004059,POL212224,70,PA,Auto,Theft,2025-12-04,2025-12-05,14723.99,11572.19,Approved,30.0,False
CLM004060,POL857879,32,IL,Home,Theft,2025-10-13,2025-10-20,15507.97,14277.61,Approved,6.0,False
CLM004061,POL971092,51,MI,Home,Property Damage,2026-05-06,2026-05-08,4146.19,3158.42,Approved,24.0,False
CLM004062,POL618441,32,MD,Life,Life Benefit,2025-12-28,2025-12-28,32714.85,31669.16,Approved,8.0,False
CLM004063,POL380847,35,VA,Life,Life Benefit,2026-05-23,2026-05-24,38012.09,30365.18,Approved,23.0,False
CLM004064,POL785488,20,MI,Home,Theft,2026-02-27,2026-02-28,22249.16,20228.41,Approved,22.0,False
CLM004065,POL871889,83,MA,Renters,Water Damage,2025-11-18,2025-11-23,18086.72,13081.5,Approved,28.0,False
CLM004066,POL820786,20,NY,Renters,Theft,2026-01-24,2026-01-31,7633.09,7126.15,Approved,18.0,False
CLM004067,POL788611,35,MD,Auto,Glass Damage,2026-01-01,2026-01-06,4839.67,0.0,Denied,41.0,False
CLM004068,POL993568,82,OH,Life,Life Benefit,2026-04-10,2026-04-17,24589.27,17237.23,Approved,11.0,False
CLM004069,POL963606,68,PA,Home,Water Damage,2026-08-10,2026-08-12,8120.55,0.0,Pending,,False
CLM004070,POL651011,45,MA,Life,Life Benefit,2026-04-10,2026-04-11,49437.95,0.0,Denied,36.0,False
CLM004071,POL996324,34,VA,Renters,Property Damage,2026-05-16,2026-05-18,40675.33,0.0,Denied,30.0,False
CLM004072,POL369767,54,PA,Home,Water Damage,2026-01-24,2026-01-28,28917.73,25383.9,Approved,18.0,False
CLM004073,POL279439,75,IL,Home,Theft,2026-05-22,2026-05-26,15445.06,0.0,Denied,10.0,False
CLM004074,POL681917,68,OH,Life,Life Benefit,2026-01-17,2026-01-22,20258.83,17841.99,Approved,10.0,False
CLM004075,POL505394,82,PA,Auto,Weather Damage,2026-01-03,2026-01-06,42302.14,0.0,Pending,,False
CLM004076,POL677272,72,MI,Life,Life Benefit,2026-09-12,2026-09-19,4029.92,3521.14,Approved,21.0,False
CLM004077,POL798560,42,NY,Renters,Theft,2026-07-25,2026-07-28,5135.51,4167.02,Approved,12.0,False
CLM004078,POL952299,65,PA,Life,Life Benefit,2026-05-09,2026-05-16,9354.03,6793.97,Approved,20.0,False
CLM004079,POL744975,18,IL,Home,Water Damage,2026-01-31,2026-02-02,28026.31,0.0,Denied,9.0,False
CLM004080,POL413216,80,PA,Home,Theft,2026-07-17,2026-07-18,18757.49,16676.37,Approved,25.0,True
CLM004081,POL291232,45,CT,Life,Life Benefit,2026-04-24,2026-04-28,8904.54,7196.39,Approved,15.0,False
CLM004082,POL865530,38,VA,Home,Theft,2026-06-10,2026-06-17,38095.67,29396.34,Approved,28.0,False
CLM004083,POL300099,46,CT,Renters,Theft,2026-01-04,2026-01-10,8452.82,7073.95,Approved,5.0,False
CLM004084,POL744924,41,PA,Renters,Theft,2026-06-20,2026-06-27,37585.62,35401.16,Approved,13.0,False
CLM004085,POL552167,51,NY,Auto,Weather Damage,2026-05-12,2026-05-15,35667.82,30651.35,Approved,27.0,False
CLM004086,POL844609,61,MA,Renters,Property Damage,2025-12-30,2026-01-01,18654.0,0.0,Pending,,False
CLM004087,POL845304,79,CT,Auto,Weather Damage,2026-02-07,2026-02-12,17934.71,15201.06,Approved,25.0,False
CLM004088,POL992803,67,VA,Life,Life Benefit,2025-11-10,2025-11-11,21957.87,0.0,Denied,38.0,False
CLM004089,POL559651,24,IL,Home,Fire,2026-08-26,2026-08-29,19536.74,16592.2,Approved,14.0,False
CLM004090,POL113538,67,OH,Home,Property Damage,2026-08-11,2026-08-11,28002.08,0.0,Denied,42.0,False
CLM004091,POL723254,63,CT,Auto,Weather Damage,2025-12-20,2025-12-27,19518.05,18032.03,Approved,4.0,False
CLM004092,POL747096,80,OH,Life,Life Benefit,2026-03-25,2026-03-27,44165.97,38414.08,Approved,30.0,False
CLM004093,POL248262,55,VA,Life,Life Benefit,2026-07-08,2026-07-14,33450.89,23654.2,Approved,25.0,False
CLM004094,POL827226,29,VA,Renters,Water Damage,2025-10-30,2025-11-02,5393.15,4687.05,Approved,12.0,False
CLM004095,POL407209,45,IL,Auto,Theft,2026-01-08,2026-01-14,18362.86,16810.54,Approved,14.0,False
CLM004096,POL595714,38,IL,Home,Property Damage,2026-04-19,2026-04-21,46768.65,42354.74,Approved,23.0,False
CLM004097,POL356759,71,NY,Auto,Theft,2025-10-27,2025-10-29,45444.28,35766.76,Approved,28.0,False
CLM004098,POL503491,69,NY,Auto,Theft,2026-09-02,2026-09-04,23972.67,18989.0,Approved,21.0,False
CLM004099,POL306557,23,NJ,Life,Life Benefit,2025-10-21,2025-10-23,34756.1,30175.52,Approved,25.0,False
CLM004100,POL239539,21,MI,Auto,Glass Damage,2026-08-07,2026-08-12,41585.2,0.0,Denied,28.0,False
CLM004101,POL158885,24,NY,Life,Life Benefit,2026-08-19,2026-08-23,44898.49,35979.22,Approved,27.0,False
CLM004102,POL167875,37,OH,Renters,Property Damage,2026-02-12,2026-02-12,16457.23,0.0,Denied,36.0,False
CLM004103,POL807655,84,VA,Auto,Collision,2026-08-29,2026-09-02,48544.02,42631.33,Approved,30.0,False
CLM004104,POL870131,58,MD,Life,Life Benefit,2026-07-16,2026-07-18,4850.83,4048.56,Approved,12.0,False
CLM004105,POL153872,78,PA,Renters,Theft,2026-03-08,2026-03-08,35079.26,25496.45,Approved,4.0,False
CLM004106,POL727027,59,MI,Auto,Theft,2026-04-17,2026-04-19,39399.34,33247.65,Approved,29.0,False
CLM004107,POL946415,84,CT,Home,Theft,2025-10-10,2025-10-13,30379.89,29944.14,Approved,20.0,True
CLM004108,POL265879,70,PA,Renters,Fire,2026-08-14,2026-08-17,30059.14,28527.43,Approved,20.0,False
CLM004109,POL658134,31,CT,Home,Theft,2026-03-01,2026-03-05,48717.94,0.0,Pending,,False
CLM004110,POL153595,50,IL,Auto,Weather Damage,2026-02-27,2026-03-04,19787.58,17275.18,Approved,27.0,False
CLM004111,POL391097,82,PA,Life,Life Benefit,2026-01-27,2026-01-27,12721.37,10330.78,Approved,6.0,False
CLM004112,POL923780,28,MD,Life,Life Benefit,2026-02-19,2026-02-20,17754.2,0.0,Denied,39.0,False
CLM004113,POL409797,32,PA,Home,Property Damage,2026-01-14,2026-01-18,18904.9,0.0,Denied,34.0,False
CLM004114,POL828952,60,MA,Renters,Theft,2025-12-27,2026-01-01,36347.34,31647.52,Approved,9.0,False
CLM004115,POL660153,59,IL,Auto,Weather Damage,2025-11-26,2025-11-28,37446.64,28819.73,Approved,3.0,False
CLM004116,POL435694,43,NY,Renters,Theft,2026-07-10,2026-07-12,6226.34,0.0,Denied,22.0,False
CLM004117,POL573397,50,IL,Life,Life Benefit,2026-01-03,2026-01-07,16006.61,15440.11,Approved,6.0,False
CLM004118,POL952729,58,VA,Auto,Glass Damage,2025-12-13,2025-12-18,48375.6,43597.33,Approved,12.0,False
CLM004119,POL800672,33,MI,Renters,Fire,2025-10-17,2025-10-20,30241.58,0.0,Denied,37.0,False
CLM004120,POL545269,37,VA,Home,Fire,2026-05-12,2026-05-16,14771.73,11412.46,Approved,17.0,False
CLM004121,POL557915,35,MA,Life,Life Benefit,2026-04-23,2026-04-24,12463.8,12007.59,Approved,12.0,False
CLM004122,POL879751,40,CT,Life,Life Benefit,2026-06-29,2026-07-02,22556.7,0.0,Denied,26.0,False
CLM004123,POL621427,36,MD,Life,Life Benefit,2026-03-21,2026-03-28,48973.87,43360.88,Approved,30.0,False
CLM004124,POL819756,39,NY,Renters,Theft,2026-01-08,2026-01-11,12481.67,11755.55,Approved,11.0,False
CLM004125,POL510725,48,NJ,Renters,Theft,2026-06-28,2026-06-30,25985.81,24084.04,Approved,9.0,False
CLM004126,POL383448,48,VA,Home,Fire,2026-06-02,2026-06-03,8077.64,7270.18,Approved,19.0,False
CLM004127,POL263640,78,NJ,Auto,Collision,2026-07-13,2026-07-16,7641.9,7337.01,Approved,14.0,False
CLM004128,POL642425,38,NJ,Renters,Theft,2026-05-17,2026-05-21,43439.22,0.0,Denied,43.0,False
CLM004129,POL652995,74,MI,Renters,Water Damage,2025-11-24,2025-11-29,21133.95,15643.81,Approved,7.0,False
CLM004130,POL186818,85,PA,Auto,Theft,2026-04-18,2026-04-20,37894.38,29485.13,Approved,14.0,False
CLM004131,POL174033,51,VA,Renters,Fire,2026-04-17,2026-04-20,37150.18,35432.38,Approved,9.0,False
CLM004132,POL228876,71,MA,Home,Property Damage,2026-01-03,2026-01-10,1474.61,1463.11,Approved,6.0,False
CLM004133,POL551355,32,MI,Life,Life Benefit,2026-03-02,2026-03-02,23769.71,22425.95,Approved,23.0,False
CLM004134,POL807148,38,CT,Auto,Collision,2026-02-26,2026-03-05,1216.47,1036.67,Approved,11.0,False
CLM004135,POL147741,78,VA,Renters,Fire,2026-04-13,2026-04-17,12227.5,11329.27,Approved,15.0,False
CLM004136,POL368733,64,MI,Home,Theft,2026-06-27,2026-06-29,12573.06,9545.55,Approved,2.0,False
CLM004137,POL496824,64,MA,Home,Water Damage,2025-10-17,2025-10-24,45750.22,32417.82,Approved,29.0,False
CLM004138,POL343866,41,NY,Renters,Theft,2026-01-30,2026-01-31,46152.07,34577.08,Approved,13.0,False
CLM004139,POL326790,71,OH,Home,Fire,2026-08-08,2026-08-09,5238.66,3720.36,Approved,16.0,False
CLM004140,POL273188,64,IL,Auto,Weather Damage,2025-09-19,2025-09-24,2340.3,1693.36,Approved,9.0,False
CLM004141,POL571361,25,NY,Renters,Property Damage,2026-05-17,2026-05-18,47217.41,38346.4,Approved,7.0,False
CLM004142,POL914177,71,PA,Life,Life Benefit,2026-02-25,2026-02-27,24709.95,18024.62,Approved,30.0,False
CLM004143,POL540614,52,MD,Auto,Theft,2026-04-24,2026-04-25,34606.57,25887.72,Approved,4.0,False
CLM004144,POL486044,81,NY,Home,Theft,2026-06-27,2026-07-02,38521.11,0.0,Pending,,False
CLM004145,POL415401,75,IL,Renters,Theft,2026-04-20,2026-04-21,43625.08,40772.66,Approved,20.0,True
CLM004146,POL207565,54,MA,Renters,Theft,2025-10-29,2025-11-04,45294.55,0.0,Pending,,True
CLM004147,POL685638,54,NY,Life,Life Benefit,2026-08-24,2026-08-24,4504.05,0.0,Pending,,True
CLM004148,POL574546,43,MI,Renters,Theft,2025-12-25,2025-12-27,11895.78,0.0,Denied,31.0,False
CLM004149,POL985375,67,OH,Life,Life Benefit,2026-02-07,2026-02-12,41767.68,0.0,Denied,18.0,True
CLM004150,POL469467,74,PA,Home,Water Damage,2026-01-29,2026-01-31,10439.78,7344.23,Approved,3.0,False
CLM004151,POL560310,32,MI,Home,Theft,2026-09-11,2026-09-18,19747.87,15224.57,Approved,11.0,False
CLM004152,POL380033,57,NJ,Auto,Theft,2025-10-26,2025-11-02,42447.8,0.0,Denied,39.0,False
CLM004153,POL104220,83,NJ,Renters,Property Damage,2026-06-08,2026-06-12,5177.21,4656.83,Approved,14.0,False
CLM004154,POL653922,40,IL,Life,Life Benefit,2026-05-12,2026-05-14,23640.71,18238.51,Approved,18.0,False
CLM004155,POL279063,20,VA,Renters,Fire,2025-12-30,2026-01-03,49723.68,40950.45,Approved,28.0,False
CLM004156,POL944850,25,PA,Auto,Theft,2025-10-15,2025-10-22,28141.37,0.0,Pending,,False
CLM004157,POL824881,69,MA,Home,Theft,2026-08-12,2026-08-16,5201.17,5068.66,Approved,23.0,False
CLM004158,POL626387,43,MA,Renters,Theft,2026-01-10,2026-01-15,22504.54,20889.21,Approved,18.0,False
CLM004159,POL471098,83,IL,Renters,Property Damage,2026-04-07,2026-04-11,39692.52,0.0,Denied,29.0,False
CLM004160,POL891907,22,OH,Auto,Theft,2025-11-18,2025-11-22,34729.03,0.0,Pending,,False
CLM004161,POL853736,52,NY,Life,Life Benefit,2025-11-15,2025-11-22,45106.34,36781.72,Approved,9.0,False
CLM004162,POL674942,37,NJ,Renters,Theft,2026-01-08,2026-01-10,43920.29,32990.61,Approved,24.0,False
CLM004163,POL218957,76,IL,Auto,Collision,2026-05-29,2026-05-30,10564.32,10281.89,Approved,16.0,False
CLM004164,POL303860,35,MA,Life,Life Benefit,2025-10-15,2025-10-22,47188.38,44264.24,Approved,27.0,False
CLM004165,POL559727,68,CT,Home,Theft,2025-10-02,2025-10-06,20475.76,0.0,Denied,31.0,False
CLM004166,POL771009,60,OH,Life,Life Benefit,2026-05-15,2026-05-17,9470.18,7721.58,Approved,10.0,False
CLM004167,POL320712,26,OH,Home,Water Damage,2026-06-05,2026-06-10,12791.47,12131.35,Approved,29.0,False
CLM004168,POL232616,43,NJ,Life,Life Benefit,2026-06-29,2026-06-29,1070.1,899.48,Approved,30.0,False
CLM004169,POL379049,45,IL,Home,Fire,2026-03-19,2026-03-23,41561.28,40816.17,Approved,12.0,True
CLM004170,POL381395,84,MI,Life,Life Benefit,2026-06-18,2026-06-21,37755.0,27367.56,Approved,21.0,False
CLM004171,POL864974,67,OH,Life,Life Benefit,2026-05-30,2026-06-06,31859.12,26313.92,Approved,2.0,False
CLM004172,POL481805,36,IL,Auto,Glass Damage,2026-05-19,2026-05-25,12841.92,9534.16,Approved,27.0,False
CLM004173,POL105087,20,PA,Life,Life Benefit,2026-01-14,2026-01-16,37604.12,0.0,Denied,44.0,True
CLM004174,POL214036,68,MI,Auto,Collision,2026-07-19,2026-07-24,30540.54,27645.4,Approved,4.0,False
CLM004175,POL931805,49,NJ,Auto,Collision,2025-10-03,2025-10-10,2227.27,1560.33,Approved,29.0,False
CLM004176,POL853595,73,NY,Home,Theft,2025-10-22,2025-10-24,41548.56,0.0,Pending,,False
CLM004177,POL534451,61,PA,Renters,Property Damage,2026-08-27,2026-08-30,5050.2,4801.31,Approved,22.0,False
CLM004178,POL574544,79,MD,Renters,Fire,2026-05-27,2026-06-02,46527.49,38426.66,Approved,3.0,False
CLM004179,POL685741,49,NY,Life,Life Benefit,2026-04-17,2026-04-17,20443.57,17124.69,Approved,8.0,False
CLM004180,POL673799,79,CT,Home,Fire,2025-11-21,2025-11-25,22466.63,18896.19,Approved,9.0,False
CLM004181,POL333154,73,NJ,Renters,Water Damage,2025-12-03,2025-12-03,34388.07,33849.24,Approved,21.0,False
CLM004182,POL673592,43,PA,Auto,Collision,2026-08-14,2026-08-18,14530.66,14404.85,Approved,19.0,False
CLM004183,POL207449,64,MI,Life,Life Benefit,2026-08-12,2026-08-16,14118.1,12831.17,Approved,15.0,True
CLM004184,POL249051,58,NY,Auto,Collision,2026-07-04,2026-07-06,46975.22,37215.92,Approved,23.0,False
CLM004185,POL663974,25,PA,Home,Theft,2026-07-12,2026-07-17,29108.64,0.0,Denied,36.0,True
CLM004186,POL874534,50,CT,Life,Life Benefit,2026-01-10,2026-01-14,37649.39,0.0,Pending,,False
CLM004187,POL865109,69,CT,Renters,Fire,2026-03-24,2026-03-30,38654.07,0.0,Pending,,False
CLM004188,POL764277,49,CT,Auto,Theft,2026-06-21,2026-06-24,1871.84,1469.99,Approved,12.0,False
CLM004189,POL241264,27,VA,Life,Life Benefit,2026-01-29,2026-02-04,38823.52,37067.47,Approved,18.0,False
CLM004190,POL642341,41,MI,Life,Life Benefit,2026-08-17,2026-08-17,36972.43,36797.59,Approved,9.0,False
CLM004191,POL868043,47,CT,Home,Fire,2026-01-04,2026-01-04,4314.56,0.0,Pending,,False
CLM004192,POL498822,36,MI,Renters,Fire,2026-08-23,2026-08-23,1468.41,0.0,Denied,35.0,False
CLM004193,POL938888,22,MD,Auto,Weather Damage,2026-09-02,2026-09-04,34881.72,32522.97,Approved,28.0,False
CLM004194,POL537893,43,MA,Renters,Theft,2025-10-22,2025-10-22,37405.45,31594.26,Approved,30.0,False
CLM004195,POL570966,31,MI,Home,Property Damage,2026-02-07,2026-02-11,22019.19,15803.22,Approved,24.0,False
CLM004196,POL639153,73,MD,Life,Life Benefit,2026-02-23,2026-02-28,17335.45,12869.42,Approved,16.0,False
CLM004197,POL100362,39,MD,Life,Life Benefit,2025-10-28,2025-11-02,40806.56,29302.26,Approved,26.0,False
CLM004198,POL219845,27,MD,Renters,Property Damage,2025-11-30,2025-12-07,45510.75,40744.86,Approved,28.0,False
CLM004199,POL642015,75,MI,Auto,Collision,2025-12-09,2025-12-09,36002.67,0.0,Denied,31.0,False
CLM004200,POL379352,32,MD,Auto,Collision,2026-03-10,2026-03-14,23971.85,21814.27,Approved,28.0,False
CLM004201,POL782417,62,NY,Auto,Weather Damage,2026-03-27,2026-03-28,10222.72,9078.23,Approved,2.0,False
CLM004202,POL591727,62,PA,Home,Property Damage,2025-09-30,2025-10-06,23566.19,0.0,Denied,26.0,False
CLM004203,POL450247,85,CT,Home,Theft,2026-02-14,2026-02-16,22315.2,16886.0,Approved,15.0,False
CLM004204,POL692126,32,MI,Renters,Fire,2026-07-20,2026-07-23,45266.97,34889.14,Approved,12.0,False
CLM004205,POL358633,60,NY,Auto,Theft,2026-05-20,2026-05-26,8433.2,6506.71,Approved,10.0,False
CLM004206,POL719591,79,CT,Auto,Theft,2026-07-26,2026-08-02,1986.86,0.0,Denied,36.0,False
CLM004207,POL312547,26,OH,Home,Fire,2026-05-06,2026-05-10,19903.48,18202.98,Approved,21.0,False
CLM004208,POL559723,45,NJ,Renters,Water Damage,2026-05-30,2026-06-06,40891.64,0.0,Pending,,False
CLM004209,POL151234,82,PA,Renters,Fire,2026-04-14,2026-04-17,9308.37,8895.46,Approved,26.0,False
CLM004210,POL375194,18,PA,Auto,Weather Damage,2025-11-05,2025-11-09,44332.4,0.0,Pending,,False
CLM004211,POL706348,32,PA,Life,Life Benefit,2026-06-14,2026-06-16,35069.91,32002.28,Approved,3.0,False
CLM004212,POL612303,62,IL,Life,Life Benefit,2025-12-19,2025-12-23,40575.82,0.0,Denied,40.0,False
CLM004213,POL909158,79,MA,Auto,Theft,2026-03-25,2026-03-26,39299.28,0.0,Pending,,False
CLM004214,POL583564,48,VA,Renters,Theft,2026-08-02,2026-08-04,7241.77,6011.78,Approved,12.0,False
CLM004215,POL526371,29,PA,Renters,Water Damage,2026-07-01,2026-07-08,1788.31,1518.15,Approved,16.0,False
CLM004216,POL988257,58,NY,Auto,Glass Damage,2025-12-07,2025-12-07,23397.75,18647.86,Approved,12.0,False
CLM004217,POL991602,44,MI,Renters,Property Damage,2026-06-03,2026-06-06,48304.57,42483.98,Approved,21.0,False
CLM004218,POL476050,40,CT,Life,Life Benefit,2026-04-03,2026-04-03,4883.06,0.0,Denied,20.0,False
CLM004219,POL766536,66,OH,Life,Life Benefit,2025-09-20,2025-09-26,45744.25,0.0,Denied,26.0,False
CLM004220,POL290061,39,VA,Life,Life Benefit,2026-03-30,2026-04-01,31737.85,26298.29,Approved,8.0,False
CLM004221,POL423299,57,MA,Home,Theft,2025-12-25,2025-12-27,39743.66,38682.0,Approved,8.0,False
CLM004222,POL732472,51,CT,Renters,Property Damage,2025-10-22,2025-10-24,26353.5,0.0,Denied,35.0,False
CLM004223,POL493567,30,NJ,Life,Life Benefit,2026-02-11,2026-02-18,36546.35,26482.61,Approved,29.0,False
CLM004224,POL569003,79,IL,Renters,Property Damage,2026-07-09,2026-07-12,46461.86,45557.46,Approved,25.0,False
CLM004225,POL881652,47,CT,Auto,Glass Damage,2026-06-27,2026-06-30,35888.85,30990.46,Approved,19.0,False
CLM004226,POL268293,39,MI,Life,Life Benefit,2026-08-30,2026-09-06,16454.56,12779.18,Approved,12.0,False
CLM004227,POL422487,19,PA,Auto,Collision,2026-08-24,2026-08-27,17336.24,16133.48,Approved,28.0,False
CLM004228,POL356113,31,NJ,Renters,Fire,2026-07-16,2026-07-22,19543.83,14116.29,Approved,24.0,False
CLM004229,POL976520,65,IL,Home,Property Damage,2025-09-29,2025-10-05,17156.38,17144.34,Approved,4.0,False
CLM004230,POL538149,29,NY,Renters,Fire,2026-04-21,2026-04-27,36579.66,31719.9,Approved,3.0,True
CLM004231,POL154129,39,VA,Auto,Theft,2026-06-26,2026-07-01,28492.31,21355.85,Approved,7.0,False
CLM004232,POL695076,83,IL,Life,Life Benefit,2026-04-04,2026-04-05,3161.8,3108.61,Approved,8.0,False
CLM004233,POL625169,71,CT,Life,Life Benefit,2025-11-18,2025-11-21,17487.64,0.0,Denied,17.0,False
CLM004234,POL843617,69,VA,Renters,Water Damage,2026-09-09,2026-09-14,20617.8,16657.06,Approved,8.0,False
CLM004235,POL777073,58,CT,Renters,Property Damage,2026-02-08,2026-02-08,14454.91,0.0,Denied,20.0,False
CLM004236,POL880559,73,MD,Renters,Property Damage,2026-08-12,2026-08-19,22412.58,16860.2,Approved,4.0,False
CLM004237,POL302208,18,VA,Auto,Weather Damage,2026-07-30,2026-08-03,41182.5,30535.85,Approved,14.0,False
CLM004238,POL150458,56,CT,Life,Life Benefit,2026-03-25,2026-03-29,42139.52,0.0,Pending,,False
CLM004239,POL234755,58,PA,Life,Life Benefit,2025-12-17,2025-12-24,5514.04,5171.3,Approved,9.0,False
CLM004240,POL140064,59,MD,Life,Life Benefit,2026-08-08,2026-08-08,48894.67,47593.19,Approved,8.0,False
CLM004241,POL956662,36,IL,Home,Water Damage,2025-10-27,2025-11-02,32035.07,24690.41,Approved,10.0,True
CLM004242,POL957599,23,NJ,Auto,Theft,2026-02-20,2026-02-20,23715.53,0.0,Denied,42.0,False
CLM004243,POL454950,46,NJ,Home,Property Damage,2026-04-07,2026-04-11,38022.93,26703.13,Approved,5.0,True
CLM004244,POL718402,55,MD,Auto,Theft,2026-05-24,2026-05-24,31206.15,27820.6,Approved,13.0,False
CLM004245,POL469674,50,VA,Home,Property Damage,2025-09-28,2025-09-30,48448.04,47433.04,Approved,16.0,False
CLM004246,POL498171,34,IL,Life,Life Benefit,2026-07-08,2026-07-15,20844.61,18100.93,Approved,9.0,False
CLM004247,POL752044,53,MA,Home,Property Damage,2026-08-08,2026-08-11,37814.1,33830.91,Approved,7.0,False
CLM004248,POL291066,27,MI,Life,Life Benefit,2026-03-26,2026-04-02,19106.68,16944.73,Approved,27.0,False
CLM004249,POL601725,34,PA,Life,Life Benefit,2026-04-18,2026-04-20,12738.39,10701.65,Approved,2.0,False
CLM004250,POL554451,42,NJ,Renters,Water Damage,2026-06-15,2026-06-20,6584.8,5637.88,Approved,9.0,False
CLM004251,POL450549,39,CT,Auto,Glass Damage,2026-05-29,2026-05-29,29735.82,23875.95,Approved,10.0,False
CLM004252,POL818855,32,CT,Home,Theft,2026-08-22,2026-08-24,6688.8,5339.78,Approved,19.0,False
CLM004253,POL338273,81,MD,Life,Life Benefit,2026-06-12,2026-06-18,7060.13,6205.87,Approved,3.0,False
CLM004254,POL157403,81,MI,Renters,Fire,2025-09-19,2025-09-20,11007.15,9606.16,Approved,28.0,False
CLM004255,POL144077,23,OH,Auto,Theft,2026-07-14,2026-07-18,27740.31,22645.74,Approved,13.0,False
CLM004256,POL483630,33,CT,Home,Theft,2026-03-03,2026-03-07,19365.49,18762.82,Approved,21.0,False
CLM004257,POL704502,56,IL,Life,Life Benefit,2026-07-09,2026-07-15,44775.81,43737.75,Approved,27.0,False
CLM004258,POL134080,22,CT,Auto,Theft,2025-10-21,2025-10-22,9916.82,7019.95,Approved,14.0,False
CLM004259,POL565098,30,VA,Home,Theft,2025-10-18,2025-10-24,4901.42,4322.53,Approved,22.0,False
CLM004260,POL657155,83,NY,Home,Property Damage,2026-06-03,2026-06-10,19784.66,0.0,Denied,19.0,False
CLM004261,POL276603,57,NY,Home,Fire,2026-05-28,2026-06-01,33508.06,24322.21,Approved,25.0,False
CLM004262,POL368000,55,IL,Auto,Weather Damage,2026-01-12,2026-01-12,13424.84,0.0,Denied,27.0,False
CLM004263,POL451624,19,MA,Auto,Glass Damage,2025-09-27,2025-10-02,38834.4,29212.35,Approved,11.0,False
CLM004264,POL596010,74,MI,Life,Life Benefit,2026-01-29,2026-02-01,29462.67,28107.95,Approved,11.0,False
CLM004265,POL291518,63,PA,Auto,Glass Damage,2025-10-26,2025-10-26,38522.57,37373.8,Approved,29.0,False
CLM004266,POL917377,44,VA,Renters,Theft,2025-11-12,2025-11-16,47808.99,33817.26,Approved,8.0,False
CLM004267,POL889645,57,VA,Home,Water Damage,2026-08-25,2026-08-31,48962.21,42136.52,Approved,13.0,False
CLM004268,POL423294,72,CT,Life,Life Benefit,2025-11-04,2025-11-04,37118.76,0.0,Denied,12.0,False
CLM004269,POL882249,67,MI,Renters,Theft,2026-09-01,2026-09-05,17354.33,0.0,Pending,,False
CLM004270,POL974084,77,PA,Renters,Property Damage,2026-08-29,2026-08-29,28397.52,0.0,Denied,6.0,False
CLM004271,POL262949,46,NJ,Home,Property Damage,2026-01-01,2026-01-06,48601.27,39445.88,Approved,22.0,False
CLM004272,POL841408,83,MA,Renters,Water Damage,2025-11-12,2025-11-13,36311.45,31521.78,Approved,20.0,False
CLM004273,POL997174,49,OH,Life,Life Benefit,2025-09-24,2025-09-24,46616.68,40558.25,Approved,24.0,True
CLM004274,POL847685,76,MA,Renters,Theft,2026-08-25,2026-09-01,2322.92,1940.6,Approved,12.0,False
CLM004275,POL651079,48,NY,Life,Life Benefit,2026-04-19,2026-04-24,32945.94,0.0,Denied,31.0,False
CLM004276,POL470881,42,IL,Auto,Glass Damage,2025-09-28,2025-09-28,12264.11,0.0,Denied,5.0,False
CLM004277,POL145082,35,PA,Auto,Weather Damage,2025-10-09,2025-10-15,39486.17,0.0,Denied,45.0,False
CLM004278,POL559785,21,MD,Renters,Water Damage,2026-01-01,2026-01-05,34719.57,25390.03,Approved,4.0,False
CLM004279,POL295560,79,MI,Life,Life Benefit,2026-04-20,2026-04-27,43123.94,37928.48,Approved,30.0,False
CLM004280,POL380387,62,MA,Life,Life Benefit,2026-06-06,2026-06-09,35178.34,0.0,Pending,,False
CLM004281,POL446927,35,CT,Home,Property Damage,2025-09-30,2025-10-07,2446.44,0.0,Denied,28.0,False
CLM004282,POL442673,54,MD,Life,Life Benefit,2026-07-31,2026-07-31,46067.8,38858.2,Approved,11.0,False
CLM004283,POL361357,45,CT,Life,Life Benefit,2026-02-28,2026-03-03,38954.5,37148.78,Approved,3.0,False
CLM004284,POL519196,21,NY,Life,Life Benefit,2026-01-30,2026-02-05,11369.66,0.0,Pending,,False
CLM004285,POL522964,81,NY,Auto,Collision,2025-12-07,2025-12-10,27591.7,20482.33,Approved,5.0,False
CLM004286,POL527573,70,VA,Auto,Collision,2026-02-12,2026-02-16,22646.96,0.0,Denied,11.0,True
CLM004287,POL936918,71,CT,Renters,Property Damage,2026-07-23,2026-07-27,12814.06,9641.94,Approved,24.0,False
CLM004288,POL349777,55,NY,Auto,Weather Damage,2026-05-24,2026-05-28,14016.11,0.0,Denied,27.0,False
CLM004289,POL588244,36,MI,Home,Fire,2026-03-28,2026-03-31,14622.37,13186.35,Approved,27.0,False
CLM004290,POL955670,47,MD,Renters,Fire,2026-01-30,2026-02-06,40491.3,34002.94,Approved,6.0,False
CLM004291,POL927248,37,MI,Life,Life Benefit,2026-08-31,2026-09-04,9927.3,8806.22,Approved,5.0,False
CLM004292,POL359109,65,VA,Life,Life Benefit,2026-03-14,2026-03-21,19880.62,0.0,Denied,42.0,False
CLM004293,POL443506,80,IL,Auto,Weather Damage,2026-06-19,2026-06-21,3921.76,3289.51,Approved,22.0,False
CLM004294,POL694304,56,MA,Auto,Theft,2026-08-24,2026-08-31,14178.15,12693.95,Approved,16.0,False
CLM004295,POL640020,19,PA,Renters,Theft,2026-03-18,2026-03-22,7717.94,5868.57,Approved,26.0,False
CLM004296,POL137293,35,IL,Auto,Glass Damage,2026-01-22,2026-01-23,32001.75,27049.06,Approved,21.0,False
CLM004297,POL928133,72,MI,Renters,Theft,2026-06-15,2026-06-17,6060.93,4742.69,Approved,5.0,False
CLM004298,POL515020,57,PA,Life,Life Benefit,2026-07-20,2026-07-24,12710.65,12047.58,Approved,10.0,False
CLM004299,POL319061,23,MI,Renters,Theft,2025-10-10,2025-10-16,10892.27,8379.55,Approved,22.0,False
CLM004300,POL206582,22,MI,Auto,Glass Damage,2026-06-24,2026-06-29,10737.66,9747.71,Approved,26.0,False
CLM004301,POL669186,45,PA,Home,Property Damage,2026-07-18,2026-07-20,3380.42,0.0,Pending,,False
CLM004302,POL433959,29,NJ,Renters,Fire,2026-01-06,2026-01-06,10009.46,8411.14,Approved,20.0,False
CLM004303,POL610484,36,IL,Auto,Collision,2026-06-06,2026-06-10,13755.48,10516.0,Approved,15.0,False
CLM004304,POL498543,37,VA,Home,Theft,2026-05-08,2026-05-09,24262.94,20325.04,Approved,5.0,False
CLM004305,POL896057,32,NJ,Renters,Fire,2026-04-21,2026-04-26,15756.11,0.0,Denied,38.0,True
CLM004306,POL427502,85,PA,Renters,Theft,2025-09-15,2025-09-18,28042.55,25795.31,Approved,2.0,False
CLM004307,POL350792,53,CT,Life,Life Benefit,2026-06-18,2026-06-18,10071.45,9827.56,Approved,29.0,False
CLM004308,POL794877,33,VA,Auto,Glass Damage,2026-09-05,2026-09-05,6632.23,6419.02,Approved,16.0,False
CLM004309,POL235196,55,MI,Renters,Fire,2025-11-12,2025-11-16,23143.36,21577.44,Approved,26.0,False
CLM004310,POL253538,85,OH,Life,Life Benefit,2025-11-18,2025-11-19,33551.49,0.0,Pending,,False
CLM004311,POL598438,78,MA,Home,Theft,2026-08-19,2026-08-19,10538.43,8953.84,Approved,23.0,False
CLM004312,POL955616,29,PA,Renters,Property Damage,2026-01-18,2026-01-19,43074.02,41066.76,Approved,2.0,False
CLM004313,POL155133,79,MD,Home,Fire,2026-03-18,2026-03-24,26268.83,25486.0,Approved,22.0,False
CLM004314,POL864840,47,MD,Life,Life Benefit,2026-09-01,2026-09-06,44913.66,31676.35,Approved,29.0,False
CLM004315,POL140474,62,MD,Life,Life Benefit,2026-04-05,2026-04-07,45776.12,35982.84,Approved,10.0,False
CLM004316,POL381592,85,MA,Renters,Fire,2026-03-02,2026-03-04,3010.0,0.0,Denied,28.0,False
CLM004317,POL899352,60,VA,Renters,Theft,2026-02-07,2026-02-07,46718.76,0.0,Pending,,False
CLM004318,POL186654,76,PA,Auto,Collision,2026-03-24,2026-03-28,6069.12,5861.18,Approved,29.0,False
CLM004319,POL271295,43,NJ,Auto,Glass Damage,2026-07-18,2026-07-21,26428.79,18863.89,Approved,30.0,False
CLM004320,POL283570,67,IL,Auto,Theft,2026-03-31,2026-04-03,20078.61,19296.44,Approved,20.0,False
CLM004321,POL889919,53,VA,Home,Property Damage,2026-08-28,2026-09-01,1235.32,1098.29,Approved,28.0,False
CLM004322,POL883131,48,OH,Auto,Collision,2025-09-25,2025-09-30,47800.9,43723.77,Approved,14.0,False
CLM004323,POL456371,24,MD,Home,Water Damage,2026-06-24,2026-06-27,21992.09,16851.98,Approved,15.0,False
CLM004324,POL334048,22,NY,Auto,Collision,2025-12-17,2025-12-17,22174.19,18226.97,Approved,23.0,False
CLM004325,POL298218,20,PA,Home,Fire,2026-04-20,2026-04-22,48232.64,33934.92,Approved,27.0,False
CLM004326,POL397169,78,IL,Life,Life Benefit,2026-08-02,2026-08-02,27288.14,0.0,Pending,,False
CLM004327,POL169382,65,IL,Renters,Water Damage,2025-12-18,2025-12-25,49188.54,48257.05,Approved,8.0,False
CLM004328,POL497230,56,VA,Home,Property Damage,2026-06-05,2026-06-12,25253.84,20018.71,Approved,23.0,False
CLM004329,POL516689,65,MI,Home,Theft,2026-06-28,2026-07-05,11122.07,0.0,Denied,30.0,False
CLM004330,POL761527,76,MI,Life,Life Benefit,2025-10-02,2025-10-06,29396.03,28656.3,Approved,6.0,False
CLM004331,POL428754,35,VA,Home,Fire,2026-07-13,2026-07-13,21026.5,16320.74,Approved,19.0,False
CLM004332,POL771637,78,PA,Life,Life Benefit,2025-12-07,2025-12-14,11382.34,9071.32,Approved,13.0,False
CLM004333,POL693725,80,OH,Renters,Property Damage,2025-12-03,2025-12-09,34178.38,25135.73,Approved,19.0,False
CLM004334,POL617143,75,MD,Home,Property Damage,2026-06-26,2026-06-26,29366.76,22584.24,Approved,24.0,False
CLM004335,POL638698,61,VA,Renters,Fire,2026-04-19,2026-04-22,24479.0,0.0,Pending,,False
CLM004336,POL170480,74,NJ,Home,Water Damage,2026-08-28,2026-09-03,13379.26,10559.27,Approved,28.0,False
CLM004337,POL994338,39,MI,Auto,Collision,2025-09-19,2025-09-26,44018.89,38831.88,Approved,26.0,False
CLM004338,POL654914,67,NJ,Auto,Glass Damage,2026-01-29,2026-02-02,40167.82,39456.32,Approved,26.0,False
CLM004339,POL587537,49,PA,Renters,Theft,2025-09-24,2025-10-01,40317.83,36083.01,Approved,22.0,False
CLM004340,POL304120,51,CT,Renters,Theft,2026-03-16,2026-03-18,21287.31,0.0,Denied,18.0,False
CLM004341,POL290831,21,OH,Home,Property Damage,2026-04-23,2026-04-23,29791.85,27898.89,Approved,22.0,False
CLM004342,POL375886,41,IL,Home,Fire,2026-06-13,2026-06-19,22527.53,18732.25,Approved,30.0,False
CLM004343,POL368747,57,NY,Home,Property Damage,2026-04-22,2026-04-25,26911.91,23762.17,Approved,23.0,False
CLM004344,POL311697,68,IL,Auto,Weather Damage,2026-04-13,2026-04-20,30310.65,22114.26,Approved,7.0,False
CLM004345,POL398230,79,IL,Renters,Water Damage,2026-06-20,2026-06-22,3778.28,3608.52,Approved,21.0,False
CLM004346,POL825348,18,PA,Renters,Fire,2026-01-13,2026-01-17,10776.37,9966.53,Approved,29.0,False
CLM004347,POL681093,32,NY,Renters,Theft,2025-11-22,2025-11-27,7940.79,0.0,Pending,,False
CLM004348,POL967774,47,CT,Home,Water Damage,2025-09-25,2025-09-27,26281.98,0.0,Pending,,False
CLM004349,POL602755,37,CT,Renters,Fire,2025-10-21,2025-10-21,33989.58,31156.82,Approved,30.0,False
CLM004350,POL661619,76,VA,Life,Life Benefit,2025-11-06,2025-11-09,17098.08,13493.48,Approved,12.0,False
CLM004351,POL421180,36,VA,Renters,Fire,2026-02-27,2026-03-01,8841.34,7372.06,Approved,19.0,False
CLM004352,POL102868,20,CT,Home,Theft,2026-09-01,2026-09-04,20195.14,0.0,Pending,,False
CLM004353,POL871653,62,VA,Renters,Theft,2026-08-20,2026-08-22,41387.34,0.0,Denied,3.0,False
CLM004354,POL236921,34,MD,Home,Theft,2026-08-21,2026-08-24,10653.41,7661.67,Approved,8.0,False
CLM004355,POL294266,66,PA,Auto,Theft,2026-07-17,2026-07-20,4023.64,3460.22,Approved,14.0,False
CLM004356,POL599549,33,VA,Life,Life Benefit,2026-06-12,2026-06-19,46413.13,36438.76,Approved,17.0,False
CLM004357,POL741382,53,VA,Life,Life Benefit,2026-01-08,2026-01-08,2711.14,0.0,Pending,,False
CLM004358,POL456229,24,MA,Life,Life Benefit,2026-09-13,2026-09-16,42916.42,36700.14,Approved,27.0,False
CLM004359,POL466544,34,CT,Renters,Fire,2025-10-04,2025-10-10,20387.35,0.0,Denied,7.0,False
CLM004360,POL336819,45,CT,Renters,Fire,2026-07-10,2026-07-11,20800.29,0.0,Denied,42.0,False
CLM004361,POL543120,53,CT,Home,Theft,2026-07-17,2026-07-22,34936.57,32092.58,Approved,20.0,False
CLM004362,POL458849,83,MI,Home,Water Damage,2026-03-09,2026-03-15,15437.28,10848.36,Approved,20.0,False
CLM004363,POL356417,27,MI,Auto,Weather Damage,2026-04-10,2026-04-10,43573.72,32256.34,Approved,13.0,False
CLM004364,POL543037,72,MI,Auto,Glass Damage,2026-03-06,2026-03-10,46937.93,34462.79,Approved,23.0,True
CLM004365,POL662184,54,NY,Life,Life Benefit,2025-10-05,2025-10-06,3454.3,2662.94,Approved,30.0,False
CLM004366,POL792770,64,MD,Life,Life Benefit,2025-12-14,2025-12-16,27244.19,20141.98,Approved,17.0,False
CLM004367,POL137685,64,MI,Home,Water Damage,2025-12-29,2026-01-02,31523.27,25107.52,Approved,13.0,False
CLM004368,POL869134,31,CT,Renters,Property Damage,2026-07-17,2026-07-22,44589.04,38015.44,Approved,16.0,False
CLM004369,POL344117,49,MA,Life,Life Benefit,2025-11-20,2025-11-24,31876.93,27366.32,Approved,25.0,False
CLM004370,POL424169,26,IL,Life,Life Benefit,2025-09-24,2025-09-30,27708.17,22057.67,Approved,10.0,False
CLM004371,POL353518,78,CT,Home,Water Damage,2026-01-31,2026-02-07,13663.36,13652.09,Approved,14.0,False
CLM004372,POL779441,31,PA,Life,Life Benefit,2026-05-07,2026-05-11,34324.87,29464.48,Approved,22.0,False
CLM004373,POL485873,44,NJ,Home,Theft,2026-09-04,2026-09-04,27536.25,21985.17,Approved,8.0,False
CLM004374,POL839496,83,MA,Home,Theft,2026-01-19,2026-01-21,42057.25,38204.37,Approved,4.0,False
CLM004375,POL184236,53,IL,Life,Life Benefit,2025-10-24,2025-10-28,28246.38,25740.61,Approved,2.0,False
CLM004376,POL430297,24,OH,Auto,Weather Damage,2025-09-22,2025-09-24,36560.76,32846.33,Approved,9.0,False
CLM004377,POL904575,29,OH,Renters,Water Damage,2026-06-09,2026-06-11,2521.28,1811.47,Approved,7.0,False
CLM004378,POL704989,61,MD,Home,Theft,2025-12-01,2025-12-02,12632.92,10378.35,Approved,28.0,False
CLM004379,POL214212,32,MA,Renters,Property Damage,2025-10-19,2025-10-24,32021.7,27762.4,Approved,16.0,False
CLM004380,POL318854,48,IL,Auto,Weather Damage,2025-12-27,2025-12-29,20159.35,0.0,Denied,4.0,False
CLM004381,POL607273,67,MD,Life,Life Benefit,2026-01-28,2026-02-03,11531.76,0.0,Denied,5.0,False
CLM004382,POL234586,28,MI,Renters,Fire,2026-07-13,2026-07-19,31201.22,0.0,Pending,,False
CLM004383,POL943030,58,MD,Renters,Water Damage,2026-05-16,2026-05-21,44876.91,43406.15,Approved,25.0,False
CLM004384,POL425565,20,IL,Home,Water Damage,2025-11-08,2025-11-09,47272.5,0.0,Denied,18.0,False
CLM004385,POL970595,39,NY,Auto,Glass Damage,2026-05-24,2026-05-24,11399.89,10803.31,Approved,5.0,False
CLM004386,POL451770,37,MA,Renters,Theft,2025-09-17,2025-09-21,47994.07,36669.29,Approved,29.0,False
CLM004387,POL885415,27,VA,Renters,Property Damage,2025-11-28,2025-12-01,39514.12,0.0,Denied,42.0,False
CLM004388,POL293747,54,NJ,Auto,Collision,2025-12-12,2025-12-13,26026.03,25132.66,Approved,9.0,False
CLM004389,POL730518,37,NY,Life,Life Benefit,2026-03-28,2026-03-28,34890.58,32176.41,Approved,20.0,False
CLM004390,POL728081,39,PA,Auto,Collision,2026-08-15,2026-08-20,12497.13,0.0,Pending,,False
CLM004391,POL631652,28,MI,Home,Fire,2026-07-06,2026-07-12,39581.25,28762.1,Approved,29.0,False
CLM004392,POL990300,18,VA,Life,Life Benefit,2026-03-26,2026-03-28,35060.2,26012.49,Approved,29.0,True
CLM004393,POL439091,33,MI,Life,Life Benefit,2026-06-12,2026-06-18,36159.32,27547.41,Approved,16.0,True
CLM004394,POL341777,35,CT,Renters,Water Damage,2025-10-04,2025-10-09,48357.85,43151.15,Approved,3.0,False
CLM004395,POL984281,81,VA,Life,Life Benefit,2026-08-08,2026-08-14,18597.67,16814.46,Approved,12.0,False
CLM004396,POL344749,19,IL,Auto,Theft,2026-05-03,2026-05-04,17828.45,0.0,Denied,24.0,False
CLM004397,POL271104,49,MI,Home,Water Damage,2026-08-16,2026-08-23,9708.25,7337.78,Approved,14.0,False
CLM004398,POL691013,46,OH,Home,Fire,2026-01-26,2026-01-27,42052.79,40127.52,Approved,26.0,False
CLM004399,POL543486,31,IL,Renters,Water Damage,2026-08-02,2026-08-05,30166.47,29825.79,Approved,30.0,False
CLM004400,POL476009,23,MI,Auto,Glass Damage,2026-08-14,2026-08-14,898.68,0.0,Denied,24.0,False
CLM004401,POL589792,44,PA,Auto,Theft,2026-07-07,2026-07-13,47859.26,46611.58,Approved,19.0,False
CLM004402,POL494138,82,MA,Life,Life Benefit,2026-04-10,2026-04-13,3761.58,3581.2,Approved,19.0,False
CLM004403,POL573484,45,OH,Renters,Water Damage,2026-02-17,2026-02-18,27058.23,19928.67,Approved,10.0,False
CLM004404,POL526231,56,OH,Home,Property Damage,2025-11-03,2025-11-09,16090.4,13783.96,Approved,11.0,False
CLM004405,POL440869,19,NY,Life,Life Benefit,2025-10-30,2025-11-05,8205.77,6437.36,Approved,10.0,False
CLM004406,POL539616,26,NY,Life,Life Benefit,2026-04-04,2026-04-11,31995.87,23442.96,Approved,16.0,False
CLM004407,POL689795,33,NJ,Home,Theft,2026-01-06,2026-01-09,13778.25,10132.0,Approved,19.0,False
CLM004408,POL726954,59,NJ,Home,Theft,2026-05-23,2026-05-27,13778.21,0.0,Denied,6.0,False
CLM004409,POL569598,55,IL,Auto,Weather Damage,2026-09-01,2026-09-06,2685.53,2317.06,Approved,3.0,False
CLM004410,POL986469,65,OH,Home,Water Damage,2026-01-03,2026-01-05,11962.77,0.0,Pending,,False
CLM004411,POL822966,47,NJ,Home,Theft,2026-06-04,2026-06-05,45699.84,38119.4,Approved,26.0,False
CLM004412,POL576861,56,NJ,Auto,Weather Damage,2026-06-02,2026-06-03,34999.55,0.0,Denied,16.0,False
CLM004413,POL800802,41,CT,Life,Life Benefit,2025-10-22,2025-10-25,43281.14,38145.46,Approved,25.0,False
CLM004414,POL677284,61,IL,Renters,Water Damage,2026-02-07,2026-02-09,22529.97,20528.37,Approved,9.0,False
CLM004415,POL605460,34,NY,Auto,Weather Damage,2026-01-15,2026-01-16,37782.63,0.0,Pending,,False
CLM004416,POL898464,62,PA,Life,Life Benefit,2026-04-28,2026-05-02,11837.46,11305.9,Approved,21.0,False
CLM004417,POL722788,61,VA,Life,Life Benefit,2025-10-27,2025-11-02,21765.45,19986.5,Approved,10.0,False
CLM004418,POL931201,40,NJ,Auto,Weather Damage,2025-11-08,2025-11-14,32169.04,26175.87,Approved,7.0,False
CLM004419,POL821860,68,MD,Auto,Collision,2026-01-04,2026-01-05,4674.72,4480.06,Approved,9.0,False
CLM004420,POL718010,34,PA,Renters,Fire,2025-10-04,2025-10-08,42119.05,38354.81,Approved,25.0,False
CLM004421,POL590789,52,MA,Renters,Water Damage,2026-05-19,2026-05-21,2436.81,0.0,Pending,,False
CLM004422,POL716191,40,OH,Home,Theft,2026-06-11,2026-06-13,7723.32,0.0,Denied,19.0,False
CLM004423,POL614525,40,IL,Life,Life Benefit,2026-04-02,2026-04-04,4837.41,4767.08,Approved,10.0,False
CLM004424,POL920157,44,CT,Auto,Collision,2026-08-31,2026-09-03,32211.38,23471.53,Approved,5.0,True
CLM004425,POL835972,34,MI,Auto,Weather Damage,2025-10-15,2025-10-17,38728.29,35054.25,Approved,10.0,False
CLM004426,POL477632,52,IL,Renters,Theft,2025-10-30,2025-11-03,38238.63,0.0,Denied,32.0,False
CLM004427,POL203502,84,OH,Auto,Weather Damage,2025-12-24,2025-12-29,33166.3,29785.82,Approved,16.0,False
CLM004428,POL217329,69,OH,Life,Life Benefit,2026-04-30,2026-05-02,12284.16,0.0,Denied,25.0,False
CLM004429,POL470029,53,MI,Auto,Theft,2025-11-06,2025-11-07,15103.81,11627.59,Approved,6.0,False
CLM004430,POL278080,76,CT,Life,Life Benefit,2026-05-30,2026-06-02,18342.45,15656.28,Approved,30.0,False
CLM004431,POL297704,34,VA,Home,Water Damage,2025-11-11,2025-11-16,19961.97,18625.55,Approved,25.0,False
CLM004432,POL699824,37,PA,Home,Water Damage,2026-02-17,2026-02-20,32238.68,29931.19,Approved,10.0,False
CLM004433,POL308391,53,CT,Home,Theft,2026-02-23,2026-02-24,14809.31,0.0,Denied,38.0,False
CLM004434,POL935345,56,MI,Life,Life Benefit,2025-12-06,2025-12-09,10189.33,8131.45,Approved,8.0,False
CLM004435,POL451328,34,MI,Renters,Property Damage,2026-04-16,2026-04-18,39754.4,31127.27,Approved,14.0,False
CLM004436,POL771586,53,CT,Home,Water Damage,2025-12-18,2025-12-25,4196.72,4064.86,Approved,3.0,False
CLM004437,POL696306,38,MI,Life,Life Benefit,2026-07-31,2026-08-07,39051.11,31109.43,Approved,17.0,False
CLM004438,POL779424,41,VA,Home,Property Damage,2025-09-30,2025-10-03,4330.17,3064.84,Approved,2.0,False
CLM004439,POL496775,75,CT,Life,Life Benefit,2025-11-19,2025-11-20,49155.29,0.0,Pending,,False
CLM004440,POL486846,72,MA,Life,Life Benefit,2026-04-21,2026-04-27,27618.76,0.0,Denied,43.0,False
CLM004441,POL766787,46,VA,Auto,Theft,2025-11-30,2025-11-30,12846.9,10983.93,Approved,25.0,False
CLM004442,POL655754,63,CT,Renters,Water Damage,2026-06-02,2026-06-06,39291.89,30536.49,Approved,6.0,False
CLM004443,POL309669,38,OH,Home,Property Damage,2025-10-16,2025-10-17,13603.11,11797.33,Approved,22.0,False
CLM004444,POL408893,71,MD,Auto,Weather Damage,2026-03-23,2026-03-26,45208.89,0.0,Denied,3.0,True
CLM004445,POL939581,18,PA,Life,Life Benefit,2025-09-29,2025-10-02,17890.36,0.0,Denied,23.0,False
CLM004446,POL985012,75,MD,Renters,Property Damage,2026-07-15,2026-07-22,4917.2,4081.07,Approved,21.0,True
CLM004447,POL964804,54,NY,Auto,Collision,2026-07-14,2026-07-15,43761.59,40872.38,Approved,24.0,False
CLM004448,POL677668,73,NJ,Life,Life Benefit,2026-05-11,2026-05-14,23489.57,22836.54,Approved,22.0,False
CLM004449,POL742047,68,PA,Auto,Weather Damage,2025-10-31,2025-11-06,36218.47,34364.16,Approved,28.0,False
CLM004450,POL445262,40,MD,Home,Property Damage,2026-08-02,2026-08-03,12308.19,0.0,Pending,,False
CLM004451,POL412913,50,PA,Renters,Water Damage,2025-12-23,2025-12-27,43262.29,0.0,Denied,39.0,False
CLM004452,POL899087,67,OH,Auto,Theft,2026-05-09,2026-05-15,21504.15,17777.84,Approved,29.0,False
CLM004453,POL347315,23,OH,Home,Theft,2026-01-10,2026-01-13,7437.39,6291.26,Approved,7.0,False
CLM004454,POL214697,21,MD,Home,Fire,2025-10-12,2025-10-14,2627.54,2543.78,Approved,11.0,False
CLM004455,POL357832,67,CT,Auto,Theft,2025-10-10,2025-10-11,6539.48,5435.15,Approved,9.0,False
CLM004456,POL343462,22,CT,Life,Life Benefit,2025-11-05,2025-11-08,36331.44,27541.78,Approved,4.0,False
CLM004457,POL100066,77,MI,Auto,Weather Damage,2026-02-14,2026-02-20,48578.43,45470.11,Approved,29.0,False
CLM004458,POL411488,69,NJ,Home,Fire,2026-04-21,2026-04-21,12771.59,11000.51,Approved,14.0,False
CLM004459,POL201348,21,MA,Renters,Theft,2026-06-06,2026-06-10,30465.59,24133.93,Approved,3.0,False
CLM004460,POL571777,71,MD,Home,Theft,2026-01-16,2026-01-21,33895.83,24775.25,Approved,26.0,False
CLM004461,POL126111,33,CT,Auto,Glass Damage,2026-06-09,2026-06-14,35178.94,30969.93,Approved,12.0,False
CLM004462,POL394631,45,VA,Auto,Weather Damage,2026-08-04,2026-08-06,22665.05,20554.78,Approved,27.0,False
CLM004463,POL267840,27,NY,Home,Theft,2026-05-28,2026-05-31,44554.08,40238.86,Approved,12.0,False
CLM004464,POL453869,82,PA,Auto,Weather Damage,2026-03-15,2026-03-21,22844.03,0.0,Pending,,False
CLM004465,POL221714,26,IL,Life,Life Benefit,2026-08-23,2026-08-30,21377.26,15817.31,Approved,6.0,False
CLM004466,POL309690,32,VA,Home,Property Damage,2026-08-27,2026-08-28,10601.28,0.0,Denied,13.0,False
CLM004467,POL891010,76,MA,Auto,Theft,2026-01-21,2026-01-23,38489.61,32675.26,Approved,2.0,False
CLM004468,POL290704,82,MI,Renters,Property Damage,2026-05-15,2026-05-18,34579.46,0.0,Denied,45.0,False
CLM004469,POL751011,32,PA,Home,Water Damage,2025-12-30,2026-01-03,16033.52,0.0,Denied,33.0,False
CLM004470,POL280244,36,MI,Renters,Theft,2025-09-28,2025-09-30,13773.24,12315.8,Approved,13.0,False
CLM004471,POL169922,67,MA,Life,Life Benefit,2026-02-20,2026-02-23,9642.01,8485.2,Approved,20.0,False
CLM004472,POL299885,68,MI,Auto,Weather Damage,2026-03-30,2026-04-01,23608.79,19066.15,Approved,9.0,False
CLM004473,POL449726,30,CT,Renters,Water Damage,2026-09-05,2026-09-09,1541.8,0.0,Denied,15.0,False
CLM004474,POL770579,81,PA,Life,Life Benefit,2026-01-10,2026-01-12,14024.83,10274.09,Approved,9.0,False
CLM004475,POL215706,55,CT,Auto,Weather Damage,2026-07-05,2026-07-09,18542.96,16764.82,Approved,12.0,False
CLM004476,POL486117,43,OH,Life,Life Benefit,2025-11-08,2025-11-15,13763.41,13040.93,Approved,24.0,True
CLM004477,POL622653,45,CT,Renters,Water Damage,2026-01-12,2026-01-15,49621.64,45692.63,Approved,21.0,False
CLM004478,POL851244,68,PA,Renters,Property Damage,2026-04-08,2026-04-14,11658.34,10085.43,Approved,10.0,False
CLM004479,POL233511,59,IL,Renters,Property Damage,2025-10-25,2025-10-29,21924.66,0.0,Denied,32.0,False
CLM004480,POL301629,51,MA,Auto,Weather Damage,2026-06-08,2026-06-09,3907.62,2874.79,Approved,21.0,False
CLM004481,POL699131,33,CT,Auto,Glass Damage,2026-07-06,2026-07-11,13182.1,10657.8,Approved,2.0,False
CLM004482,POL979308,68,CT,Renters,Property Damage,2026-06-04,2026-06-11,3889.32,2912.88,Approved,24.0,False
CLM004483,POL851572,85,CT,Auto,Theft,2026-02-03,2026-02-07,41932.76,38082.37,Approved,17.0,False
CLM004484,POL147254,78,NJ,Life,Life Benefit,2026-05-01,2026-05-01,47293.36,38040.36,Approved,7.0,False
CLM004485,POL859106,39,NJ,Life,Life Benefit,2026-03-31,2026-04-04,37172.39,0.0,Denied,20.0,False
CLM004486,POL759581,79,MI,Home,Water Damage,2026-05-24,2026-05-30,43151.53,0.0,Denied,18.0,False
CLM004487,POL402512,84,VA,Renters,Property Damage,2026-03-13,2026-03-20,2638.97,0.0,Pending,,False
CLM004488,POL664774,49,PA,Renters,Property Damage,2025-11-20,2025-11-23,1463.95,0.0,Pending,,False
CLM004489,POL107082,58,IL,Home,Fire,2025-12-18,2025-12-18,13671.71,10614.74,Approved,17.0,True
CLM004490,POL305571,69,NY,Home,Fire,2025-11-20,2025-11-23,39574.38,0.0,Denied,17.0,False
CLM004491,POL468243,77,MI,Renters,Water Damage,2026-03-09,2026-03-12,26242.46,19350.76,Approved,25.0,False
CLM004492,POL102288,42,MI,Renters,Property Damage,2025-12-17,2025-12-21,4485.16,4468.0,Approved,25.0,False
CLM004493,POL144514,83,CT,Renters,Fire,2026-07-26,2026-07-29,16590.95,11781.48,Approved,27.0,False
CLM004494,POL466432,43,NJ,Life,Life Benefit,2026-07-03,2026-07-09,45680.45,41671.54,Approved,19.0,False
CLM004495,POL200428,70,PA,Life,Life Benefit,2026-02-25,2026-02-27,40120.28,38822.88,Approved,20.0,False
CLM004496,POL725920,38,OH,Auto,Glass Damage,2025-10-22,2025-10-22,34038.72,32060.43,Approved,29.0,False
CLM004497,POL927569,63,CT,Auto,Theft,2025-12-09,2025-12-13,17816.86,14218.11,Approved,24.0,False
CLM004498,POL596871,59,CT,Auto,Glass Damage,2025-10-21,2025-10-26,49187.3,42300.82,Approved,24.0,False
CLM004499,POL160900,61,NY,Home,Theft,2026-05-20,2026-05-25,42099.97,39146.07,Approved,28.0,False
CLM004500,POL349004,32,PA,Home,Property Damage,2026-01-22,2026-01-29,12781.66,0.0,Denied,41.0,False
CLM004501,POL714763,67,IL,Home,Property Damage,2026-06-17,2026-06-21,30693.6,0.0,Pending,,False
CLM004502,POL627581,78,NJ,Home,Fire,2026-07-17,2026-07-19,48277.97,0.0,Denied,21.0,True
CLM004503,POL438752,83,VA,Home,Water Damage,2025-12-05,2025-12-12,15181.87,11775.56,Approved,8.0,False
CLM004504,POL914168,44,NY,Life,Life Benefit,2026-01-04,2026-01-04,45658.85,39220.38,Approved,30.0,True
CLM004505,POL696723,61,NJ,Life,Life Benefit,2026-02-08,2026-02-15,33602.66,0.0,Denied,45.0,True
CLM004506,POL238897,31,NJ,Renters,Theft,2025-10-04,2025-10-11,44641.35,43188.1,Approved,2.0,False
CLM004507,POL242013,68,MA,Life,Life Benefit,2026-05-01,2026-05-06,8359.9,8182.72,Approved,24.0,False
CLM004508,POL395999,68,OH,Home,Property Damage,2026-05-06,2026-05-08,28506.71,0.0,Denied,11.0,True
CLM004509,POL697054,85,MA,Renters,Water Damage,2026-07-23,2026-07-25,17902.4,0.0,Denied,31.0,False
CLM004510,POL609694,38,PA,Auto,Theft,2026-07-04,2026-07-06,33368.97,23459.67,Approved,19.0,False
CLM004511,POL153263,62,VA,Life,Life Benefit,2026-04-29,2026-05-06,42944.35,33223.64,Approved,22.0,False
CLM004512,POL745266,47,NJ,Auto,Theft,2025-10-24,2025-10-31,9941.31,7276.65,Approved,28.0,False
CLM004513,POL242067,40,IL,Home,Theft,2025-11-23,2025-11-24,7605.41,7302.6,Approved,27.0,False
CLM004514,POL591700,35,NY,Auto,Weather Damage,2025-10-15,2025-10-20,40156.6,0.0,Pending,,False
CLM004515,POL870060,62,MD,Home,Water Damage,2025-10-30,2025-11-05,745.24,676.16,Approved,3.0,False
CLM004516,POL145700,66,NY,Auto,Collision,2025-10-17,2025-10-20,13001.5,9924.96,Approved,22.0,False
CLM004517,POL201173,68,IL,Home,Water Damage,2026-05-21,2026-05-25,33969.17,27261.12,Approved,20.0,False
CLM004518,POL713285,19,NJ,Home,Water Damage,2026-04-21,2026-04-22,29884.19,23322.13,Approved,24.0,False
CLM004519,POL810075,65,NJ,Home,Property Damage,2025-11-19,2025-11-19,40113.63,30188.76,Approved,4.0,False
CLM004520,POL529911,42,NY,Renters,Property Damage,2025-10-21,2025-10-23,42561.02,39067.51,Approved,4.0,False
CLM004521,POL906675,21,IL,Life,Life Benefit,2025-12-24,2025-12-26,26643.93,0.0,Pending,,False
CLM004522,POL690826,40,MA,Home,Property Damage,2025-10-02,2025-10-05,29371.74,0.0,Denied,21.0,False
CLM004523,POL797381,28,IL,Renters,Property Damage,2025-12-19,2025-12-26,16228.68,0.0,Pending,,False
CLM004524,POL134764,56,MA,Auto,Collision,2025-11-17,2025-11-19,36440.19,0.0,Denied,17.0,False
CLM004525,POL944630,60,PA,Life,Life Benefit,2025-12-04,2025-12-06,6327.48,5569.03,Approved,12.0,True
CLM004526,POL394129,33,MD,Renters,Water Damage,2026-02-12,2026-02-12,1070.69,0.0,Denied,25.0,False
CLM004527,POL122508,75,IL,Life,Life Benefit,2025-10-06,2025-10-07,47905.89,37215.98,Approved,16.0,True
CLM004528,POL434851,34,NY,Home,Water Damage,2025-12-08,2025-12-10,29078.59,20422.05,Approved,11.0,False
CLM004529,POL615837,68,MI,Home,Fire,2025-11-07,2025-11-10,44729.66,41280.05,Approved,5.0,True
CLM004530,POL145374,19,MD,Home,Property Damage,2026-06-29,2026-07-02,21371.01,16299.09,Approved,9.0,False
CLM004531,POL866240,46,NJ,Auto,Collision,2026-07-11,2026-07-14,41891.64,35456.11,Approved,30.0,False
CLM004532,POL940292,31,PA,Home,Water Damage,2026-04-01,2026-04-08,5529.52,0.0,Denied,15.0,True
CLM004533,POL132850,69,PA,Auto,Collision,2025-12-16,2025-12-19,38441.0,35829.22,Approved,29.0,False
CLM004534,POL849565,72,MA,Renters,Water Damage,2025-09-28,2025-10-02,20698.13,0.0,Pending,,False
CLM004535,POL870656,38,PA,Renters,Property Damage,2026-08-16,2026-08-16,31363.99,25885.34,Approved,26.0,False
CLM004536,POL317677,51,IL,Life,Life Benefit,2025-11-05,2025-11-09,18027.84,16749.67,Approved,7.0,False
CLM004537,POL587248,73,MA,Renters,Theft,2026-04-01,2026-04-04,10696.61,8751.06,Approved,17.0,False
CLM004538,POL579961,35,OH,Renters,Theft,2026-06-07,2026-06-07,31261.3,26933.03,Approved,21.0,False
CLM004539,POL523880,61,CT,Home,Property Damage,2026-05-12,2026-05-19,9907.27,8091.65,Approved,8.0,False
CLM004540,POL590378,80,MA,Life,Life Benefit,2026-01-15,2026-01-22,26201.73,0.0,Denied,31.0,False
CLM004541,POL901387,28,NY,Home,Water Damage,2025-10-02,2025-10-02,10158.99,7426.82,Approved,5.0,False
CLM004542,POL324048,76,NJ,Auto,Theft,2026-06-23,2026-06-28,48492.17,0.0,Denied,22.0,True
CLM004543,POL901058,46,PA,Home,Property Damage,2026-02-12,2026-02-12,42522.98,30045.12,Approved,9.0,False
CLM004544,POL805131,27,OH,Home,Theft,2026-02-15,2026-02-16,44191.1,0.0,Denied,26.0,False
CLM004545,POL554979,72,NJ,Auto,Glass Damage,2026-04-01,2026-04-04,41486.37,34988.41,Approved,20.0,False
CLM004546,POL735571,60,MD,Life,Life Benefit,2026-04-04,2026-04-05,29551.26,0.0,Denied,22.0,True
CLM004547,POL392942,61,NY,Life,Life Benefit,2025-11-12,2025-11-17,24413.09,20034.77,Approved,22.0,False
CLM004548,POL998841,32,NY,Life,Life Benefit,2026-07-23,2026-07-30,16849.73,13922.15,Approved,17.0,False
CLM004549,POL884674,74,PA,Home,Fire,2026-01-09,2026-01-10,13089.94,12505.65,Approved,27.0,False
CLM004550,POL508801,73,VA,Renters,Water Damage,2026-01-27,2026-01-28,11649.31,10496.13,Approved,10.0,False
CLM004551,POL636152,85,CT,Life,Life Benefit,2026-08-21,2026-08-28,19031.92,18150.41,Approved,6.0,False
CLM004552,POL641170,36,MA,Home,Property Damage,2026-06-18,2026-06-23,23695.87,16629.77,Approved,12.0,False
CLM004553,POL345509,35,MD,Auto,Glass Damage,2025-09-22,2025-09-25,44134.27,43895.62,Approved,17.0,False
CLM004554,POL539400,64,IL,Life,Life Benefit,2026-06-04,2026-06-04,46430.82,42336.45,Approved,5.0,True
CLM004555,POL182293,29,NJ,Auto,Weather Damage,2026-08-20,2026-08-22,35479.05,30744.88,Approved,10.0,False
CLM004556,POL934071,65,MD,Home,Fire,2026-05-29,2026-05-31,3004.97,2247.65,Approved,10.0,False
CLM004557,POL104767,55,OH,Auto,Collision,2026-02-15,2026-02-21,12994.5,11487.96,Approved,8.0,False
CLM004558,POL767133,20,PA,Life,Life Benefit,2026-08-24,2026-08-29,11363.68,8198.55,Approved,8.0,False
CLM004559,POL552801,32,NY,Home,Water Damage,2026-03-28,2026-04-04,38830.78,28924.01,Approved,14.0,False
CLM004560,POL474401,80,NJ,Life,Life Benefit,2026-01-09,2026-01-09,36475.9,0.0,Denied,9.0,False
CLM004561,POL368964,67,OH,Home,Property Damage,2026-01-29,2026-02-03,7492.9,6924.62,Approved,14.0,False
CLM004562,POL384506,76,NY,Auto,Weather Damage,2026-04-30,2026-04-30,4432.46,3175.24,Approved,24.0,False
CLM004563,POL472888,42,MD,Renters,Fire,2026-06-16,2026-06-19,28122.39,26163.46,Approved,16.0,False
CLM004564,POL991801,64,MD,Auto,Glass Damage,2026-08-04,2026-08-09,11941.76,10342.15,Approved,7.0,False
CLM004565,POL771321,34,VA,Auto,Glass Damage,2026-07-19,2026-07-21,16358.68,12031.92,Approved,23.0,False
CLM004566,POL729093,41,MA,Home,Property Damage,2026-01-16,2026-01-17,46735.33,0.0,Denied,13.0,False
CLM004567,POL305172,68,PA,Life,Life Benefit,2025-10-21,2025-10-26,43003.12,33465.06,Approved,4.0,False
CLM004568,POL706437,18,OH,Auto,Collision,2026-06-02,2026-06-04,18009.17,0.0,Pending,,False
CLM004569,POL861126,82,CT,Renters,Water Damage,2026-06-09,2026-06-16,40986.67,35647.16,Approved,29.0,False
CLM004570,POL909382,70,MD,Home,Water Damage,2025-10-09,2025-10-14,6784.31,5043.79,Approved,16.0,False
CLM004571,POL359479,30,NJ,Life,Life Benefit,2026-03-14,2026-03-19,18533.77,15812.25,Approved,15.0,False
CLM004572,POL772062,49,NJ,Life,Life Benefit,2026-02-28,2026-03-02,45358.44,38637.99,Approved,21.0,False
CLM004573,POL747860,63,CT,Auto,Glass Damage,2026-01-21,2026-01-26,16463.21,0.0,Denied,36.0,True
CLM004574,POL346935,28,MA,Home,Fire,2026-04-03,2026-04-03,13609.14,0.0,Denied,4.0,False
CLM004575,POL803691,20,OH,Home,Fire,2026-03-11,2026-03-14,5730.67,0.0,Denied,5.0,False
CLM004576,POL433008,51,MA,Home,Theft,2026-06-07,2026-06-10,31863.85,0.0,Denied,30.0,False
CLM004577,POL692750,26,MI,Auto,Weather Damage,2025-11-14,2025-11-17,42447.23,33242.26,Approved,10.0,False
CLM004578,POL860939,37,OH,Home,Water Damage,2026-04-07,2026-04-09,16748.36,12265.75,Approved,3.0,False
CLM004579,POL200405,27,IL,Renters,Theft,2025-09-15,2025-09-22,11690.97,10897.61,Approved,13.0,False
CLM004580,POL962718,26,MI,Renters,Fire,2026-04-16,2026-04-16,13583.02,9529.93,Approved,30.0,False
CLM004581,POL738609,61,NY,Renters,Fire,2025-11-25,2025-12-02,19367.09,17144.59,Approved,19.0,False
CLM004582,POL899879,45,MA,Life,Life Benefit,2025-12-29,2026-01-02,9728.83,9075.0,Approved,7.0,False
CLM004583,POL841070,77,OH,Home,Theft,2026-09-02,2026-09-05,48933.64,46243.17,Approved,14.0,False
CLM004584,POL497038,32,CT,Auto,Theft,2026-01-17,2026-01-20,3597.39,2662.7,Approved,28.0,False
CLM004585,POL253412,54,MD,Life,Life Benefit,2026-08-30,2026-09-03,35657.06,35217.29,Approved,11.0,False
CLM004586,POL118299,32,NY,Home,Fire,2025-09-19,2025-09-25,25645.07,18800.38,Approved,4.0,False
CLM004587,POL806245,45,VA,Home,Property Damage,2025-11-16,2025-11-17,42364.91,0.0,Pending,,False
CLM004588,POL943595,33,OH,Auto,Theft,2026-04-24,2026-04-30,3657.95,2899.89,Approved,8.0,False
CLM004589,POL129069,60,VA,Auto,Theft,2026-03-02,2026-03-08,42944.31,37551.16,Approved,16.0,False
CLM004590,POL414887,71,MI,Renters,Theft,2025-11-18,2025-11-25,24281.16,19032.52,Approved,24.0,False
CLM004591,POL102120,67,MA,Auto,Weather Damage,2026-03-21,2026-03-23,48759.44,43683.13,Approved,29.0,False
CLM004592,POL537669,41,IL,Home,Theft,2026-08-22,2026-08-27,31425.44,22790.52,Approved,15.0,False
CLM004593,POL898052,56,CT,Life,Life Benefit,2026-02-10,2026-02-13,4280.72,4094.06,Approved,2.0,False
CLM004594,POL993297,48,IL,Renters,Property Damage,2025-10-24,2025-10-26,24635.93,22474.47,Approved,26.0,False
CLM004595,POL215384,56,MI,Renters,Water Damage,2026-01-24,2026-01-25,21354.84,20481.7,Approved,28.0,True
CLM004596,POL354409,48,OH,Life,Life Benefit,2026-03-17,2026-03-22,41380.88,38517.51,Approved,20.0,False
CLM004597,POL789889,47,MA,Auto,Weather Damage,2026-02-01,2026-02-08,28756.5,21632.91,Approved,25.0,False
CLM004598,POL697762,48,MD,Life,Life Benefit,2026-07-14,2026-07-20,28245.44,26080.16,Approved,17.0,False
CLM004599,POL940926,84,MA,Home,Fire,2026-06-04,2026-06-07,3571.55,2684.85,Approved,29.0,False
CLM004600,POL125412,78,MA,Home,Water Damage,2025-10-23,2025-10-25,18432.45,16634.74,Approved,7.0,False
CLM004601,POL753632,72,NJ,Life,Life Benefit,2026-02-12,2026-02-12,3902.29,3741.45,Approved,29.0,False
CLM004602,POL598406,61,NJ,Renters,Property Damage,2026-02-11,2026-02-15,41260.73,0.0,Denied,38.0,False
CLM004603,POL608307,56,NJ,Home,Water Damage,2026-07-17,2026-07-17,27303.34,20778.57,Approved,16.0,False
CLM004604,POL119403,24,CT,Renters,Water Damage,2025-12-08,2025-12-08,19260.88,13714.23,Approved,14.0,False
CLM004605,POL949175,57,MI,Life,Life Benefit,2026-04-05,2026-04-05,17938.86,17674.9,Approved,5.0,False
CLM004606,POL894814,42,MI,Home,Theft,2026-02-09,2026-02-12,1716.16,1283.88,Approved,17.0,False
CLM004607,POL100244,71,CT,Life,Life Benefit,2026-08-25,2026-09-01,46279.78,0.0,Denied,25.0,False
CLM004608,POL521649,72,NY,Renters,Theft,2026-07-14,2026-07-16,36938.96,26882.91,Approved,26.0,False
CLM004609,POL943548,28,MD,Auto,Glass Damage,2025-10-30,2025-11-04,4414.12,0.0,Pending,,True
CLM004610,POL792118,82,NY,Life,Life Benefit,2026-03-30,2026-04-05,18214.7,14382.59,Approved,4.0,True
CLM004611,POL523122,34,MD,Home,Theft,2025-12-18,2025-12-23,2708.12,0.0,Denied,16.0,False
CLM004612,POL118734,84,NJ,Home,Fire,2026-05-02,2026-05-08,15800.37,15703.91,Approved,7.0,False
CLM004613,POL771656,48,NJ,Renters,Fire,2025-10-19,2025-10-23,4326.82,4087.38,Approved,21.0,False
CLM004614,POL871399,59,VA,Home,Theft,2026-08-27,2026-08-27,11382.41,9882.78,Approved,9.0,False
CLM004615,POL647522,33,CT,Life,Life Benefit,2025-12-25,2025-12-30,8203.65,0.0,Pending,,False
CLM004616,POL352993,18,MI,Auto,Weather Damage,2026-01-16,2026-01-23,29040.16,0.0,Pending,,False
CLM004617,POL309974,66,NJ,Renters,Fire,2026-05-02,2026-05-03,21453.76,20087.86,Approved,14.0,False
CLM004618,POL940851,67,MI,Home,Property Damage,2026-05-04,2026-05-06,19177.62,14093.29,Approved,18.0,False
CLM004619,POL117198,34,NJ,Home,Water Damage,2026-01-04,2026-01-05,26829.4,21901.2,Approved,29.0,False
CLM004620,POL266412,38,CT,Auto,Collision,2025-12-14,2025-12-17,5477.46,4537.7,Approved,4.0,False
CLM004621,POL969968,19,MA,Renters,Theft,2026-05-06,2026-05-08,1381.89,1355.73,Approved,27.0,False
CLM004622,POL673599,84,IL,Renters,Fire,2025-10-03,2025-10-07,24773.74,20240.02,Approved,28.0,False
CLM004623,POL595281,51,CT,Life,Life Benefit,2026-03-26,2026-03-29,30405.93,0.0,Denied,3.0,False
CLM004624,POL402386,70,PA,Life,Life Benefit,2025-10-11,2025-10-11,29219.5,0.0,Pending,,False
CLM004625,POL138532,64,NJ,Home,Fire,2025-11-07,2025-11-09,3074.92,2949.74,Approved,11.0,False
CLM004626,POL378679,56,MA,Home,Theft,2026-02-14,2026-02-14,23677.72,17520.9,Approved,23.0,False
CLM004627,POL270037,35,MI,Renters,Theft,2026-08-06,2026-08-11,5720.33,4640.45,Approved,20.0,False
CLM004628,POL435789,47,MD,Life,Life Benefit,2026-05-01,2026-05-01,35228.49,27760.05,Approved,17.0,False
CLM004629,POL653373,50,MI,Renters,Water Damage,2025-11-04,2025-11-06,41257.6,0.0,Denied,25.0,False
CLM004630,POL608315,61,CT,Auto,Weather Damage,2026-04-25,2026-04-29,14752.91,10544.54,Approved,27.0,False
CLM004631,POL262667,84,IL,Home,Fire,2026-03-16,2026-03-21,35291.27,30949.81,Approved,7.0,False
CLM004632,POL661543,75,MD,Life,Life Benefit,2026-04-04,2026-04-09,38769.03,0.0,Pending,,False
CLM004633,POL167057,54,MA,Renters,Fire,2025-12-12,2025-12-14,10743.35,9560.38,Approved,22.0,False
CLM004634,POL946261,73,NY,Home,Property Damage,2025-12-22,2025-12-28,6785.23,6318.94,Approved,12.0,True
CLM004635,POL459306,75,PA,Auto,Glass Damage,2026-08-04,2026-08-06,5125.55,4501.01,Approved,15.0,False
CLM004636,POL475881,79,VA,Home,Fire,2025-11-14,2025-11-19,15951.67,0.0,Pending,,False
CLM004637,POL370786,83,IL,Home,Theft,2026-02-21,2026-02-24,8468.59,6082.38,Approved,13.0,False
CLM004638,POL622306,84,NJ,Life,Life Benefit,2026-06-28,2026-07-05,25977.11,24002.99,Approved,16.0,False
CLM004639,POL910569,51,OH,Home,Property Damage,2026-02-18,2026-02-21,42629.17,30294.12,Approved,3.0,False
CLM004640,POL862436,85,NY,Auto,Theft,2026-09-12,2026-09-19,38867.73,0.0,Pending,,False
CLM004641,POL424443,33,MD,Renters,Theft,2026-07-07,2026-07-07,45400.35,0.0,Pending,,False
CLM004642,POL917467,24,NJ,Life,Life Benefit,2026-09-03,2026-09-06,32572.07,30656.6,Approved,18.0,False
CLM004643,POL666911,82,PA,Renters,Fire,2025-11-08,2025-11-10,9362.42,7448.17,Approved,16.0,False
CLM004644,POL496741,80,MD,Home,Theft,2026-04-20,2026-04-27,12197.31,0.0,Pending,,False
CLM004645,POL507944,34,OH,Auto,Collision,2025-09-19,2025-09-21,42148.62,36951.32,Approved,27.0,True
CLM004646,POL196148,63,IL,Renters,Theft,2026-07-12,2026-07-17,25539.53,19859.97,Approved,12.0,False
CLM004647,POL435189,43,OH,Life,Life Benefit,2025-11-16,2025-11-21,37750.53,0.0,Denied,42.0,False
CLM004648,POL156019,55,NJ,Auto,Collision,2026-04-14,2026-04-20,12658.7,8865.44,Approved,16.0,False
CLM004649,POL501058,43,MI,Renters,Water Damage,2026-04-23,2026-04-24,7413.15,6761.82,Approved,17.0,False
CLM004650,POL638474,71,MA,Auto,Weather Damage,2026-02-07,2026-02-11,31572.66,0.0,Denied,9.0,False
CLM004651,POL227348,78,MD,Renters,Property Damage,2026-09-07,2026-09-07,34202.3,32535.07,Approved,19.0,False
CLM004652,POL534161,47,MA,Auto,Weather Damage,2026-06-13,2026-06-17,17515.83,0.0,Pending,,False
CLM004653,POL405121,39,MD,Renters,Property Damage,2026-05-23,2026-05-28,16577.62,12394.07,Approved,2.0,False
CLM004654,POL422991,41,IL,Home,Fire,2026-06-17,2026-06-19,36173.78,0.0,Denied,34.0,False
CLM004655,POL284712,33,MA,Life,Life Benefit,2025-10-07,2025-10-11,49981.62,0.0,Denied,14.0,False
CLM004656,POL533253,84,NJ,Auto,Collision,2026-01-08,2026-01-10,21977.26,18001.7,Approved,17.0,False
CLM004657,POL591298,21,CT,Auto,Weather Damage,2026-07-01,2026-07-05,18304.56,16347.75,Approved,3.0,False
CLM004658,POL180863,40,NY,Life,Life Benefit,2026-01-24,2026-01-26,7648.44,6476.47,Approved,19.0,False
CLM004659,POL576766,30,NY,Life,Life Benefit,2026-06-22,2026-06-28,16517.02,16126.88,Approved,8.0,False
CLM004660,POL604118,74,NY,Home,Property Damage,2026-04-22,2026-04-26,49677.62,0.0,Pending,,False
CLM004661,POL711549,75,IL,Renters,Property Damage,2026-05-29,2026-06-05,46522.87,0.0,Denied,43.0,False
CLM004662,POL530558,78,MI,Home,Water Damage,2026-03-14,2026-03-20,4779.46,3478.76,Approved,8.0,False
CLM004663,POL716098,73,CT,Renters,Theft,2026-02-14,2026-02-17,35032.81,27955.93,Approved,21.0,False
CLM004664,POL539353,83,CT,Auto,Collision,2026-08-07,2026-08-10,47232.02,0.0,Pending,,False
CLM004665,POL248502,36,CT,Home,Theft,2026-01-06,2026-01-07,26296.35,24401.89,Approved,23.0,True
CLM004666,POL214609,56,MA,Home,Water Damage,2026-01-24,2026-01-26,17505.78,13186.21,Approved,10.0,False
CLM004667,POL863182,46,VA,Life,Life Benefit,2026-02-07,2026-02-09,45294.57,37616.93,Approved,4.0,False
CLM004668,POL898739,35,MA,Auto,Collision,2025-12-28,2025-12-29,34633.61,26279.08,Approved,30.0,False
CLM004669,POL146207,39,MI,Home,Fire,2026-02-26,2026-02-28,14585.88,0.0,Denied,24.0,False
CLM004670,POL811810,60,MA,Renters,Property Damage,2026-07-16,2026-07-21,21870.71,0.0,Denied,30.0,False
CLM004671,POL959884,66,MI,Home,Theft,2025-12-03,2025-12-07,40393.22,0.0,Pending,,False
CLM004672,POL798139,66,PA,Auto,Glass Damage,2026-08-28,2026-09-02,13893.9,0.0,Denied,19.0,False
CLM004673,POL283212,49,CT,Auto,Glass Damage,2025-12-11,2025-12-16,27524.46,26150.52,Approved,5.0,False
CLM004674,POL308157,83,CT,Life,Life Benefit,2026-02-23,2026-02-25,11799.43,8802.03,Approved,20.0,False
CLM004675,POL755472,84,MA,Home,Theft,2026-07-16,2026-07-16,33510.06,32101.85,Approved,27.0,False
CLM004676,POL407710,47,MI,Renters,Theft,2026-06-14,2026-06-16,33994.58,26993.16,Approved,30.0,False
CLM004677,POL480213,45,OH,Renters,Theft,2025-12-09,2025-12-10,31561.49,0.0,Denied,43.0,False
CLM004678,POL376097,50,CT,Renters,Water Damage,2026-01-25,2026-01-25,2949.23,2140.97,Approved,28.0,False
CLM004679,POL313060,43,PA,Auto,Weather Damage,2026-01-26,2026-01-28,32103.87,23253.92,Approved,26.0,False
CLM004680,POL957749,48,NJ,Home,Property Damage,2026-02-28,2026-03-06,7090.28,6429.21,Approved,9.0,False
CLM004681,POL257857,22,MI,Auto,Glass Damage,2025-12-11,2025-12-17,22824.11,18059.99,Approved,25.0,False
CLM004682,POL797176,44,PA,Life,Life Benefit,2026-02-04,2026-02-11,24171.5,18010.39,Approved,20.0,False
CLM004683,POL422128,74,MD,Life,Life Benefit,2026-03-27,2026-03-30,25460.63,25308.13,Approved,21.0,True
CLM004684,POL680879,54,MA,Life,Life Benefit,2025-11-29,2025-12-02,6388.09,5935.37,Approved,9.0,False
CLM004685,POL176790,39,NY,Auto,Weather Damage,2026-06-21,2026-06-28,37905.28,0.0,Denied,14.0,False
CLM004686,POL822975,48,OH,Home,Theft,2026-06-26,2026-07-03,43126.7,39049.53,Approved,10.0,False
CLM004687,POL817280,61,OH,Renters,Property Damage,2025-12-03,2025-12-09,27496.19,26234.85,Approved,20.0,True
CLM004688,POL226552,54,VA,Home,Fire,2026-08-24,2026-08-25,22146.49,16295.41,Approved,16.0,False
CLM004689,POL547687,84,OH,Auto,Glass Damage,2025-10-16,2025-10-23,13031.72,9665.28,Approved,23.0,True
CLM004690,POL815788,50,PA,Renters,Fire,2026-07-30,2026-08-01,30222.14,29676.24,Approved,5.0,False
CLM004691,POL946993,68,MA,Life,Life Benefit,2025-09-27,2025-09-28,49349.86,38009.91,Approved,18.0,False
CLM004692,POL709626,81,IL,Home,Property Damage,2026-01-11,2026-01-15,38704.72,28848.03,Approved,12.0,False
CLM004693,POL874310,74,MD,Renters,Fire,2026-09-04,2026-09-11,26090.51,19686.35,Approved,13.0,False
CLM004694,POL710997,19,NJ,Renters,Water Damage,2026-09-03,2026-09-03,49351.67,39736.05,Approved,5.0,True
CLM004695,POL284700,31,MA,Auto,Theft,2026-04-20,2026-04-20,19902.25,15531.39,Approved,21.0,False
CLM004696,POL801302,54,NJ,Life,Life Benefit,2026-09-10,2026-09-11,46576.26,39091.13,Approved,8.0,False
CLM004697,POL129050,44,PA,Home,Water Damage,2026-06-22,2026-06-28,33338.1,26509.17,Approved,5.0,True
CLM004698,POL374559,69,IL,Home,Theft,2025-09-29,2025-09-29,2522.5,0.0,Pending,,False
CLM004699,POL943797,23,MD,Renters,Fire,2026-07-20,2026-07-25,39614.79,38270.28,Approved,28.0,False
CLM004700,POL992051,21,PA,Renters,Fire,2026-02-13,2026-02-18,10884.55,9564.94,Approved,22.0,False
CLM004701,POL109208,84,NJ,Home,Theft,2026-09-02,2026-09-03,6227.96,4419.73,Approved,26.0,True
CLM004702,POL833246,64,VA,Life,Life Benefit,2025-11-08,2025-11-13,33701.17,24346.78,Approved,7.0,False
CLM004703,POL506618,69,CT,Auto,Collision,2026-04-08,2026-04-11,4753.29,3553.65,Approved,25.0,False
CLM004704,POL544288,68,NJ,Auto,Theft,2026-09-02,2026-09-05,43717.8,31314.21,Approved,22.0,False
CLM004705,POL333683,75,IL,Home,Theft,2026-02-03,2026-02-06,11068.35,0.0,Pending,,False
CLM004706,POL128622,41,IL,Home,Property Damage,2026-01-05,2026-01-09,6640.62,6049.11,Approved,6.0,False
CLM004707,POL294350,35,VA,Life,Life Benefit,2026-07-02,2026-07-09,17172.28,13713.46,Approved,25.0,False
CLM004708,POL477529,51,NY,Home,Fire,2026-07-21,2026-07-21,47494.39,42510.11,Approved,18.0,True
CLM004709,POL923769,66,MA,Renters,Water Damage,2025-12-29,2026-01-05,26438.39,24079.42,Approved,8.0,False
CLM004710,POL884690,50,CT,Life,Life Benefit,2026-05-12,2026-05-14,5056.64,0.0,Pending,,False
CLM004711,POL599610,19,MA,Home,Water Damage,2026-05-06,2026-05-10,19829.56,0.0,Denied,17.0,False
CLM004712,POL869537,63,PA,Auto,Collision,2026-04-24,2026-04-30,17611.55,15156.68,Approved,6.0,False
CLM004713,POL521364,24,IL,Home,Water Damage,2026-04-11,2026-04-13,33554.78,31487.8,Approved,24.0,False
CLM004714,POL238774,35,MI,Auto,Theft,2026-02-09,2026-02-11,31458.43,28387.02,Approved,20.0,False
CLM004715,POL859709,45,OH,Home,Water Damage,2026-08-09,2026-08-14,15499.15,12806.67,Approved,28.0,False
CLM004716,POL836362,56,NJ,Home,Fire,2026-04-18,2026-04-23,6931.8,6634.21,Approved,4.0,False
CLM004717,POL280302,66,PA,Renters,Fire,2026-04-06,2026-04-11,47081.34,43588.88,Approved,10.0,True
CLM004718,POL342432,32,PA,Home,Theft,2026-08-16,2026-08-22,43155.91,34236.71,Approved,17.0,False
CLM004719,POL795034,75,OH,Life,Life Benefit,2026-07-02,2026-07-05,45303.52,44724.79,Approved,30.0,False
CLM004720,POL457999,58,PA,Renters,Theft,2025-12-20,2025-12-26,24780.15,0.0,Pending,,False
CLM004721,POL665136,55,MI,Auto,Theft,2025-12-10,2025-12-10,40804.9,0.0,Denied,8.0,False
CLM004722,POL504153,69,NJ,Home,Water Damage,2025-11-12,2025-11-19,12188.91,0.0,Pending,,False
CLM004723,POL232485,54,VA,Auto,Theft,2026-04-16,2026-04-20,10113.08,8687.33,Approved,28.0,False
CLM004724,POL203473,51,NY,Auto,Theft,2026-01-09,2026-01-14,10135.47,0.0,Denied,37.0,False
CLM004725,POL687680,57,NY,Renters,Water Damage,2026-02-25,2026-02-27,31813.34,28158.34,Approved,2.0,False
CLM004726,POL341157,54,CT,Home,Water Damage,2026-03-21,2026-03-22,22255.94,0.0,Pending,,False
CLM004727,POL127803,36,OH,Home,Water Damage,2026-08-07,2026-08-07,25623.44,21961.54,Approved,8.0,False
CLM004728,POL711225,76,IL,Auto,Weather Damage,2025-12-04,2025-12-11,44719.51,32067.7,Approved,29.0,False
CLM004729,POL229007,60,MA,Life,Life Benefit,2026-06-02,2026-06-04,14463.52,13967.32,Approved,25.0,False
CLM004730,POL211766,60,CT,Renters,Water Damage,2026-04-27,2026-04-30,30287.0,21877.11,Approved,11.0,False
CLM004731,POL777959,61,VA,Home,Water Damage,2026-06-20,2026-06-21,36349.54,32203.53,Approved,13.0,True
CLM004732,POL571831,55,NJ,Auto,Glass Damage,2026-06-17,2026-06-17,31859.86,0.0,Denied,6.0,False
CLM004733,POL370735,58,VA,Auto,Theft,2025-11-20,2025-11-20,32425.35,31691.56,Approved,6.0,False
CLM004734,POL796166,61,NJ,Auto,Glass Damage,2026-08-13,2026-08-20,41987.94,37694.77,Approved,18.0,False
CLM004735,POL581412,44,MI,Life,Life Benefit,2026-01-09,2026-01-11,10450.43,8170.22,Approved,15.0,False
CLM004736,POL257226,53,PA,Auto,Glass Damage,2026-05-07,2026-05-07,29128.23,21390.17,Approved,26.0,False
CLM004737,POL710826,22,NJ,Home,Water Damage,2026-05-27,2026-05-30,47809.5,43957.24,Approved,20.0,False
CLM004738,POL473683,60,CT,Renters,Water Damage,2026-02-12,2026-02-15,36687.61,0.0,Pending,,False
CLM004739,POL749615,77,IL,Renters,Water Damage,2025-12-16,2025-12-17,18970.96,17833.18,Approved,26.0,False
CLM004740,POL281909,67,MD,Renters,Property Damage,2026-01-30,2026-02-01,48858.01,0.0,Pending,,False
CLM004741,POL338022,73,MA,Home,Fire,2026-09-12,2026-09-19,47261.41,46089.61,Approved,10.0,False
CLM004742,POL599778,85,NJ,Life,Life Benefit,2025-10-26,2025-10-27,27526.11,0.0,Denied,34.0,True
CLM004743,POL515867,20,OH,Auto,Glass Damage,2026-08-28,2026-09-04,38695.92,0.0,Denied,11.0,False
CLM004744,POL948496,73,MA,Auto,Weather Damage,2026-07-06,2026-07-11,9799.91,8419.42,Approved,7.0,False
CLM004745,POL131108,69,NJ,Life,Life Benefit,2025-11-28,2025-11-29,39302.77,38352.35,Approved,11.0,False
CLM004746,POL951248,56,NJ,Auto,Theft,2025-10-21,2025-10-26,11239.71,0.0,Denied,23.0,False
CLM004747,POL521124,78,MD,Renters,Property Damage,2025-09-15,2025-09-20,2961.6,2358.94,Approved,11.0,False
CLM004748,POL448727,73,IL,Life,Life Benefit,2025-11-10,2025-11-17,48043.81,34730.84,Approved,14.0,False
CLM004749,POL119951,61,NY,Home,Water Damage,2026-08-22,2026-08-28,13169.85,0.0,Denied,35.0,False
CLM004750,POL546328,52,NJ,Renters,Water Damage,2026-05-08,2026-05-10,43855.37,0.0,Denied,39.0,False
CLM004751,POL384544,79,NY,Life,Life Benefit,2026-04-03,2026-04-04,4646.62,3536.1,Approved,11.0,True
CLM004752,POL468793,44,NY,Home,Theft,2025-12-15,2025-12-17,12201.62,9731.72,Approved,20.0,False
CLM004753,POL720030,81,OH,Auto,Weather Damage,2026-02-21,2026-02-21,42322.49,33458.63,Approved,4.0,False
CLM004754,POL886289,48,OH,Home,Theft,2025-12-14,2025-12-18,30049.88,27746.29,Approved,15.0,True
CLM004755,POL674511,25,NJ,Auto,Collision,2025-12-19,2025-12-22,2914.2,2223.91,Approved,20.0,False
CLM004756,POL930961,58,OH,Life,Life Benefit,2026-01-31,2026-02-07,6452.21,5972.06,Approved,24.0,False
CLM004757,POL928828,27,MA,Home,Water Damage,2026-07-10,2026-07-15,34386.98,31956.57,Approved,14.0,False
CLM004758,POL563899,65,PA,Home,Fire,2025-10-17,2025-10-21,13051.5,0.0,Pending,,False
CLM004759,POL253406,72,NY,Life,Life Benefit,2026-06-04,2026-06-10,26712.57,0.0,Pending,,False
CLM004760,POL139681,71,NY,Home,Water Damage,2026-07-18,2026-07-21,28189.72,0.0,Denied,36.0,False
CLM004761,POL890106,32,NJ,Auto,Glass Damage,2026-03-14,2026-03-16,20240.5,19085.33,Approved,5.0,False
CLM004762,POL382317,25,CT,Renters,Fire,2026-05-25,2026-05-31,8717.37,0.0,Pending,,True
CLM004763,POL493815,62,MI,Life,Life Benefit,2026-06-14,2026-06-21,49895.88,48120.0,Approved,6.0,False
CLM004764,POL389492,64,IL,Home,Property Damage,2026-05-06,2026-05-06,47607.65,0.0,Denied,27.0,False
CLM004765,POL636550,62,MD,Renters,Theft,2026-02-28,2026-03-07,2054.21,1884.94,Approved,30.0,False
CLM004766,POL648364,49,PA,Life,Life Benefit,2026-05-04,2026-05-07,10838.74,0.0,Pending,,False
CLM004767,POL301488,35,IL,Life,Life Benefit,2025-11-19,2025-11-24,18737.9,16138.54,Approved,18.0,False
CLM004768,POL593583,49,NJ,Auto,Theft,2026-02-04,2026-02-10,37753.72,0.0,Denied,40.0,False
CLM004769,POL600644,85,CT,Renters,Water Damage,2025-12-09,2025-12-10,7287.03,6449.49,Approved,6.0,False
CLM004770,POL705460,69,PA,Life,Life Benefit,2026-06-20,2026-06-24,12509.7,11251.89,Approved,9.0,False
CLM004771,POL368649,85,MA,Auto,Glass Damage,2025-12-26,2026-01-01,10533.73,0.0,Denied,36.0,False
CLM004772,POL422986,83,PA,Auto,Theft,2026-01-09,2026-01-13,20216.74,18301.27,Approved,21.0,False
CLM004773,POL878425,71,MD,Auto,Weather Damage,2026-03-13,2026-03-18,37594.35,37201.32,Approved,4.0,False
CLM004774,POL479866,66,NY,Home,Theft,2025-12-27,2025-12-27,35612.36,33052.95,Approved,12.0,False
CLM004775,POL703573,28,MI,Home,Water Damage,2026-06-25,2026-06-30,46318.59,0.0,Denied,36.0,False
CLM004776,POL693377,83,IL,Renters,Theft,2026-09-09,2026-09-09,47530.08,0.0,Pending,,False
CLM004777,POL249181,44,IL,Life,Life Benefit,2026-05-25,2026-05-26,30381.42,25442.94,Approved,25.0,True
CLM004778,POL607484,69,PA,Life,Life Benefit,2026-02-25,2026-02-28,25436.21,20394.19,Approved,26.0,False
CLM004779,POL887255,84,MI,Renters,Property Damage,2026-08-21,2026-08-28,27002.85,23310.74,Approved,15.0,False
CLM004780,POL853460,79,PA,Auto,Theft,2026-06-19,2026-06-19,42562.4,32729.92,Approved,22.0,False
CLM004781,POL714982,84,MA,Auto,Theft,2026-07-24,2026-07-26,27066.03,0.0,Denied,24.0,False
CLM004782,POL364009,30,CT,Auto,Theft,2026-01-07,2026-01-14,39549.29,39000.12,Approved,30.0,False
CLM004783,POL456895,64,NY,Home,Fire,2025-11-23,2025-11-24,29147.45,27561.11,Approved,19.0,False
CLM004784,POL507480,22,MD,Renters,Water Damage,2026-06-12,2026-06-12,37508.03,0.0,Pending,,False
CLM004785,POL414128,35,VA,Renters,Theft,2026-03-11,2026-03-12,10565.15,7902.76,Approved,3.0,False
CLM004786,POL962454,46,MI,Renters,Fire,2025-10-24,2025-10-24,26421.5,19281.53,Approved,23.0,False
CLM004787,POL664118,59,MD,Home,Property Damage,2026-06-09,2026-06-14,40234.15,34609.37,Approved,5.0,False
CLM004788,POL509137,83,IL,Home,Fire,2026-07-19,2026-07-21,3044.35,0.0,Pending,,False
CLM004789,POL514223,71,MI,Home,Theft,2026-05-21,2026-05-25,38449.86,0.0,Denied,45.0,False
CLM004790,POL437362,59,MD,Auto,Collision,2026-02-14,2026-02-17,34090.85,33646.85,Approved,15.0,False
CLM004791,POL439993,55,VA,Home,Property Damage,2025-11-30,2025-12-06,41063.63,35035.48,Approved,6.0,False
CLM004792,POL986440,18,NY,Auto,Collision,2026-02-17,2026-02-19,6763.25,5130.8,Approved,28.0,True
CLM004793,POL915679,20,NJ,Renters,Theft,2026-05-03,2026-05-08,38812.66,36459.75,Approved,4.0,False
CLM004794,POL596596,76,MA,Life,Life Benefit,2026-01-14,2026-01-17,19056.73,0.0,Pending,,False
CLM004795,POL368326,31,CT,Home,Water Damage,2026-09-07,2026-09-14,3918.23,0.0,Denied,25.0,False
CLM004796,POL168586,83,PA,Life,Life Benefit,2026-02-23,2026-03-01,24233.05,19386.4,Approved,24.0,False
CLM004797,POL939104,51,NY,Life,Life Benefit,2026-03-13,2026-03-17,42695.3,0.0,Pending,,False
CLM004798,POL517874,48,VA,Life,Life Benefit,2026-01-11,2026-01-11,31361.52,23166.39,Approved,12.0,False
CLM004799,POL615354,40,IL,Auto,Collision,2025-10-06,2025-10-10,49610.78,0.0,Pending,,False
CLM004800,POL466633,39,OH,Home,Fire,2026-05-14,2026-05-15,13042.07,10859.03,Approved,10.0,False
CLM004801,POL921348,58,NJ,Renters,Theft,2025-11-26,2025-11-29,40946.2,40889.59,Approved,16.0,False
CLM004802,POL536999,37,MD,Renters,Water Damage,2025-10-03,2025-10-06,32823.7,23898.46,Approved,14.0,False
CLM004803,POL420462,63,VA,Renters,Fire,2026-04-28,2026-05-05,44781.65,0.0,Denied,43.0,False
CLM004804,POL472702,73,MA,Home,Theft,2026-08-18,2026-08-22,22004.39,0.0,Denied,39.0,False
CLM004805,POL503047,29,PA,Renters,Theft,2025-12-11,2025-12-17,21475.42,16274.43,Approved,12.0,False
CLM004806,POL108252,20,OH,Renters,Property Damage,2026-01-30,2026-02-02,48355.34,34850.07,Approved,30.0,False
CLM004807,POL229504,46,MI,Renters,Water Damage,2026-05-08,2026-05-09,34255.14,31105.45,Approved,18.0,False
CLM004808,POL449623,72,CT,Auto,Collision,2026-01-25,2026-01-28,29048.07,0.0,Pending,,False
CLM004809,POL216529,61,CT,Auto,Theft,2026-05-20,2026-05-25,665.96,559.77,Approved,16.0,False
CLM004810,POL569706,45,MD,Renters,Property Damage,2025-09-25,2025-10-01,14465.12,13838.65,Approved,29.0,False
CLM004811,POL173096,74,OH,Home,Theft,2025-11-20,2025-11-27,14022.4,13059.68,Approved,19.0,False
CLM004812,POL155881,36,NY,Auto,Collision,2026-02-04,2026-02-08,46389.78,40859.41,Approved,10.0,False
CLM004813,POL981363,70,MI,Renters,Fire,2026-01-24,2026-01-30,758.16,0.0,Denied,33.0,False
CLM004814,POL779605,49,IL,Auto,Glass Damage,2025-11-15,2025-11-15,30516.81,0.0,Pending,,False
CLM004815,POL600293,59,VA,Auto,Glass Damage,2025-12-25,2025-12-27,42121.0,31036.41,Approved,5.0,False
CLM004816,POL501838,47,CT,Life,Life Benefit,2026-01-07,2026-01-14,5242.32,4250.61,Approved,4.0,False
CLM004817,POL446010,70,PA,Renters,Fire,2026-02-28,2026-03-02,2075.83,1811.75,Approved,21.0,False
CLM004818,POL654902,81,VA,Home,Property Damage,2026-05-09,2026-05-12,7607.82,0.0,Denied,7.0,False
CLM004819,POL917451,84,OH,Renters,Theft,2026-01-15,2026-01-18,40028.06,33671.31,Approved,29.0,False
CLM004820,POL358506,78,MD,Auto,Theft,2026-08-03,2026-08-10,40658.58,33723.6,Approved,26.0,False
CLM004821,POL440192,52,MD,Life,Life Benefit,2026-06-29,2026-06-29,6251.32,4596.32,Approved,18.0,False
CLM004822,POL975972,36,MA,Home,Fire,2026-05-06,2026-05-11,10009.08,8212.53,Approved,27.0,False
CLM004823,POL701637,54,NY,Life,Life Benefit,2026-02-01,2026-02-01,33010.4,31464.62,Approved,25.0,False
CLM004824,POL908654,27,MI,Auto,Weather Damage,2026-08-04,2026-08-07,8273.21,0.0,Denied,23.0,False
CLM004825,POL863923,50,PA,Life,Life Benefit,2026-05-09,2026-05-12,31261.73,25418.08,Approved,16.0,False
CLM004826,POL380582,63,OH,Auto,Weather Damage,2025-11-13,2025-11-15,15954.69,11252.53,Approved,10.0,False
CLM004827,POL853024,71,OH,Life,Life Benefit,2026-04-05,2026-04-05,19824.1,0.0,Pending,,False
CLM004828,POL872377,55,PA,Home,Fire,2025-12-29,2025-12-30,22502.0,17315.59,Approved,13.0,False
CLM004829,POL417450,55,IL,Life,Life Benefit,2026-08-09,2026-08-15,38913.22,38373.41,Approved,22.0,False
CLM004830,POL508095,24,MD,Auto,Theft,2025-12-03,2025-12-07,31459.86,28977.74,Approved,5.0,False
CLM004831,POL216749,40,OH,Home,Water Damage,2026-02-10,2026-02-17,22226.24,0.0,Denied,26.0,False
CLM004832,POL462142,59,IL,Renters,Property Damage,2026-08-07,2026-08-08,4205.82,0.0,Denied,3.0,False
CLM004833,POL295626,57,NY,Renters,Fire,2025-12-10,2025-12-17,29098.08,0.0,Pending,,False
CLM004834,POL375583,77,MD,Auto,Glass Damage,2026-05-12,2026-05-12,2284.94,1897.36,Approved,12.0,False
CLM004835,POL882950,81,OH,Home,Theft,2026-08-25,2026-08-26,18863.11,16507.78,Approved,27.0,False
CLM004836,POL505153,40,PA,Home,Fire,2026-05-11,2026-05-15,25702.38,23258.89,Approved,27.0,False
CLM004837,POL522746,79,MA,Auto,Glass Damage,2026-08-28,2026-08-28,48689.0,39621.36,Approved,10.0,False
CLM004838,POL939804,65,IL,Renters,Water Damage,2026-07-04,2026-07-09,25393.08,23518.31,Approved,23.0,True
CLM004839,POL558730,70,MI,Renters,Property Damage,2026-01-18,2026-01-20,15588.8,0.0,Denied,21.0,False
CLM004840,POL324520,27,MD,Home,Property Damage,2025-11-15,2025-11-20,19793.59,0.0,Pending,,False
CLM004841,POL929581,72,VA,Life,Life Benefit,2026-05-10,2026-05-15,24968.22,20773.1,Approved,12.0,False
CLM004842,POL451455,80,MA,Renters,Water Damage,2026-03-10,2026-03-16,19373.54,17603.58,Approved,15.0,False
CLM004843,POL990778,62,MI,Auto,Glass Damage,2025-09-25,2025-09-30,38100.64,0.0,Pending,,False
CLM004844,POL413043,58,IL,Auto,Glass Damage,2026-08-14,2026-08-17,9533.68,8400.26,Approved,19.0,False
CLM004845,POL920497,75,VA,Life,Life Benefit,2026-04-18,2026-04-23,12260.0,9323.84,Approved,9.0,False
CLM004846,POL876888,64,CT,Renters,Fire,2026-01-18,2026-01-20,49535.45,0.0,Denied,22.0,True
CLM004847,POL683930,52,CT,Home,Property Damage,2026-07-15,2026-07-19,18330.39,14826.98,Approved,2.0,False
CLM004848,POL677243,71,IL,Home,Fire,2026-06-08,2026-06-13,26531.67,23578.0,Approved,21.0,False
CLM004849,POL636948,36,OH,Renters,Water Damage,2026-06-04,2026-06-09,13181.68,9776.47,Approved,6.0,True
CLM004850,POL836310,74,IL,Renters,Theft,2026-08-24,2026-08-30,33018.73,24367.93,Approved,15.0,False
CLM004851,POL129424,48,CT,Home,Fire,2025-11-20,2025-11-20,9221.48,8547.91,Approved,20.0,False
CLM004852,POL418383,77,NY,Auto,Collision,2025-12-09,2025-12-13,34804.67,0.0,Denied,45.0,False
CLM004853,POL552166,47,NY,Home,Theft,2026-02-13,2026-02-13,14129.04,10591.97,Approved,29.0,False
CLM004854,POL885953,25,MD,Home,Property Damage,2026-06-01,2026-06-05,5216.14,4229.42,Approved,11.0,False
CLM004855,POL902338,34,NJ,Auto,Weather Damage,2026-01-10,2026-01-13,41704.7,36022.09,Approved,17.0,False
CLM004856,POL872528,34,MI,Renters,Water Damage,2026-01-27,2026-01-29,23148.23,22324.15,Approved,10.0,False
CLM004857,POL842805,57,VA,Auto,Weather Damage,2026-02-17,2026-02-17,23764.8,19609.94,Approved,26.0,False
CLM004858,POL986767,67,NJ,Life,Life Benefit,2025-09-17,2025-09-20,6708.12,0.0,Pending,,False
CLM004859,POL991271,19,OH,Renters,Property Damage,2026-06-14,2026-06-20,36663.78,30084.41,Approved,27.0,False
CLM004860,POL784690,75,OH,Renters,Fire,2026-04-08,2026-04-09,30023.54,0.0,Denied,19.0,True
CLM004861,POL767789,33,PA,Renters,Water Damage,2026-08-31,2026-09-01,23254.29,0.0,Pending,,False
CLM004862,POL363971,59,OH,Renters,Theft,2026-02-24,2026-02-28,2351.96,1717.73,Approved,6.0,False
CLM004863,POL808459,48,NJ,Home,Fire,2026-03-18,2026-03-21,2081.1,1735.73,Approved,28.0,False
CLM004864,POL754367,79,IL,Life,Life Benefit,2025-10-25,2025-11-01,25639.37,0.0,Denied,13.0,False
CLM004865,POL936185,56,MI,Life,Life Benefit,2026-09-12,2026-09-13,36525.14,0.0,Denied,9.0,False
CLM004866,POL793115,45,MI,Auto,Weather Damage,2026-05-08,2026-05-10,44262.42,0.0,Denied,10.0,False
CLM004867,POL428738,83,IL,Renters,Property Damage,2026-03-29,2026-03-30,24423.38,0.0,Pending,,False
CLM004868,POL565647,66,PA,Auto,Glass Damage,2026-03-05,2026-03-07,49452.84,0.0,Denied,30.0,False
CLM004869,POL191467,70,PA,Auto,Theft,2026-06-27,2026-07-04,2268.44,1595.52,Approved,2.0,False
CLM004870,POL151208,78,IL,Life,Life Benefit,2025-11-04,2025-11-10,29521.64,29516.27,Approved,22.0,True
CLM004871,POL508050,63,CT,Renters,Theft,2026-03-27,2026-03-28,989.61,853.73,Approved,2.0,False
CLM004872,POL254714,42,OH,Life,Life Benefit,2025-10-27,2025-10-27,40207.2,0.0,Pending,,False
CLM004873,POL142232,21,OH,Home,Property Damage,2026-03-29,2026-04-04,45948.28,33216.19,Approved,28.0,False
CLM004874,POL187486,45,MA,Auto,Weather Damage,2026-04-06,2026-04-09,3800.22,0.0,Pending,,False
CLM004875,POL471819,54,CT,Auto,Weather Damage,2026-05-01,2026-05-07,2931.18,2705.03,Approved,20.0,True
CLM004876,POL828310,52,MD,Home,Fire,2026-03-04,2026-03-07,32544.53,0.0,Denied,34.0,False
CLM004877,POL769975,68,OH,Home,Property Damage,2026-09-12,2026-09-14,5881.46,5264.9,Approved,11.0,False
CLM004878,POL498333,83,CT,Life,Life Benefit,2025-11-13,2025-11-16,16468.35,15819.38,Approved,20.0,False
CLM004879,POL294289,79,OH,Auto,Glass Damage,2026-06-16,2026-06-21,11991.57,10956.86,Approved,8.0,False
CLM004880,POL156331,62,MD,Life,Life Benefit,2026-01-28,2026-02-03,42838.12,39785.9,Approved,20.0,False
CLM004881,POL781051,50,NY,Auto,Glass Damage,2026-06-25,2026-06-29,6242.02,4546.43,Approved,13.0,False
CLM004882,POL695597,43,NJ,Life,Life Benefit,2025-11-08,2025-11-11,41250.09,31879.86,Approved,19.0,False
CLM004883,POL190406,20,MA,Auto,Weather Damage,2025-11-01,2025-11-03,13955.84,12252.81,Approved,15.0,False
CLM004884,POL270172,30,PA,Home,Property Damage,2026-01-14,2026-01-21,26061.75,20969.38,Approved,2.0,False
CLM004885,POL539620,49,MI,Renters,Property Damage,2026-08-29,2026-09-04,25772.1,0.0,Denied,43.0,False
CLM004886,POL762703,23,NJ,Home,Property Damage,2025-10-18,2025-10-22,40771.36,30973.08,Approved,27.0,False
CLM004887,POL516271,29,MI,Renters,Fire,2026-05-18,2026-05-21,6514.41,0.0,Pending,,False
CLM004888,POL317571,30,NY,Home,Property Damage,2026-05-27,2026-06-02,4172.64,3885.54,Approved,15.0,False
CLM004889,POL454230,34,MI,Renters,Fire,2025-12-11,2025-12-14,11475.31,0.0,Denied,26.0,True
CLM004890,POL835906,21,OH,Renters,Property Damage,2026-01-12,2026-01-15,5314.26,4341.57,Approved,24.0,False
CLM004891,POL410522,49,MI,Life,Life Benefit,2026-07-31,2026-08-02,24459.28,18161.94,Approved,19.0,False
CLM004892,POL934462,56,PA,Renters,Fire,2026-03-30,2026-03-31,34630.27,0.0,Denied,36.0,False
CLM004893,POL637289,70,VA,Home,Property Damage,2026-04-04,2026-04-09,7850.77,6350.81,Approved,10.0,False
CLM004894,POL282304,71,CT,Auto,Weather Damage,2026-03-05,2026-03-09,14434.43,14065.98,Approved,5.0,False
CLM004895,POL589596,41,MA,Home,Water Damage,2026-03-03,2026-03-04,30798.12,21829.14,Approved,9.0,False
CLM004896,POL658888,53,OH,Home,Fire,2026-04-09,2026-04-10,9851.55,0.0,Denied,36.0,False
CLM004897,POL164386,24,MA,Renters,Water Damage,2025-10-22,2025-10-26,33786.65,33573.97,Approved,24.0,False
CLM004898,POL280656,37,MA,Life,Life Benefit,2026-01-12,2026-01-16,32417.67,27266.4,Approved,18.0,False
CLM004899,POL344665,60,PA,Renters,Fire,2026-06-21,2026-06-23,10135.59,9897.61,Approved,9.0,False
CLM004900,POL162826,44,MD,Life,Life Benefit,2025-10-12,2025-10-17,44767.48,36906.53,Approved,9.0,False
CLM004901,POL806524,84,MA,Life,Life Benefit,2026-03-10,2026-03-12,18084.19,15629.19,Approved,19.0,False
CLM004902,POL453575,81,MD,Life,Life Benefit,2025-09-21,2025-09-23,29462.45,0.0,Denied,4.0,False
CLM004903,POL473302,38,IL,Renters,Water Damage,2026-05-21,2026-05-21,12881.78,10988.74,Approved,23.0,False
CLM004904,POL493088,42,IL,Home,Water Damage,2026-09-01,2026-09-02,16033.13,12512.19,Approved,16.0,False
CLM004905,POL613257,58,PA,Renters,Fire,2026-03-06,2026-03-09,20678.91,14967.02,Approved,5.0,False
CLM004906,POL891071,22,CT,Renters,Water Damage,2026-07-30,2026-08-04,45568.49,38187.41,Approved,24.0,True
CLM004907,POL857830,49,OH,Home,Property Damage,2026-04-11,2026-04-13,36479.56,27968.91,Approved,20.0,False
CLM004908,POL537321,40,MD,Renters,Fire,2025-09-18,2025-09-25,27920.58,0.0,Denied,26.0,False
CLM004909,POL591276,80,NJ,Home,Fire,2026-08-03,2026-08-10,31953.72,0.0,Denied,33.0,False
CLM004910,POL780101,75,MA,Renters,Theft,2025-12-16,2025-12-20,23340.06,0.0,Denied,16.0,False
CLM004911,POL595087,37,PA,Home,Theft,2026-05-16,2026-05-17,41804.78,35247.78,Approved,2.0,True
CLM004912,POL928763,84,VA,Renters,Property Damage,2025-10-28,2025-11-03,10887.43,10350.82,Approved,17.0,False
CLM004913,POL569688,50,MD,Auto,Weather Damage,2026-05-16,2026-05-17,39682.98,38855.88,Approved,19.0,False
CLM004914,POL536340,45,MA,Renters,Fire,2025-10-01,2025-10-08,8444.08,6156.17,Approved,28.0,False
CLM004915,POL683537,57,NY,Auto,Glass Damage,2025-11-01,2025-11-04,28921.55,0.0,Pending,,False
CLM004916,POL399329,29,MI,Life,Life Benefit,2026-04-13,2026-04-19,32003.55,31711.36,Approved,12.0,False
CLM004917,POL423708,70,VA,Auto,Theft,2025-10-04,2025-10-06,41376.07,0.0,Denied,14.0,False
CLM004918,POL544221,53,NJ,Auto,Collision,2026-06-14,2026-06-18,15379.43,15127.81,Approved,9.0,False
CLM004919,POL104201,39,MD,Auto,Weather Damage,2026-05-20,2026-05-23,38197.78,35734.36,Approved,13.0,False
CLM004920,POL839084,81,VA,Life,Life Benefit,2025-11-26,2025-12-02,16623.37,14088.42,Approved,22.0,False
CLM004921,POL460616,37,CT,Home,Water Damage,2025-10-02,2025-10-04,23889.72,17172.69,Approved,8.0,False
CLM004922,POL194558,62,VA,Auto,Theft,2026-06-14,2026-06-14,16655.29,12425.14,Approved,13.0,False
CLM004923,POL840570,39,OH,Auto,Theft,2025-09-14,2025-09-16,22038.14,20112.03,Approved,19.0,False
CLM004924,POL800797,53,NY,Auto,Collision,2026-05-16,2026-05-20,45133.49,42313.22,Approved,14.0,False
CLM004925,POL648110,71,PA,Life,Life Benefit,2025-12-11,2025-12-16,47945.82,39295.93,Approved,12.0,False
CLM004926,POL875466,21,PA,Auto,Theft,2026-01-20,2026-01-27,1692.63,1405.87,Approved,10.0,True
CLM004927,POL899765,81,VA,Home,Fire,2026-07-09,2026-07-14,47147.07,0.0,Denied,15.0,False
CLM004928,POL831008,47,IL,Home,Theft,2025-09-22,2025-09-23,3326.74,2360.78,Approved,29.0,False
CLM004929,POL246646,56,MA,Renters,Theft,2026-02-28,2026-03-01,39480.06,0.0,Denied,33.0,False
CLM004930,POL452776,72,MD,Life,Life Benefit,2026-03-12,2026-03-12,40329.93,37979.47,Approved,25.0,False
CLM004931,POL509001,80,NY,Auto,Theft,2026-04-21,2026-04-23,48361.76,0.0,Denied,43.0,False
CLM004932,POL905867,73,NJ,Life,Life Benefit,2026-07-28,2026-07-30,34757.95,0.0,Denied,44.0,False
CLM004933,POL810716,81,CT,Life,Life Benefit,2026-01-11,2026-01-13,27975.11,21709.2,Approved,19.0,False
CLM004934,POL284510,28,MI,Renters,Fire,2025-12-16,2025-12-21,41026.89,30796.83,Approved,12.0,True
CLM004935,POL464506,20,OH,Renters,Water Damage,2025-09-19,2025-09-21,24735.79,24365.24,Approved,10.0,False
CLM004936,POL276343,28,MI,Renters,Property Damage,2025-10-09,2025-10-10,21271.32,17640.66,Approved,3.0,True
CLM004937,POL400958,52,IL,Life,Life Benefit,2026-04-20,2026-04-20,12781.66,10067.69,Approved,29.0,False
CLM004938,POL835028,45,IL,Life,Life Benefit,2025-12-05,2025-12-05,16477.22,13854.45,Approved,22.0,False
CLM004939,POL473589,70,MI,Renters,Fire,2025-11-15,2025-11-22,8864.94,7490.56,Approved,25.0,False
CLM004940,POL590583,66,PA,Renters,Theft,2026-05-22,2026-05-26,8692.64,6632.8,Approved,26.0,True
CLM004941,POL711012,28,NJ,Home,Fire,2025-10-18,2025-10-20,47934.42,0.0,Denied,15.0,False
CLM004942,POL825363,22,PA,Auto,Weather Damage,2026-05-08,2026-05-08,13387.96,0.0,Denied,11.0,False
CLM004943,POL793422,83,MA,Life,Life Benefit,2026-05-08,2026-05-14,25636.35,20038.69,Approved,20.0,False
CLM004944,POL296618,18,PA,Life,Life Benefit,2026-04-17,2026-04-23,20553.15,19064.98,Approved,19.0,False
CLM004945,POL818546,70,NJ,Auto,Theft,2026-01-06,2026-01-11,39690.98,0.0,Denied,38.0,True
CLM004946,POL444160,38,MA,Renters,Water Damage,2025-10-22,2025-10-22,20663.02,19009.4,Approved,25.0,False
CLM004947,POL214891,30,NJ,Renters,Property Damage,2026-02-10,2026-02-16,40508.02,38276.04,Approved,26.0,False
CLM004948,POL884350,20,CT,Auto,Glass Damage,2026-02-20,2026-02-24,10035.18,7580.65,Approved,12.0,False
CLM004949,POL658546,53,MA,Renters,Water Damage,2026-04-21,2026-04-23,9389.5,0.0,Pending,,False
CLM004950,POL146143,46,MA,Renters,Property Damage,2026-01-25,2026-01-28,1271.12,0.0,Denied,40.0,True
CLM004951,POL295696,76,MD,Auto,Glass Damage,2026-05-24,2026-05-25,36935.78,33455.9,Approved,20.0,False
CLM004952,POL342041,59,MA,Life,Life Benefit,2025-12-12,2025-12-12,33210.72,27062.44,Approved,7.0,False
CLM004953,POL942169,69,MA,Home,Property Damage,2026-02-25,2026-02-26,45785.26,36864.21,Approved,26.0,True
CLM004954,POL129833,64,MA,Life,Life Benefit,2025-10-26,2025-10-26,39842.22,37230.16,Approved,28.0,False
CLM004955,POL479418,32,OH,Life,Life Benefit,2026-02-18,2026-02-19,35345.11,0.0,Denied,42.0,False
CLM004956,POL867112,19,VA,Home,Theft,2026-02-20,2026-02-20,36536.35,34374.02,Approved,28.0,True
CLM004957,POL286445,57,OH,Home,Fire,2026-02-28,2026-03-07,16458.9,15329.71,Approved,17.0,True
CLM004958,POL583701,25,PA,Life,Life Benefit,2026-04-04,2026-04-04,10036.24,0.0,Pending,,False
CLM004959,POL501000,63,VA,Life,Life Benefit,2025-11-30,2025-12-07,10266.33,0.0,Pending,,False
CLM004960,POL782216,38,IL,Home,Theft,2026-06-06,2026-06-10,28589.53,27622.2,Approved,6.0,False
CLM004961,POL806295,33,OH,Renters,Fire,2026-06-23,2026-06-29,24872.74,0.0,Denied,37.0,False
CLM004962,POL368532,47,VA,Auto,Collision,2026-03-21,2026-03-24,34369.36,0.0,Denied,7.0,False
CLM004963,POL793103,31,NY,Home,Fire,2026-06-11,2026-06-16,1626.59,0.0,Denied,4.0,False
CLM004964,POL552064,25,MA,Life,Life Benefit,2026-08-27,2026-08-27,24609.62,19704.56,Approved,30.0,False
CLM004965,POL241165,80,CT,Auto,Weather Damage,2026-01-04,2026-01-11,42750.15,42273.76,Approved,29.0,False
CLM004966,POL241396,72,NJ,Life,Life Benefit,2026-06-07,2026-06-09,15557.44,0.0,Pending,,False
CLM004967,POL394037,40,MA,Life,Life Benefit,2026-05-15,2026-05-20,37410.41,0.0,Denied,6.0,False
CLM004968,POL683932,34,NY,Life,Life Benefit,2025-11-15,2025-11-18,5412.27,4889.63,Approved,13.0,False
CLM004969,POL692609,23,NY,Auto,Weather Damage,2026-09-11,2026-09-11,43232.45,39710.11,Approved,7.0,False
CLM004970,POL880001,25,VA,Life,Life Benefit,2025-10-28,2025-11-04,39135.77,34943.99,Approved,21.0,False
CLM004971,POL533083,18,PA,Home,Theft,2025-12-21,2025-12-23,48810.97,38043.04,Approved,8.0,False
CLM004972,POL717404,30,IL,Home,Property Damage,2025-10-25,2025-10-25,21919.95,17774.27,Approved,26.0,False
CLM004973,POL641278,77,IL,Renters,Water Damage,2025-11-30,2025-12-03,41799.42,36013.15,Approved,6.0,False
CLM004974,POL292928,70,CT,Home,Fire,2026-04-01,2026-04-05,43855.59,34262.21,Approved,4.0,False
CLM004975,POL512546,68,IL,Auto,Glass Damage,2026-06-15,2026-06-17,28118.07,24905.35,Approved,2.0,False
CLM004976,POL108975,72,IL,Renters,Water Damage,2025-10-14,2025-10-20,6662.42,6659.63,Approved,12.0,False
CLM004977,POL699990,72,CT,Home,Water Damage,2026-08-26,2026-09-01,15964.98,0.0,Pending,,False
CLM004978,POL367165,62,PA,Auto,Collision,2026-07-04,2026-07-04,7345.77,6155.17,Approved,23.0,False
CLM004979,POL131990,62,MI,Renters,Property Damage,2025-10-22,2025-10-23,31741.17,0.0,Denied,13.0,False
CLM004980,POL940998,36,NJ,Auto,Theft,2026-02-24,2026-02-26,20090.86,0.0,Denied,37.0,False
CLM004981,POL614549,46,NJ,Auto,Glass Damage,2025-11-16,2025-11-22,9641.53,7750.36,Approved,30.0,False
CLM004982,POL498167,58,CT,Auto,Glass Damage,2026-03-19,2026-03-23,41453.11,41047.6,Approved,30.0,False
CLM004983,POL954806,78,MA,Home,Water Damage,2026-05-01,2026-05-02,47154.5,0.0,Pending,,False
CLM004984,POL202301,48,OH,Life,Life Benefit,2025-12-16,2025-12-19,9757.06,9385.65,Approved,28.0,False
CLM004985,POL862403,80,NY,Home,Property Damage,2026-02-18,2026-02-23,22617.6,21820.22,Approved,25.0,False
CLM004986,POL613434,39,VA,Life,Life Benefit,2026-09-08,2026-09-13,18071.04,15872.11,Approved,10.0,False
CLM004987,POL292173,67,OH,Life,Life Benefit,2026-06-11,2026-06-14,25841.97,0.0,Denied,12.0,False
CLM004988,POL338971,49,NJ,Life,Life Benefit,2026-02-21,2026-02-25,26836.02,0.0,Denied,38.0,False
CLM004989,POL672468,46,VA,Auto,Collision,2025-12-03,2025-12-07,14473.27,11182.23,Approved,9.0,False
CLM004990,POL546404,68,MD,Home,Fire,2026-05-03,2026-05-08,47116.23,46433.77,Approved,26.0,False
CLM004991,POL812812,28,IL,Auto,Collision,2026-08-29,2026-09-03,31410.36,26172.01,Approved,30.0,False
CLM004992,POL484946,58,IL,Life,Life Benefit,2026-01-01,2026-01-01,16474.69,0.0,Pending,,False
CLM004993,POL348999,24,MD,Auto,Collision,2025-10-05,2025-10-12,26364.03,0.0,Denied,13.0,False
CLM004994,POL995824,35,MD,Life,Life Benefit,2026-02-18,2026-02-20,8255.89,7017.46,Approved,15.0,False
CLM004995,POL873625,18,IL,Life,Life Benefit,2025-10-12,2025-10-18,43909.59,0.0,Denied,22.0,False
CLM004996,POL932770,40,NJ,Renters,Property Damage,2026-05-12,2026-05-19,5739.17,4399.81,Approved,13.0,False
CLM004997,POL849863,43,NY,Home,Property Damage,2025-09-21,2025-09-21,9527.05,7493.25,Approved,30.0,True
CLM004998,POL193292,83,MI,Auto,Glass Damage,2026-03-16,2026-03-16,10905.18,10729.46,Approved,10.0,False
CLM004999,POL581201,24,NY,Life,Life Benefit,2025-10-21,2025-10-25,19935.69,18775.18,Approved,21.0,False
CLM005000,POL984966,20,VA,Life,Life Benefit,2026-04-27,2026-05-01,15735.35,13679.27,Approved,9.0,False
